/home/vinicius/git/pi2-univesp-imoveis/backend/src/AppImoveis.Infrastructure/AppImoveis.Infrastructure.csproj : warning NU1903: O pacote 'System.Security.Cryptography.Xml' 9.0.0 tem uma alta vulnerabilidade de gravidade conhecida, https://github.com/advisories/GHSA-23rf-6693-g89p [/home/vinicius/git/pi2-univesp-imoveis/backend/src/AppImoveis.Api/AppImoveis.Api.csproj]
/home/vinicius/git/pi2-univesp-imoveis/backend/src/AppImoveis.Infrastructure/AppImoveis.Infrastructure.csproj : warning NU1903: O pacote 'System.Security.Cryptography.Xml' 9.0.0 tem uma alta vulnerabilidade de gravidade conhecida, https://github.com/advisories/GHSA-37gx-xxp4-5rgx [/home/vinicius/git/pi2-univesp-imoveis/backend/src/AppImoveis.Api/AppImoveis.Api.csproj]
/home/vinicius/git/pi2-univesp-imoveis/backend/src/AppImoveis.Infrastructure/AppImoveis.Infrastructure.csproj : warning NU1903: O pacote 'System.Security.Cryptography.Xml' 9.0.0 tem uma alta vulnerabilidade de gravidade conhecida, https://github.com/advisories/GHSA-6588-8gv4-xfgh [/home/vinicius/git/pi2-univesp-imoveis/backend/src/AppImoveis.Api/AppImoveis.Api.csproj]
/home/vinicius/git/pi2-univesp-imoveis/backend/src/AppImoveis.Infrastructure/AppImoveis.Infrastructure.csproj : warning NU1903: O pacote 'System.Security.Cryptography.Xml' 9.0.0 tem uma alta vulnerabilidade de gravidade conhecida, https://github.com/advisories/GHSA-8q5v-6pqq-x66h [/home/vinicius/git/pi2-univesp-imoveis/backend/src/AppImoveis.Api/AppImoveis.Api.csproj]
/home/vinicius/git/pi2-univesp-imoveis/backend/src/AppImoveis.Infrastructure/AppImoveis.Infrastructure.csproj : warning NU1903: O pacote 'System.Security.Cryptography.Xml' 9.0.0 tem uma alta vulnerabilidade de gravidade conhecida, https://github.com/advisories/GHSA-cvvh-rhrc-wg4q [/home/vinicius/git/pi2-univesp-imoveis/backend/src/AppImoveis.Api/AppImoveis.Api.csproj]
/home/vinicius/git/pi2-univesp-imoveis/backend/src/AppImoveis.Infrastructure/AppImoveis.Infrastructure.csproj : warning NU1903: O pacote 'System.Security.Cryptography.Xml' 9.0.0 tem uma alta vulnerabilidade de gravidade conhecida, https://github.com/advisories/GHSA-g8r8-53c2-pm3f [/home/vinicius/git/pi2-univesp-imoveis/backend/src/AppImoveis.Api/AppImoveis.Api.csproj]
/home/vinicius/git/pi2-univesp-imoveis/backend/src/AppImoveis.Infrastructure/AppImoveis.Infrastructure.csproj : warning NU1903: O pacote 'System.Security.Cryptography.Xml' 9.0.0 tem uma alta vulnerabilidade de gravidade conhecida, https://github.com/advisories/GHSA-mmjf-rqrv-855v [/home/vinicius/git/pi2-univesp-imoveis/backend/src/AppImoveis.Api/AppImoveis.Api.csproj]
/home/vinicius/git/pi2-univesp-imoveis/backend/src/AppImoveis.Infrastructure/AppImoveis.Infrastructure.csproj : warning NU1903: O pacote 'System.Security.Cryptography.Xml' 9.0.0 tem uma alta vulnerabilidade de gravidade conhecida, https://github.com/advisories/GHSA-w3x6-4m5h-cxqf [/home/vinicius/git/pi2-univesp-imoveis/backend/src/AppImoveis.Api/AppImoveis.Api.csproj]
/home/vinicius/git/pi2-univesp-imoveis/backend/src/AppImoveis.Infrastructure/AppImoveis.Infrastructure.csproj : warning NU1903: O pacote 'System.Security.Cryptography.Xml' 9.0.0 tem uma alta vulnerabilidade de gravidade conhecida, https://github.com/advisories/GHSA-23rf-6693-g89p
/home/vinicius/git/pi2-univesp-imoveis/backend/src/AppImoveis.Infrastructure/AppImoveis.Infrastructure.csproj : warning NU1903: O pacote 'System.Security.Cryptography.Xml' 9.0.0 tem uma alta vulnerabilidade de gravidade conhecida, https://github.com/advisories/GHSA-37gx-xxp4-5rgx
/home/vinicius/git/pi2-univesp-imoveis/backend/src/AppImoveis.Infrastructure/AppImoveis.Infrastructure.csproj : warning NU1903: O pacote 'System.Security.Cryptography.Xml' 9.0.0 tem uma alta vulnerabilidade de gravidade conhecida, https://github.com/advisories/GHSA-6588-8gv4-xfgh
/home/vinicius/git/pi2-univesp-imoveis/backend/src/AppImoveis.Infrastructure/AppImoveis.Infrastructure.csproj : warning NU1903: O pacote 'System.Security.Cryptography.Xml' 9.0.0 tem uma alta vulnerabilidade de gravidade conhecida, https://github.com/advisories/GHSA-8q5v-6pqq-x66h
/home/vinicius/git/pi2-univesp-imoveis/backend/src/AppImoveis.Infrastructure/AppImoveis.Infrastructure.csproj : warning NU1903: O pacote 'System.Security.Cryptography.Xml' 9.0.0 tem uma alta vulnerabilidade de gravidade conhecida, https://github.com/advisories/GHSA-cvvh-rhrc-wg4q
/home/vinicius/git/pi2-univesp-imoveis/backend/src/AppImoveis.Infrastructure/AppImoveis.Infrastructure.csproj : warning NU1903: O pacote 'System.Security.Cryptography.Xml' 9.0.0 tem uma alta vulnerabilidade de gravidade conhecida, https://github.com/advisories/GHSA-g8r8-53c2-pm3f
/home/vinicius/git/pi2-univesp-imoveis/backend/src/AppImoveis.Infrastructure/AppImoveis.Infrastructure.csproj : warning NU1903: O pacote 'System.Security.Cryptography.Xml' 9.0.0 tem uma alta vulnerabilidade de gravidade conhecida, https://github.com/advisories/GHSA-mmjf-rqrv-855v
/home/vinicius/git/pi2-univesp-imoveis/backend/src/AppImoveis.Infrastructure/AppImoveis.Infrastructure.csproj : warning NU1903: O pacote 'System.Security.Cryptography.Xml' 9.0.0 tem uma alta vulnerabilidade de gravidade conhecida, https://github.com/advisories/GHSA-w3x6-4m5h-cxqf
info: Microsoft.EntityFrameworkCore.Database.Command[20101]
      Executed DbCommand (3,515ms) [Parameters=[], CommandType='Text', CommandTimeout='30']
      SELECT 1
info: Microsoft.EntityFrameworkCore.Database.Command[20101]
      Executed DbCommand (439ms) [Parameters=[], CommandType='Text', CommandTimeout='30']
      SELECT CASE WHEN COUNT(*) = 0 THEN FALSE ELSE TRUE END
      FROM pg_class AS cls
      JOIN pg_namespace AS ns ON ns.oid = cls.relnamespace
      WHERE
              cls.relkind IN ('r', 'v', 'm', 'f', 'p') AND
              ns.nspname NOT IN ('pg_catalog', 'information_schema') AND
              -- Exclude tables which are members of PG extensions
              NOT EXISTS (
                  SELECT 1 FROM pg_depend WHERE
                      classid=(
                          SELECT cls.oid
                          FROM pg_class AS cls
                                   JOIN pg_namespace AS ns ON ns.oid = cls.relnamespace
                          WHERE relname='pg_class' AND ns.nspname='pg_catalog'
                      ) AND
                      objid=cls.oid AND
                      deptype IN ('e', 'x')
              )
info: Microsoft.Hosting.Lifetime[14]
      Now listening on: http://localhost:5209
info: Microsoft.Hosting.Lifetime[0]
      Application started. Press Ctrl+C to shut down.
info: Microsoft.Hosting.Lifetime[0]
      Hosting environment: Production
info: Microsoft.Hosting.Lifetime[0]
      Content root path: /home/vinicius/git/pi2-univesp-imoveis/backend/src/AppImoveis.Api
info: Microsoft.AspNetCore.Hosting.Diagnostics[1]
      Request starting HTTP/1.1 GET http://localhost:5209/api/seguranca/distritos-proximos?ano=2025&atualizar=true - - -
info: Microsoft.AspNetCore.Cors.Infrastructure.CorsService[4]
      CORS policy execution successful.
info: Microsoft.AspNetCore.Routing.EndpointMiddleware[0]
      Executing endpoint 'HTTP: GET /api/seguranca/distritos-proximos'
info: System.Net.Http.HttpClient.SspSpCrimeService.LogicalHandler[100]
      Start processing HTTP request GET https://www.ssp.sp.gov.br/v1/Distritos/RecuperaDistritos
info: System.Net.Http.HttpClient.SspSpCrimeService.ClientHandler[100]
      Sending HTTP request GET https://www.ssp.sp.gov.br/v1/Distritos/RecuperaDistritos
info: System.Net.Http.HttpClient.SspSpCrimeService.ClientHandler[101]
      Received HTTP response headers after 80.6658ms - 200
info: System.Net.Http.HttpClient.SspSpCrimeService.LogicalHandler[101]
      End processing HTTP request after 91.116ms - 200
info: System.Net.Http.HttpClient.SspSpCrimeService.LogicalHandler[100]
      Start processing HTTP request GET https://www.ssp.sp.gov.br/v1/OcorrenciasMensais/RecuperaDadosMensaisAgrupados?*
info: System.Net.Http.HttpClient.SspSpCrimeService.ClientHandler[100]
      Sending HTTP request GET https://www.ssp.sp.gov.br/v1/OcorrenciasMensais/RecuperaDadosMensaisAgrupados?*
info: System.Net.Http.HttpClient.SspSpCrimeService.LogicalHandler[100]
      Start processing HTTP request GET https://www.ssp.sp.gov.br/v1/OcorrenciasMensais/RecuperaDadosMensaisAgrupados?*
info: System.Net.Http.HttpClient.SspSpCrimeService.ClientHandler[100]
      Sending HTTP request GET https://www.ssp.sp.gov.br/v1/OcorrenciasMensais/RecuperaDadosMensaisAgrupados?*
info: System.Net.Http.HttpClient.SspSpCrimeService.LogicalHandler[100]
      Start processing HTTP request GET https://www.ssp.sp.gov.br/v1/OcorrenciasMensais/RecuperaDadosMensaisAgrupados?*
info: System.Net.Http.HttpClient.SspSpCrimeService.ClientHandler[100]
      Sending HTTP request GET https://www.ssp.sp.gov.br/v1/OcorrenciasMensais/RecuperaDadosMensaisAgrupados?*
info: System.Net.Http.HttpClient.SspSpCrimeService.LogicalHandler[100]
      Start processing HTTP request GET https://www.ssp.sp.gov.br/v1/OcorrenciasMensais/RecuperaDadosMensaisAgrupados?*
info: System.Net.Http.HttpClient.SspSpCrimeService.ClientHandler[100]
      Sending HTTP request GET https://www.ssp.sp.gov.br/v1/OcorrenciasMensais/RecuperaDadosMensaisAgrupados?*
info: System.Net.Http.HttpClient.SspSpCrimeService.LogicalHandler[100]
      Start processing HTTP request GET https://www.ssp.sp.gov.br/v1/OcorrenciasMensais/RecuperaDadosMensaisAgrupados?*
info: System.Net.Http.HttpClient.SspSpCrimeService.ClientHandler[100]
      Sending HTTP request GET https://www.ssp.sp.gov.br/v1/OcorrenciasMensais/RecuperaDadosMensaisAgrupados?*
info: System.Net.Http.HttpClient.SspSpCrimeService.LogicalHandler[100]
      Start processing HTTP request GET https://www.ssp.sp.gov.br/v1/OcorrenciasMensais/RecuperaDadosMensaisAgrupados?*
info: System.Net.Http.HttpClient.SspSpCrimeService.ClientHandler[100]
      Sending HTTP request GET https://www.ssp.sp.gov.br/v1/OcorrenciasMensais/RecuperaDadosMensaisAgrupados?*
info: System.Net.Http.HttpClient.SspSpCrimeService.LogicalHandler[100]
      Start processing HTTP request GET https://www.ssp.sp.gov.br/v1/OcorrenciasMensais/RecuperaDadosMensaisAgrupados?*
info: System.Net.Http.HttpClient.SspSpCrimeService.ClientHandler[100]
      Sending HTTP request GET https://www.ssp.sp.gov.br/v1/OcorrenciasMensais/RecuperaDadosMensaisAgrupados?*
info: System.Net.Http.HttpClient.SspSpCrimeService.LogicalHandler[100]
      Start processing HTTP request GET https://www.ssp.sp.gov.br/v1/OcorrenciasMensais/RecuperaDadosMensaisAgrupados?*
info: System.Net.Http.HttpClient.SspSpCrimeService.ClientHandler[100]
      Sending HTTP request GET https://www.ssp.sp.gov.br/v1/OcorrenciasMensais/RecuperaDadosMensaisAgrupados?*
info: System.Net.Http.HttpClient.SspSpCrimeService.LogicalHandler[100]
      Start processing HTTP request GET https://www.ssp.sp.gov.br/v1/OcorrenciasMensais/RecuperaDadosMensaisAgrupados?*
info: System.Net.Http.HttpClient.SspSpCrimeService.ClientHandler[100]
      Sending HTTP request GET https://www.ssp.sp.gov.br/v1/OcorrenciasMensais/RecuperaDadosMensaisAgrupados?*
info: System.Net.Http.HttpClient.SspSpCrimeService.LogicalHandler[100]
      Start processing HTTP request GET https://www.ssp.sp.gov.br/v1/OcorrenciasMensais/RecuperaDadosMensaisAgrupados?*
info: System.Net.Http.HttpClient.SspSpCrimeService.ClientHandler[100]
      Sending HTTP request GET https://www.ssp.sp.gov.br/v1/OcorrenciasMensais/RecuperaDadosMensaisAgrupados?*
info: System.Net.Http.HttpClient.SspSpCrimeService.LogicalHandler[100]
      Start processing HTTP request GET https://www.ssp.sp.gov.br/v1/OcorrenciasMensais/RecuperaDadosMensaisAgrupados?*
info: System.Net.Http.HttpClient.SspSpCrimeService.ClientHandler[100]
      Sending HTTP request GET https://www.ssp.sp.gov.br/v1/OcorrenciasMensais/RecuperaDadosMensaisAgrupados?*
info: System.Net.Http.HttpClient.SspSpCrimeService.LogicalHandler[100]
      Start processing HTTP request GET https://www.ssp.sp.gov.br/v1/OcorrenciasMensais/RecuperaDadosMensaisAgrupados?*
info: System.Net.Http.HttpClient.SspSpCrimeService.ClientHandler[100]
      Sending HTTP request GET https://www.ssp.sp.gov.br/v1/OcorrenciasMensais/RecuperaDadosMensaisAgrupados?*
info: System.Net.Http.HttpClient.SspSpCrimeService.LogicalHandler[100]
      Start processing HTTP request GET https://www.ssp.sp.gov.br/v1/OcorrenciasMensais/RecuperaDadosMensaisAgrupados?*
info: System.Net.Http.HttpClient.SspSpCrimeService.ClientHandler[100]
      Sending HTTP request GET https://www.ssp.sp.gov.br/v1/OcorrenciasMensais/RecuperaDadosMensaisAgrupados?*
info: System.Net.Http.HttpClient.SspSpCrimeService.LogicalHandler[100]
      Start processing HTTP request GET https://www.ssp.sp.gov.br/v1/OcorrenciasMensais/RecuperaDadosMensaisAgrupados?*
info: System.Net.Http.HttpClient.SspSpCrimeService.ClientHandler[100]
      Sending HTTP request GET https://www.ssp.sp.gov.br/v1/OcorrenciasMensais/RecuperaDadosMensaisAgrupados?*
info: System.Net.Http.HttpClient.SspSpCrimeService.LogicalHandler[100]
      Start processing HTTP request GET https://www.ssp.sp.gov.br/v1/OcorrenciasMensais/RecuperaDadosMensaisAgrupados?*
info: System.Net.Http.HttpClient.SspSpCrimeService.ClientHandler[100]
      Sending HTTP request GET https://www.ssp.sp.gov.br/v1/OcorrenciasMensais/RecuperaDadosMensaisAgrupados?*
info: System.Net.Http.HttpClient.SspSpCrimeService.LogicalHandler[100]
      Start processing HTTP request GET https://www.ssp.sp.gov.br/v1/OcorrenciasMensais/RecuperaDadosMensaisAgrupados?*
info: System.Net.Http.HttpClient.SspSpCrimeService.ClientHandler[100]
      Sending HTTP request GET https://www.ssp.sp.gov.br/v1/OcorrenciasMensais/RecuperaDadosMensaisAgrupados?*
info: System.Net.Http.HttpClient.SspSpCrimeService.LogicalHandler[100]
      Start processing HTTP request GET https://www.ssp.sp.gov.br/v1/OcorrenciasMensais/RecuperaDadosMensaisAgrupados?*
info: System.Net.Http.HttpClient.SspSpCrimeService.ClientHandler[100]
      Sending HTTP request GET https://www.ssp.sp.gov.br/v1/OcorrenciasMensais/RecuperaDadosMensaisAgrupados?*
info: System.Net.Http.HttpClient.SspSpCrimeService.LogicalHandler[100]
      Start processing HTTP request GET https://www.ssp.sp.gov.br/v1/OcorrenciasMensais/RecuperaDadosMensaisAgrupados?*
info: System.Net.Http.HttpClient.SspSpCrimeService.ClientHandler[100]
      Sending HTTP request GET https://www.ssp.sp.gov.br/v1/OcorrenciasMensais/RecuperaDadosMensaisAgrupados?*
info: System.Net.Http.HttpClient.SspSpCrimeService.LogicalHandler[100]
      Start processing HTTP request GET https://www.ssp.sp.gov.br/v1/OcorrenciasMensais/RecuperaDadosMensaisAgrupados?*
info: System.Net.Http.HttpClient.SspSpCrimeService.ClientHandler[100]
      Sending HTTP request GET https://www.ssp.sp.gov.br/v1/OcorrenciasMensais/RecuperaDadosMensaisAgrupados?*
info: System.Net.Http.HttpClient.SspSpCrimeService.LogicalHandler[100]
      Start processing HTTP request GET https://www.ssp.sp.gov.br/v1/OcorrenciasMensais/RecuperaDadosMensaisAgrupados?*
info: System.Net.Http.HttpClient.SspSpCrimeService.ClientHandler[100]
      Sending HTTP request GET https://www.ssp.sp.gov.br/v1/OcorrenciasMensais/RecuperaDadosMensaisAgrupados?*
info: System.Net.Http.HttpClient.SspSpCrimeService.LogicalHandler[100]
      Start processing HTTP request GET https://www.ssp.sp.gov.br/v1/OcorrenciasMensais/RecuperaDadosMensaisAgrupados?*
info: System.Net.Http.HttpClient.SspSpCrimeService.ClientHandler[100]
      Sending HTTP request GET https://www.ssp.sp.gov.br/v1/OcorrenciasMensais/RecuperaDadosMensaisAgrupados?*
info: System.Net.Http.HttpClient.SspSpCrimeService.LogicalHandler[100]
      Start processing HTTP request GET https://www.ssp.sp.gov.br/v1/OcorrenciasMensais/RecuperaDadosMensaisAgrupados?*
info: System.Net.Http.HttpClient.SspSpCrimeService.ClientHandler[100]
      Sending HTTP request GET https://www.ssp.sp.gov.br/v1/OcorrenciasMensais/RecuperaDadosMensaisAgrupados?*
info: System.Net.Http.HttpClient.SspSpCrimeService.LogicalHandler[100]
      Start processing HTTP request GET https://www.ssp.sp.gov.br/v1/OcorrenciasMensais/RecuperaDadosMensaisAgrupados?*
info: System.Net.Http.HttpClient.SspSpCrimeService.ClientHandler[100]
      Sending HTTP request GET https://www.ssp.sp.gov.br/v1/OcorrenciasMensais/RecuperaDadosMensaisAgrupados?*
info: System.Net.Http.HttpClient.SspSpCrimeService.LogicalHandler[100]
      Start processing HTTP request GET https://www.ssp.sp.gov.br/v1/OcorrenciasMensais/RecuperaDadosMensaisAgrupados?*
info: System.Net.Http.HttpClient.SspSpCrimeService.ClientHandler[100]
      Sending HTTP request GET https://www.ssp.sp.gov.br/v1/OcorrenciasMensais/RecuperaDadosMensaisAgrupados?*
info: System.Net.Http.HttpClient.SspSpCrimeService.LogicalHandler[100]
      Start processing HTTP request GET https://www.ssp.sp.gov.br/v1/OcorrenciasMensais/RecuperaDadosMensaisAgrupados?*
info: System.Net.Http.HttpClient.SspSpCrimeService.ClientHandler[100]
      Sending HTTP request GET https://www.ssp.sp.gov.br/v1/OcorrenciasMensais/RecuperaDadosMensaisAgrupados?*
info: System.Net.Http.HttpClient.SspSpCrimeService.LogicalHandler[100]
      Start processing HTTP request GET https://www.ssp.sp.gov.br/v1/OcorrenciasMensais/RecuperaDadosMensaisAgrupados?*
info: System.Net.Http.HttpClient.SspSpCrimeService.ClientHandler[100]
      Sending HTTP request GET https://www.ssp.sp.gov.br/v1/OcorrenciasMensais/RecuperaDadosMensaisAgrupados?*
info: System.Net.Http.HttpClient.SspSpCrimeService.LogicalHandler[100]
      Start processing HTTP request GET https://www.ssp.sp.gov.br/v1/OcorrenciasMensais/RecuperaDadosMensaisAgrupados?*
info: System.Net.Http.HttpClient.SspSpCrimeService.ClientHandler[100]
      Sending HTTP request GET https://www.ssp.sp.gov.br/v1/OcorrenciasMensais/RecuperaDadosMensaisAgrupados?*
info: System.Net.Http.HttpClient.SspSpCrimeService.LogicalHandler[100]
      Start processing HTTP request GET https://www.ssp.sp.gov.br/v1/OcorrenciasMensais/RecuperaDadosMensaisAgrupados?*
info: System.Net.Http.HttpClient.SspSpCrimeService.ClientHandler[100]
      Sending HTTP request GET https://www.ssp.sp.gov.br/v1/OcorrenciasMensais/RecuperaDadosMensaisAgrupados?*
info: System.Net.Http.HttpClient.SspSpCrimeService.LogicalHandler[100]
      Start processing HTTP request GET https://www.ssp.sp.gov.br/v1/OcorrenciasMensais/RecuperaDadosMensaisAgrupados?*
info: System.Net.Http.HttpClient.SspSpCrimeService.ClientHandler[100]
      Sending HTTP request GET https://www.ssp.sp.gov.br/v1/OcorrenciasMensais/RecuperaDadosMensaisAgrupados?*
info: System.Net.Http.HttpClient.SspSpCrimeService.LogicalHandler[100]
      Start processing HTTP request GET https://www.ssp.sp.gov.br/v1/OcorrenciasMensais/RecuperaDadosMensaisAgrupados?*
info: System.Net.Http.HttpClient.SspSpCrimeService.ClientHandler[100]
      Sending HTTP request GET https://www.ssp.sp.gov.br/v1/OcorrenciasMensais/RecuperaDadosMensaisAgrupados?*
info: System.Net.Http.HttpClient.SspSpCrimeService.LogicalHandler[100]
      Start processing HTTP request GET https://www.ssp.sp.gov.br/v1/OcorrenciasMensais/RecuperaDadosMensaisAgrupados?*
info: System.Net.Http.HttpClient.SspSpCrimeService.ClientHandler[100]
      Sending HTTP request GET https://www.ssp.sp.gov.br/v1/OcorrenciasMensais/RecuperaDadosMensaisAgrupados?*
info: System.Net.Http.HttpClient.SspSpCrimeService.LogicalHandler[100]
      Start processing HTTP request GET https://www.ssp.sp.gov.br/v1/OcorrenciasMensais/RecuperaDadosMensaisAgrupados?*
info: System.Net.Http.HttpClient.SspSpCrimeService.ClientHandler[100]
      Sending HTTP request GET https://www.ssp.sp.gov.br/v1/OcorrenciasMensais/RecuperaDadosMensaisAgrupados?*
info: System.Net.Http.HttpClient.SspSpCrimeService.ClientHandler[101]
      Received HTTP response headers after 191.8472ms - 200
info: System.Net.Http.HttpClient.SspSpCrimeService.LogicalHandler[101]
      End processing HTTP request after 191.9035ms - 200
info: System.Net.Http.HttpClient.SspSpCrimeService.ClientHandler[101]
      Received HTTP response headers after 192.0526ms - 200
info: System.Net.Http.HttpClient.SspSpCrimeService.LogicalHandler[101]
      End processing HTTP request after 192.0746ms - 200
info: System.Net.Http.HttpClient.SspSpCrimeService.ClientHandler[101]
      Received HTTP response headers after 207.5428ms - 200
info: System.Net.Http.HttpClient.SspSpCrimeService.LogicalHandler[101]
      End processing HTTP request after 207.5691ms - 200
info: System.Net.Http.HttpClient.SspSpCrimeService.ClientHandler[101]
      Received HTTP response headers after 230.9982ms - 200
info: System.Net.Http.HttpClient.SspSpCrimeService.LogicalHandler[101]
      End processing HTTP request after 231.1534ms - 200
info: System.Net.Http.HttpClient.SspSpCrimeService.ClientHandler[101]
      Received HTTP response headers after 261.8328ms - 200
info: System.Net.Http.HttpClient.SspSpCrimeService.LogicalHandler[101]
      End processing HTTP request after 261.9132ms - 200
info: System.Net.Http.HttpClient.SspSpCrimeService.ClientHandler[101]
      Received HTTP response headers after 314.148ms - 200
info: System.Net.Http.HttpClient.SspSpCrimeService.LogicalHandler[101]
      End processing HTTP request after 314.2935ms - 200
info: System.Net.Http.HttpClient.SspSpCrimeService.ClientHandler[101]
      Received HTTP response headers after 314.2949ms - 200
info: System.Net.Http.HttpClient.SspSpCrimeService.LogicalHandler[101]
      End processing HTTP request after 314.4332ms - 200
info: System.Net.Http.HttpClient.SspSpCrimeService.ClientHandler[101]
      Received HTTP response headers after 408.3083ms - 200
info: System.Net.Http.HttpClient.SspSpCrimeService.LogicalHandler[101]
      End processing HTTP request after 408.3467ms - 200
info: System.Net.Http.HttpClient.SspSpCrimeService.ClientHandler[101]
      Received HTTP response headers after 602.3506ms - 200
info: System.Net.Http.HttpClient.SspSpCrimeService.LogicalHandler[101]
      End processing HTTP request after 602.446ms - 200
info: System.Net.Http.HttpClient.SspSpCrimeService.ClientHandler[101]
      Received HTTP response headers after 606.8977ms - 200
info: System.Net.Http.HttpClient.SspSpCrimeService.LogicalHandler[101]
      End processing HTTP request after 606.9378ms - 200
info: System.Net.Http.HttpClient.SspSpCrimeService.ClientHandler[101]
      Received HTTP response headers after 612.9003ms - 200
info: System.Net.Http.HttpClient.SspSpCrimeService.LogicalHandler[101]
      End processing HTTP request after 612.968ms - 200
info: System.Net.Http.HttpClient.SspSpCrimeService.ClientHandler[101]
      Received HTTP response headers after 632.3697ms - 200
info: System.Net.Http.HttpClient.SspSpCrimeService.LogicalHandler[101]
      End processing HTTP request after 632.4291ms - 200
info: System.Net.Http.HttpClient.SspSpCrimeService.ClientHandler[101]
      Received HTTP response headers after 635.1347ms - 200
info: System.Net.Http.HttpClient.SspSpCrimeService.LogicalHandler[101]
      End processing HTTP request after 635.1832ms - 200
info: System.Net.Http.HttpClient.SspSpCrimeService.ClientHandler[101]
      Received HTTP response headers after 656.0844ms - 200
info: System.Net.Http.HttpClient.SspSpCrimeService.LogicalHandler[101]
      End processing HTTP request after 656.1418ms - 200
info: System.Net.Http.HttpClient.SspSpCrimeService.ClientHandler[101]
      Received HTTP response headers after 714.8041ms - 200
info: System.Net.Http.HttpClient.SspSpCrimeService.LogicalHandler[101]
      End processing HTTP request after 714.8536ms - 200
info: System.Net.Http.HttpClient.SspSpCrimeService.ClientHandler[101]
      Received HTTP response headers after 715.3632ms - 200
info: System.Net.Http.HttpClient.SspSpCrimeService.LogicalHandler[101]
      End processing HTTP request after 715.3771ms - 200
info: System.Net.Http.HttpClient.SspSpCrimeService.ClientHandler[101]
      Received HTTP response headers after 719.2469ms - 200
info: System.Net.Http.HttpClient.SspSpCrimeService.LogicalHandler[101]
      End processing HTTP request after 719.2611ms - 200
info: System.Net.Http.HttpClient.SspSpCrimeService.ClientHandler[101]
      Received HTTP response headers after 769.1442ms - 200
info: System.Net.Http.HttpClient.SspSpCrimeService.LogicalHandler[101]
      End processing HTTP request after 769.1752ms - 200
info: System.Net.Http.HttpClient.SspSpCrimeService.ClientHandler[101]
      Received HTTP response headers after 771.0625ms - 200
info: System.Net.Http.HttpClient.SspSpCrimeService.LogicalHandler[101]
      End processing HTTP request after 771.1021ms - 200
info: System.Net.Http.HttpClient.SspSpCrimeService.ClientHandler[101]
      Received HTTP response headers after 1076.8195ms - 200
info: System.Net.Http.HttpClient.SspSpCrimeService.LogicalHandler[101]
      End processing HTTP request after 1076.8623ms - 200
info: System.Net.Http.HttpClient.SspSpCrimeService.ClientHandler[101]
      Received HTTP response headers after 1128.3864ms - 200
info: System.Net.Http.HttpClient.SspSpCrimeService.LogicalHandler[101]
      End processing HTTP request after 1128.4788ms - 200
info: System.Net.Http.HttpClient.SspSpCrimeService.ClientHandler[101]
      Received HTTP response headers after 1131.0033ms - 200
info: System.Net.Http.HttpClient.SspSpCrimeService.LogicalHandler[101]
      End processing HTTP request after 1131.0482ms - 200
info: System.Net.Http.HttpClient.SspSpCrimeService.ClientHandler[101]
      Received HTTP response headers after 1133.8743ms - 200
info: System.Net.Http.HttpClient.SspSpCrimeService.LogicalHandler[101]
      End processing HTTP request after 1133.9093ms - 200
info: System.Net.Http.HttpClient.SspSpCrimeService.ClientHandler[101]
      Received HTTP response headers after 1134.8897ms - 200
info: System.Net.Http.HttpClient.SspSpCrimeService.LogicalHandler[101]
      End processing HTTP request after 1134.9316ms - 200
info: System.Net.Http.HttpClient.SspSpCrimeService.ClientHandler[101]
      Received HTTP response headers after 1136.071ms - 200
info: System.Net.Http.HttpClient.SspSpCrimeService.LogicalHandler[101]
      End processing HTTP request after 1136.1014ms - 200
info: System.Net.Http.HttpClient.SspSpCrimeService.ClientHandler[101]
      Received HTTP response headers after 1138.3075ms - 200
info: System.Net.Http.HttpClient.SspSpCrimeService.LogicalHandler[101]
      End processing HTTP request after 1138.326ms - 200
info: System.Net.Http.HttpClient.SspSpCrimeService.ClientHandler[101]
      Received HTTP response headers after 1199.8081ms - 200
info: System.Net.Http.HttpClient.SspSpCrimeService.LogicalHandler[101]
      End processing HTTP request after 1199.8605ms - 200
info: System.Net.Http.HttpClient.SspSpCrimeService.ClientHandler[101]
      Received HTTP response headers after 1201.9959ms - 200
info: System.Net.Http.HttpClient.SspSpCrimeService.LogicalHandler[101]
      End processing HTTP request after 1202.0485ms - 200
info: System.Net.Http.HttpClient.SspSpCrimeService.ClientHandler[101]
      Received HTTP response headers after 1201.7862ms - 200
info: System.Net.Http.HttpClient.SspSpCrimeService.LogicalHandler[101]
      End processing HTTP request after 1201.8051ms - 200
info: System.Net.Http.HttpClient.SspSpCrimeService.ClientHandler[101]
      Received HTTP response headers after 1446.8238ms - 200
info: System.Net.Http.HttpClient.SspSpCrimeService.ClientHandler[101]
      Received HTTP response headers after 1446.8198ms - 200
info: System.Net.Http.HttpClient.SspSpCrimeService.ClientHandler[101]
      Received HTTP response headers after 1447.1083ms - 200
info: System.Net.Http.HttpClient.SspSpCrimeService.LogicalHandler[101]
      End processing HTTP request after 1446.8439ms - 200
info: System.Net.Http.HttpClient.SspSpCrimeService.LogicalHandler[101]
      End processing HTTP request after 1446.8665ms - 200
info: System.Net.Http.HttpClient.SspSpCrimeService.LogicalHandler[101]
      End processing HTTP request after 1447.135ms - 200
info: Microsoft.AspNetCore.Http.Result.OkObjectResult[1]
      Setting HTTP status code 200.
info: Microsoft.AspNetCore.Http.Result.OkObjectResult[3]
      Writing value of type '<>f__AnonymousType17`5' as Json.
info: Microsoft.AspNetCore.Routing.EndpointMiddleware[1]
      Executed endpoint 'HTTP: GET /api/seguranca/distritos-proximos'
info: Microsoft.AspNetCore.Hosting.Diagnostics[2]
      Request finished HTTP/1.1 GET http://localhost:5209/api/seguranca/distritos-proximos?ano=2025&atualizar=true - 200 - application/json;+charset=utf-8 1686.9504ms
info: Microsoft.AspNetCore.Hosting.Diagnostics[1]
      Request starting HTTP/1.1 GET http://localhost:5209/api/seguranca/distritos-proximos?ano=2026&atualizar=true - - -
info: Microsoft.AspNetCore.Cors.Infrastructure.CorsService[4]
      CORS policy execution successful.
info: Microsoft.AspNetCore.Routing.EndpointMiddleware[0]
      Executing endpoint 'HTTP: GET /api/seguranca/distritos-proximos'
info: System.Net.Http.HttpClient.SspSpCrimeService.LogicalHandler[100]
      Start processing HTTP request GET https://www.ssp.sp.gov.br/v1/Distritos/RecuperaDistritos
info: System.Net.Http.HttpClient.SspSpCrimeService.ClientHandler[100]
      Sending HTTP request GET https://www.ssp.sp.gov.br/v1/Distritos/RecuperaDistritos
info: System.Net.Http.HttpClient.SspSpCrimeService.ClientHandler[101]
      Received HTTP response headers after 44.6805ms - 200
info: System.Net.Http.HttpClient.SspSpCrimeService.LogicalHandler[101]
      End processing HTTP request after 44.8772ms - 200
info: System.Net.Http.HttpClient.SspSpCrimeService.LogicalHandler[100]
      Start processing HTTP request GET https://www.ssp.sp.gov.br/v1/OcorrenciasMensais/RecuperaDadosMensaisAgrupados?*
info: System.Net.Http.HttpClient.SspSpCrimeService.ClientHandler[100]
      Sending HTTP request GET https://www.ssp.sp.gov.br/v1/OcorrenciasMensais/RecuperaDadosMensaisAgrupados?*
info: System.Net.Http.HttpClient.SspSpCrimeService.LogicalHandler[100]
      Start processing HTTP request GET https://www.ssp.sp.gov.br/v1/OcorrenciasMensais/RecuperaDadosMensaisAgrupados?*
info: System.Net.Http.HttpClient.SspSpCrimeService.ClientHandler[100]
      Sending HTTP request GET https://www.ssp.sp.gov.br/v1/OcorrenciasMensais/RecuperaDadosMensaisAgrupados?*
info: System.Net.Http.HttpClient.SspSpCrimeService.LogicalHandler[100]
      Start processing HTTP request GET https://www.ssp.sp.gov.br/v1/OcorrenciasMensais/RecuperaDadosMensaisAgrupados?*
info: System.Net.Http.HttpClient.SspSpCrimeService.ClientHandler[100]
      Sending HTTP request GET https://www.ssp.sp.gov.br/v1/OcorrenciasMensais/RecuperaDadosMensaisAgrupados?*
info: System.Net.Http.HttpClient.SspSpCrimeService.LogicalHandler[100]
      Start processing HTTP request GET https://www.ssp.sp.gov.br/v1/OcorrenciasMensais/RecuperaDadosMensaisAgrupados?*
info: System.Net.Http.HttpClient.SspSpCrimeService.ClientHandler[100]
      Sending HTTP request GET https://www.ssp.sp.gov.br/v1/OcorrenciasMensais/RecuperaDadosMensaisAgrupados?*
info: System.Net.Http.HttpClient.SspSpCrimeService.LogicalHandler[100]
      Start processing HTTP request GET https://www.ssp.sp.gov.br/v1/OcorrenciasMensais/RecuperaDadosMensaisAgrupados?*
info: System.Net.Http.HttpClient.SspSpCrimeService.ClientHandler[100]
      Sending HTTP request GET https://www.ssp.sp.gov.br/v1/OcorrenciasMensais/RecuperaDadosMensaisAgrupados?*
info: System.Net.Http.HttpClient.SspSpCrimeService.LogicalHandler[100]
      Start processing HTTP request GET https://www.ssp.sp.gov.br/v1/OcorrenciasMensais/RecuperaDadosMensaisAgrupados?*
info: System.Net.Http.HttpClient.SspSpCrimeService.ClientHandler[100]
      Sending HTTP request GET https://www.ssp.sp.gov.br/v1/OcorrenciasMensais/RecuperaDadosMensaisAgrupados?*
info: System.Net.Http.HttpClient.SspSpCrimeService.LogicalHandler[100]
      Start processing HTTP request GET https://www.ssp.sp.gov.br/v1/OcorrenciasMensais/RecuperaDadosMensaisAgrupados?*
info: System.Net.Http.HttpClient.SspSpCrimeService.ClientHandler[100]
      Sending HTTP request GET https://www.ssp.sp.gov.br/v1/OcorrenciasMensais/RecuperaDadosMensaisAgrupados?*
info: System.Net.Http.HttpClient.SspSpCrimeService.LogicalHandler[100]
      Start processing HTTP request GET https://www.ssp.sp.gov.br/v1/OcorrenciasMensais/RecuperaDadosMensaisAgrupados?*
info: System.Net.Http.HttpClient.SspSpCrimeService.ClientHandler[100]
      Sending HTTP request GET https://www.ssp.sp.gov.br/v1/OcorrenciasMensais/RecuperaDadosMensaisAgrupados?*
info: System.Net.Http.HttpClient.SspSpCrimeService.LogicalHandler[100]
      Start processing HTTP request GET https://www.ssp.sp.gov.br/v1/OcorrenciasMensais/RecuperaDadosMensaisAgrupados?*
info: System.Net.Http.HttpClient.SspSpCrimeService.ClientHandler[100]
      Sending HTTP request GET https://www.ssp.sp.gov.br/v1/OcorrenciasMensais/RecuperaDadosMensaisAgrupados?*
info: System.Net.Http.HttpClient.SspSpCrimeService.LogicalHandler[100]
      Start processing HTTP request GET https://www.ssp.sp.gov.br/v1/OcorrenciasMensais/RecuperaDadosMensaisAgrupados?*
info: System.Net.Http.HttpClient.SspSpCrimeService.ClientHandler[100]
      Sending HTTP request GET https://www.ssp.sp.gov.br/v1/OcorrenciasMensais/RecuperaDadosMensaisAgrupados?*
info: System.Net.Http.HttpClient.SspSpCrimeService.LogicalHandler[100]
      Start processing HTTP request GET https://www.ssp.sp.gov.br/v1/OcorrenciasMensais/RecuperaDadosMensaisAgrupados?*
info: System.Net.Http.HttpClient.SspSpCrimeService.ClientHandler[100]
      Sending HTTP request GET https://www.ssp.sp.gov.br/v1/OcorrenciasMensais/RecuperaDadosMensaisAgrupados?*
info: System.Net.Http.HttpClient.SspSpCrimeService.LogicalHandler[100]
      Start processing HTTP request GET https://www.ssp.sp.gov.br/v1/OcorrenciasMensais/RecuperaDadosMensaisAgrupados?*
info: System.Net.Http.HttpClient.SspSpCrimeService.ClientHandler[100]
      Sending HTTP request GET https://www.ssp.sp.gov.br/v1/OcorrenciasMensais/RecuperaDadosMensaisAgrupados?*
info: System.Net.Http.HttpClient.SspSpCrimeService.LogicalHandler[100]
      Start processing HTTP request GET https://www.ssp.sp.gov.br/v1/OcorrenciasMensais/RecuperaDadosMensaisAgrupados?*
info: System.Net.Http.HttpClient.SspSpCrimeService.ClientHandler[100]
      Sending HTTP request GET https://www.ssp.sp.gov.br/v1/OcorrenciasMensais/RecuperaDadosMensaisAgrupados?*
info: System.Net.Http.HttpClient.SspSpCrimeService.LogicalHandler[100]
      Start processing HTTP request GET https://www.ssp.sp.gov.br/v1/OcorrenciasMensais/RecuperaDadosMensaisAgrupados?*
info: System.Net.Http.HttpClient.SspSpCrimeService.ClientHandler[100]
      Sending HTTP request GET https://www.ssp.sp.gov.br/v1/OcorrenciasMensais/RecuperaDadosMensaisAgrupados?*
info: System.Net.Http.HttpClient.SspSpCrimeService.LogicalHandler[100]
      Start processing HTTP request GET https://www.ssp.sp.gov.br/v1/OcorrenciasMensais/RecuperaDadosMensaisAgrupados?*
info: System.Net.Http.HttpClient.SspSpCrimeService.ClientHandler[100]
      Sending HTTP request GET https://www.ssp.sp.gov.br/v1/OcorrenciasMensais/RecuperaDadosMensaisAgrupados?*
info: System.Net.Http.HttpClient.SspSpCrimeService.LogicalHandler[100]
      Start processing HTTP request GET https://www.ssp.sp.gov.br/v1/OcorrenciasMensais/RecuperaDadosMensaisAgrupados?*
info: System.Net.Http.HttpClient.SspSpCrimeService.ClientHandler[100]
      Sending HTTP request GET https://www.ssp.sp.gov.br/v1/OcorrenciasMensais/RecuperaDadosMensaisAgrupados?*
info: System.Net.Http.HttpClient.SspSpCrimeService.LogicalHandler[100]
      Start processing HTTP request GET https://www.ssp.sp.gov.br/v1/OcorrenciasMensais/RecuperaDadosMensaisAgrupados?*
info: System.Net.Http.HttpClient.SspSpCrimeService.ClientHandler[100]
      Sending HTTP request GET https://www.ssp.sp.gov.br/v1/OcorrenciasMensais/RecuperaDadosMensaisAgrupados?*
info: System.Net.Http.HttpClient.SspSpCrimeService.LogicalHandler[100]
      Start processing HTTP request GET https://www.ssp.sp.gov.br/v1/OcorrenciasMensais/RecuperaDadosMensaisAgrupados?*
info: System.Net.Http.HttpClient.SspSpCrimeService.ClientHandler[100]
      Sending HTTP request GET https://www.ssp.sp.gov.br/v1/OcorrenciasMensais/RecuperaDadosMensaisAgrupados?*
info: System.Net.Http.HttpClient.SspSpCrimeService.LogicalHandler[100]
      Start processing HTTP request GET https://www.ssp.sp.gov.br/v1/OcorrenciasMensais/RecuperaDadosMensaisAgrupados?*
info: System.Net.Http.HttpClient.SspSpCrimeService.ClientHandler[100]
      Sending HTTP request GET https://www.ssp.sp.gov.br/v1/OcorrenciasMensais/RecuperaDadosMensaisAgrupados?*
info: System.Net.Http.HttpClient.SspSpCrimeService.LogicalHandler[100]
      Start processing HTTP request GET https://www.ssp.sp.gov.br/v1/OcorrenciasMensais/RecuperaDadosMensaisAgrupados?*
info: System.Net.Http.HttpClient.SspSpCrimeService.ClientHandler[100]
      Sending HTTP request GET https://www.ssp.sp.gov.br/v1/OcorrenciasMensais/RecuperaDadosMensaisAgrupados?*
info: System.Net.Http.HttpClient.SspSpCrimeService.LogicalHandler[100]
      Start processing HTTP request GET https://www.ssp.sp.gov.br/v1/OcorrenciasMensais/RecuperaDadosMensaisAgrupados?*
info: System.Net.Http.HttpClient.SspSpCrimeService.ClientHandler[100]
      Sending HTTP request GET https://www.ssp.sp.gov.br/v1/OcorrenciasMensais/RecuperaDadosMensaisAgrupados?*
info: System.Net.Http.HttpClient.SspSpCrimeService.LogicalHandler[100]
      Start processing HTTP request GET https://www.ssp.sp.gov.br/v1/OcorrenciasMensais/RecuperaDadosMensaisAgrupados?*
info: System.Net.Http.HttpClient.SspSpCrimeService.ClientHandler[100]
      Sending HTTP request GET https://www.ssp.sp.gov.br/v1/OcorrenciasMensais/RecuperaDadosMensaisAgrupados?*
info: System.Net.Http.HttpClient.SspSpCrimeService.LogicalHandler[100]
      Start processing HTTP request GET https://www.ssp.sp.gov.br/v1/OcorrenciasMensais/RecuperaDadosMensaisAgrupados?*
info: System.Net.Http.HttpClient.SspSpCrimeService.ClientHandler[100]
      Sending HTTP request GET https://www.ssp.sp.gov.br/v1/OcorrenciasMensais/RecuperaDadosMensaisAgrupados?*
info: System.Net.Http.HttpClient.SspSpCrimeService.LogicalHandler[100]
      Start processing HTTP request GET https://www.ssp.sp.gov.br/v1/OcorrenciasMensais/RecuperaDadosMensaisAgrupados?*
info: System.Net.Http.HttpClient.SspSpCrimeService.ClientHandler[100]
      Sending HTTP request GET https://www.ssp.sp.gov.br/v1/OcorrenciasMensais/RecuperaDadosMensaisAgrupados?*
info: System.Net.Http.HttpClient.SspSpCrimeService.LogicalHandler[100]
      Start processing HTTP request GET https://www.ssp.sp.gov.br/v1/OcorrenciasMensais/RecuperaDadosMensaisAgrupados?*
info: System.Net.Http.HttpClient.SspSpCrimeService.ClientHandler[100]
      Sending HTTP request GET https://www.ssp.sp.gov.br/v1/OcorrenciasMensais/RecuperaDadosMensaisAgrupados?*
info: System.Net.Http.HttpClient.SspSpCrimeService.LogicalHandler[100]
      Start processing HTTP request GET https://www.ssp.sp.gov.br/v1/OcorrenciasMensais/RecuperaDadosMensaisAgrupados?*
info: System.Net.Http.HttpClient.SspSpCrimeService.ClientHandler[100]
      Sending HTTP request GET https://www.ssp.sp.gov.br/v1/OcorrenciasMensais/RecuperaDadosMensaisAgrupados?*
info: System.Net.Http.HttpClient.SspSpCrimeService.LogicalHandler[100]
      Start processing HTTP request GET https://www.ssp.sp.gov.br/v1/OcorrenciasMensais/RecuperaDadosMensaisAgrupados?*
info: System.Net.Http.HttpClient.SspSpCrimeService.ClientHandler[100]
      Sending HTTP request GET https://www.ssp.sp.gov.br/v1/OcorrenciasMensais/RecuperaDadosMensaisAgrupados?*
info: System.Net.Http.HttpClient.SspSpCrimeService.LogicalHandler[100]
      Start processing HTTP request GET https://www.ssp.sp.gov.br/v1/OcorrenciasMensais/RecuperaDadosMensaisAgrupados?*
info: System.Net.Http.HttpClient.SspSpCrimeService.ClientHandler[100]
      Sending HTTP request GET https://www.ssp.sp.gov.br/v1/OcorrenciasMensais/RecuperaDadosMensaisAgrupados?*
info: System.Net.Http.HttpClient.SspSpCrimeService.LogicalHandler[100]
      Start processing HTTP request GET https://www.ssp.sp.gov.br/v1/OcorrenciasMensais/RecuperaDadosMensaisAgrupados?*
info: System.Net.Http.HttpClient.SspSpCrimeService.ClientHandler[100]
      Sending HTTP request GET https://www.ssp.sp.gov.br/v1/OcorrenciasMensais/RecuperaDadosMensaisAgrupados?*
info: System.Net.Http.HttpClient.SspSpCrimeService.LogicalHandler[100]
      Start processing HTTP request GET https://www.ssp.sp.gov.br/v1/OcorrenciasMensais/RecuperaDadosMensaisAgrupados?*
info: System.Net.Http.HttpClient.SspSpCrimeService.ClientHandler[100]
      Sending HTTP request GET https://www.ssp.sp.gov.br/v1/OcorrenciasMensais/RecuperaDadosMensaisAgrupados?*
info: System.Net.Http.HttpClient.SspSpCrimeService.LogicalHandler[100]
      Start processing HTTP request GET https://www.ssp.sp.gov.br/v1/OcorrenciasMensais/RecuperaDadosMensaisAgrupados?*
info: System.Net.Http.HttpClient.SspSpCrimeService.ClientHandler[100]
      Sending HTTP request GET https://www.ssp.sp.gov.br/v1/OcorrenciasMensais/RecuperaDadosMensaisAgrupados?*
info: System.Net.Http.HttpClient.SspSpCrimeService.LogicalHandler[100]
      Start processing HTTP request GET https://www.ssp.sp.gov.br/v1/OcorrenciasMensais/RecuperaDadosMensaisAgrupados?*
info: System.Net.Http.HttpClient.SspSpCrimeService.ClientHandler[100]
      Sending HTTP request GET https://www.ssp.sp.gov.br/v1/OcorrenciasMensais/RecuperaDadosMensaisAgrupados?*
info: System.Net.Http.HttpClient.SspSpCrimeService.ClientHandler[101]
      Received HTTP response headers after 262.9556ms - 200
info: System.Net.Http.HttpClient.SspSpCrimeService.ClientHandler[101]
      Received HTTP response headers after 263.0693ms - 200
info: System.Net.Http.HttpClient.SspSpCrimeService.LogicalHandler[101]
      End processing HTTP request after 262.9894ms - 200
info: System.Net.Http.HttpClient.SspSpCrimeService.LogicalHandler[101]
      End processing HTTP request after 263.1109ms - 200
info: System.Net.Http.HttpClient.SspSpCrimeService.ClientHandler[101]
      Received HTTP response headers after 474.7816ms - 200
info: System.Net.Http.HttpClient.SspSpCrimeService.LogicalHandler[101]
      End processing HTTP request after 474.8623ms - 200
info: System.Net.Http.HttpClient.SspSpCrimeService.ClientHandler[101]
      Received HTTP response headers after 477.7179ms - 200
info: System.Net.Http.HttpClient.SspSpCrimeService.LogicalHandler[101]
      End processing HTTP request after 477.7737ms - 200
info: System.Net.Http.HttpClient.SspSpCrimeService.ClientHandler[101]
      Received HTTP response headers after 480.2802ms - 200
info: System.Net.Http.HttpClient.SspSpCrimeService.LogicalHandler[101]
      End processing HTTP request after 480.3357ms - 200
info: System.Net.Http.HttpClient.SspSpCrimeService.ClientHandler[101]
      Received HTTP response headers after 481.2517ms - 200
info: System.Net.Http.HttpClient.SspSpCrimeService.LogicalHandler[101]
      End processing HTTP request after 481.2742ms - 200
info: System.Net.Http.HttpClient.SspSpCrimeService.ClientHandler[101]
      Received HTTP response headers after 482.5276ms - 200
info: System.Net.Http.HttpClient.SspSpCrimeService.LogicalHandler[101]
      End processing HTTP request after 482.5789ms - 200
info: System.Net.Http.HttpClient.SspSpCrimeService.ClientHandler[101]
      Received HTTP response headers after 483.5005ms - 200
info: System.Net.Http.HttpClient.SspSpCrimeService.LogicalHandler[101]
      End processing HTTP request after 483.546ms - 200
info: System.Net.Http.HttpClient.SspSpCrimeService.ClientHandler[101]
      Received HTTP response headers after 484.295ms - 200
info: System.Net.Http.HttpClient.SspSpCrimeService.LogicalHandler[101]
      End processing HTTP request after 484.3396ms - 200
info: System.Net.Http.HttpClient.SspSpCrimeService.ClientHandler[101]
      Received HTTP response headers after 485.9092ms - 200
info: System.Net.Http.HttpClient.SspSpCrimeService.LogicalHandler[101]
      End processing HTTP request after 485.9668ms - 200
info: System.Net.Http.HttpClient.SspSpCrimeService.ClientHandler[101]
      Received HTTP response headers after 641.9898ms - 200
info: System.Net.Http.HttpClient.SspSpCrimeService.LogicalHandler[101]
      End processing HTTP request after 642.0881ms - 200
info: System.Net.Http.HttpClient.SspSpCrimeService.ClientHandler[101]
      Received HTTP response headers after 641.9978ms - 200
info: System.Net.Http.HttpClient.SspSpCrimeService.LogicalHandler[101]
      End processing HTTP request after 642.0684ms - 200
info: System.Net.Http.HttpClient.SspSpCrimeService.ClientHandler[101]
      Received HTTP response headers after 642.8242ms - 200
info: System.Net.Http.HttpClient.SspSpCrimeService.LogicalHandler[101]
      End processing HTTP request after 642.8923ms - 200
info: System.Net.Http.HttpClient.SspSpCrimeService.ClientHandler[101]
      Received HTTP response headers after 1056.1333ms - 200
info: System.Net.Http.HttpClient.SspSpCrimeService.ClientHandler[101]
      Received HTTP response headers after 1056.5108ms - 200
info: System.Net.Http.HttpClient.SspSpCrimeService.ClientHandler[101]
      Received HTTP response headers after 1056.2755ms - 200
info: System.Net.Http.HttpClient.SspSpCrimeService.LogicalHandler[101]
      End processing HTTP request after 1056.2121ms - 200
info: System.Net.Http.HttpClient.SspSpCrimeService.LogicalHandler[101]
      End processing HTTP request after 1056.6294ms - 200
info: System.Net.Http.HttpClient.SspSpCrimeService.LogicalHandler[101]
      End processing HTTP request after 1056.3179ms - 200
info: System.Net.Http.HttpClient.SspSpCrimeService.ClientHandler[101]
      Received HTTP response headers after 1059.1962ms - 200
info: System.Net.Http.HttpClient.SspSpCrimeService.LogicalHandler[101]
      End processing HTTP request after 1059.232ms - 200
info: System.Net.Http.HttpClient.SspSpCrimeService.ClientHandler[101]
      Received HTTP response headers after 1071.9077ms - 200
info: System.Net.Http.HttpClient.SspSpCrimeService.LogicalHandler[101]
      End processing HTTP request after 1071.977ms - 200
info: System.Net.Http.HttpClient.SspSpCrimeService.ClientHandler[101]
      Received HTTP response headers after 1082.4566ms - 200
info: System.Net.Http.HttpClient.SspSpCrimeService.LogicalHandler[101]
      End processing HTTP request after 1082.5231ms - 200
info: System.Net.Http.HttpClient.SspSpCrimeService.ClientHandler[101]
      Received HTTP response headers after 1093.1747ms - 200
info: System.Net.Http.HttpClient.SspSpCrimeService.LogicalHandler[101]
      End processing HTTP request after 1093.2128ms - 200
info: System.Net.Http.HttpClient.SspSpCrimeService.ClientHandler[101]
      Received HTTP response headers after 1099.3837ms - 200
info: System.Net.Http.HttpClient.SspSpCrimeService.LogicalHandler[101]
      End processing HTTP request after 1099.4395ms - 200
info: System.Net.Http.HttpClient.SspSpCrimeService.ClientHandler[101]
      Received HTTP response headers after 1115.4383ms - 200
info: System.Net.Http.HttpClient.SspSpCrimeService.LogicalHandler[101]
      End processing HTTP request after 1115.4874ms - 200
info: System.Net.Http.HttpClient.SspSpCrimeService.ClientHandler[101]
      Received HTTP response headers after 1129.1219ms - 200
info: System.Net.Http.HttpClient.SspSpCrimeService.LogicalHandler[101]
      End processing HTTP request after 1129.1738ms - 200
info: System.Net.Http.HttpClient.SspSpCrimeService.ClientHandler[101]
      Received HTTP response headers after 1130.2107ms - 200
info: System.Net.Http.HttpClient.SspSpCrimeService.LogicalHandler[101]
      End processing HTTP request after 1130.2567ms - 200
info: System.Net.Http.HttpClient.SspSpCrimeService.ClientHandler[101]
      Received HTTP response headers after 1157.0931ms - 200
info: System.Net.Http.HttpClient.SspSpCrimeService.LogicalHandler[101]
      End processing HTTP request after 1157.1605ms - 200
info: System.Net.Http.HttpClient.SspSpCrimeService.ClientHandler[101]
      Received HTTP response headers after 1169.7455ms - 200
info: System.Net.Http.HttpClient.SspSpCrimeService.LogicalHandler[101]
      End processing HTTP request after 1169.7772ms - 200
info: System.Net.Http.HttpClient.SspSpCrimeService.ClientHandler[101]
      Received HTTP response headers after 1171.2283ms - 200
info: System.Net.Http.HttpClient.SspSpCrimeService.LogicalHandler[101]
      End processing HTTP request after 1171.2781ms - 200
info: System.Net.Http.HttpClient.SspSpCrimeService.ClientHandler[101]
      Received HTTP response headers after 1184.7459ms - 200
info: System.Net.Http.HttpClient.SspSpCrimeService.LogicalHandler[101]
      End processing HTTP request after 1184.7746ms - 200
info: System.Net.Http.HttpClient.SspSpCrimeService.ClientHandler[101]
      Received HTTP response headers after 1187.3957ms - 200
info: System.Net.Http.HttpClient.SspSpCrimeService.LogicalHandler[101]
      End processing HTTP request after 1187.4252ms - 200
info: System.Net.Http.HttpClient.SspSpCrimeService.ClientHandler[101]
      Received HTTP response headers after 1227.6379ms - 200
info: System.Net.Http.HttpClient.SspSpCrimeService.LogicalHandler[101]
      End processing HTTP request after 1227.6649ms - 200
info: System.Net.Http.HttpClient.SspSpCrimeService.ClientHandler[101]
      Received HTTP response headers after 1271.1072ms - 200
info: System.Net.Http.HttpClient.SspSpCrimeService.LogicalHandler[101]
      End processing HTTP request after 1271.1315ms - 200
info: System.Net.Http.HttpClient.SspSpCrimeService.ClientHandler[101]
      Received HTTP response headers after 1272.1979ms - 200
info: System.Net.Http.HttpClient.SspSpCrimeService.LogicalHandler[101]
      End processing HTTP request after 1272.2178ms - 200
info: Microsoft.AspNetCore.Http.Result.OkObjectResult[1]
      Setting HTTP status code 200.
info: Microsoft.AspNetCore.Http.Result.OkObjectResult[3]
      Writing value of type '<>f__AnonymousType17`5' as Json.
info: Microsoft.AspNetCore.Routing.EndpointMiddleware[1]
      Executed endpoint 'HTTP: GET /api/seguranca/distritos-proximos'
info: Microsoft.AspNetCore.Hosting.Diagnostics[2]
      Request finished HTTP/1.1 GET http://localhost:5209/api/seguranca/distritos-proximos?ano=2026&atualizar=true - 200 - application/json;+charset=utf-8 1372.8958ms
info: Microsoft.AspNetCore.Hosting.Diagnostics[1]
      Request starting HTTP/1.1 GET http://localhost:5209/api/seguranca/distritos-proximos?ano=2025&atualizar=true - - -
info: Microsoft.AspNetCore.Cors.Infrastructure.CorsService[4]
      CORS policy execution successful.
info: Microsoft.AspNetCore.Routing.EndpointMiddleware[0]
      Executing endpoint 'HTTP: GET /api/seguranca/distritos-proximos'
info: System.Net.Http.HttpClient.SspSpCrimeService.LogicalHandler[100]
      Start processing HTTP request GET https://www.ssp.sp.gov.br/v1/Distritos/RecuperaDistritos
info: System.Net.Http.HttpClient.SspSpCrimeService.ClientHandler[100]
      Sending HTTP request GET https://www.ssp.sp.gov.br/v1/Distritos/RecuperaDistritos
info: System.Net.Http.HttpClient.SspSpCrimeService.ClientHandler[101]
      Received HTTP response headers after 41.3111ms - 200
info: System.Net.Http.HttpClient.SspSpCrimeService.LogicalHandler[101]
      End processing HTTP request after 41.4519ms - 200
info: System.Net.Http.HttpClient.SspSpCrimeService.LogicalHandler[100]
      Start processing HTTP request GET https://www.ssp.sp.gov.br/v1/OcorrenciasMensais/RecuperaDadosMensaisAgrupados?*
info: System.Net.Http.HttpClient.SspSpCrimeService.ClientHandler[100]
      Sending HTTP request GET https://www.ssp.sp.gov.br/v1/OcorrenciasMensais/RecuperaDadosMensaisAgrupados?*
info: System.Net.Http.HttpClient.SspSpCrimeService.LogicalHandler[100]
      Start processing HTTP request GET https://www.ssp.sp.gov.br/v1/OcorrenciasMensais/RecuperaDadosMensaisAgrupados?*
info: System.Net.Http.HttpClient.SspSpCrimeService.ClientHandler[100]
      Sending HTTP request GET https://www.ssp.sp.gov.br/v1/OcorrenciasMensais/RecuperaDadosMensaisAgrupados?*
info: System.Net.Http.HttpClient.SspSpCrimeService.LogicalHandler[100]
      Start processing HTTP request GET https://www.ssp.sp.gov.br/v1/OcorrenciasMensais/RecuperaDadosMensaisAgrupados?*
info: System.Net.Http.HttpClient.SspSpCrimeService.ClientHandler[100]
      Sending HTTP request GET https://www.ssp.sp.gov.br/v1/OcorrenciasMensais/RecuperaDadosMensaisAgrupados?*
info: System.Net.Http.HttpClient.SspSpCrimeService.LogicalHandler[100]
      Start processing HTTP request GET https://www.ssp.sp.gov.br/v1/OcorrenciasMensais/RecuperaDadosMensaisAgrupados?*
info: System.Net.Http.HttpClient.SspSpCrimeService.ClientHandler[100]
      Sending HTTP request GET https://www.ssp.sp.gov.br/v1/OcorrenciasMensais/RecuperaDadosMensaisAgrupados?*
info: System.Net.Http.HttpClient.SspSpCrimeService.LogicalHandler[100]
      Start processing HTTP request GET https://www.ssp.sp.gov.br/v1/OcorrenciasMensais/RecuperaDadosMensaisAgrupados?*
info: System.Net.Http.HttpClient.SspSpCrimeService.ClientHandler[100]
      Sending HTTP request GET https://www.ssp.sp.gov.br/v1/OcorrenciasMensais/RecuperaDadosMensaisAgrupados?*
info: System.Net.Http.HttpClient.SspSpCrimeService.LogicalHandler[100]
      Start processing HTTP request GET https://www.ssp.sp.gov.br/v1/OcorrenciasMensais/RecuperaDadosMensaisAgrupados?*
info: System.Net.Http.HttpClient.SspSpCrimeService.ClientHandler[100]
      Sending HTTP request GET https://www.ssp.sp.gov.br/v1/OcorrenciasMensais/RecuperaDadosMensaisAgrupados?*
info: System.Net.Http.HttpClient.SspSpCrimeService.LogicalHandler[100]
      Start processing HTTP request GET https://www.ssp.sp.gov.br/v1/OcorrenciasMensais/RecuperaDadosMensaisAgrupados?*
info: System.Net.Http.HttpClient.SspSpCrimeService.ClientHandler[100]
      Sending HTTP request GET https://www.ssp.sp.gov.br/v1/OcorrenciasMensais/RecuperaDadosMensaisAgrupados?*
info: System.Net.Http.HttpClient.SspSpCrimeService.LogicalHandler[100]
      Start processing HTTP request GET https://www.ssp.sp.gov.br/v1/OcorrenciasMensais/RecuperaDadosMensaisAgrupados?*
info: System.Net.Http.HttpClient.SspSpCrimeService.ClientHandler[100]
      Sending HTTP request GET https://www.ssp.sp.gov.br/v1/OcorrenciasMensais/RecuperaDadosMensaisAgrupados?*
info: System.Net.Http.HttpClient.SspSpCrimeService.LogicalHandler[100]
      Start processing HTTP request GET https://www.ssp.sp.gov.br/v1/OcorrenciasMensais/RecuperaDadosMensaisAgrupados?*
info: System.Net.Http.HttpClient.SspSpCrimeService.ClientHandler[100]
      Sending HTTP request GET https://www.ssp.sp.gov.br/v1/OcorrenciasMensais/RecuperaDadosMensaisAgrupados?*
info: System.Net.Http.HttpClient.SspSpCrimeService.LogicalHandler[100]
      Start processing HTTP request GET https://www.ssp.sp.gov.br/v1/OcorrenciasMensais/RecuperaDadosMensaisAgrupados?*
info: System.Net.Http.HttpClient.SspSpCrimeService.ClientHandler[100]
      Sending HTTP request GET https://www.ssp.sp.gov.br/v1/OcorrenciasMensais/RecuperaDadosMensaisAgrupados?*
info: System.Net.Http.HttpClient.SspSpCrimeService.LogicalHandler[100]
      Start processing HTTP request GET https://www.ssp.sp.gov.br/v1/OcorrenciasMensais/RecuperaDadosMensaisAgrupados?*
info: System.Net.Http.HttpClient.SspSpCrimeService.ClientHandler[100]
      Sending HTTP request GET https://www.ssp.sp.gov.br/v1/OcorrenciasMensais/RecuperaDadosMensaisAgrupados?*
info: System.Net.Http.HttpClient.SspSpCrimeService.LogicalHandler[100]
      Start processing HTTP request GET https://www.ssp.sp.gov.br/v1/OcorrenciasMensais/RecuperaDadosMensaisAgrupados?*
info: System.Net.Http.HttpClient.SspSpCrimeService.ClientHandler[100]
      Sending HTTP request GET https://www.ssp.sp.gov.br/v1/OcorrenciasMensais/RecuperaDadosMensaisAgrupados?*
info: System.Net.Http.HttpClient.SspSpCrimeService.LogicalHandler[100]
      Start processing HTTP request GET https://www.ssp.sp.gov.br/v1/OcorrenciasMensais/RecuperaDadosMensaisAgrupados?*
info: System.Net.Http.HttpClient.SspSpCrimeService.ClientHandler[100]
      Sending HTTP request GET https://www.ssp.sp.gov.br/v1/OcorrenciasMensais/RecuperaDadosMensaisAgrupados?*
info: System.Net.Http.HttpClient.SspSpCrimeService.LogicalHandler[100]
      Start processing HTTP request GET https://www.ssp.sp.gov.br/v1/OcorrenciasMensais/RecuperaDadosMensaisAgrupados?*
info: System.Net.Http.HttpClient.SspSpCrimeService.ClientHandler[100]
      Sending HTTP request GET https://www.ssp.sp.gov.br/v1/OcorrenciasMensais/RecuperaDadosMensaisAgrupados?*
info: System.Net.Http.HttpClient.SspSpCrimeService.LogicalHandler[100]
      Start processing HTTP request GET https://www.ssp.sp.gov.br/v1/OcorrenciasMensais/RecuperaDadosMensaisAgrupados?*
info: System.Net.Http.HttpClient.SspSpCrimeService.ClientHandler[100]
      Sending HTTP request GET https://www.ssp.sp.gov.br/v1/OcorrenciasMensais/RecuperaDadosMensaisAgrupados?*
info: System.Net.Http.HttpClient.SspSpCrimeService.LogicalHandler[100]
      Start processing HTTP request GET https://www.ssp.sp.gov.br/v1/OcorrenciasMensais/RecuperaDadosMensaisAgrupados?*
info: System.Net.Http.HttpClient.SspSpCrimeService.ClientHandler[100]
      Sending HTTP request GET https://www.ssp.sp.gov.br/v1/OcorrenciasMensais/RecuperaDadosMensaisAgrupados?*
info: System.Net.Http.HttpClient.SspSpCrimeService.LogicalHandler[100]
      Start processing HTTP request GET https://www.ssp.sp.gov.br/v1/OcorrenciasMensais/RecuperaDadosMensaisAgrupados?*
info: System.Net.Http.HttpClient.SspSpCrimeService.ClientHandler[100]
      Sending HTTP request GET https://www.ssp.sp.gov.br/v1/OcorrenciasMensais/RecuperaDadosMensaisAgrupados?*
info: System.Net.Http.HttpClient.SspSpCrimeService.LogicalHandler[100]
      Start processing HTTP request GET https://www.ssp.sp.gov.br/v1/OcorrenciasMensais/RecuperaDadosMensaisAgrupados?*
info: System.Net.Http.HttpClient.SspSpCrimeService.ClientHandler[100]
      Sending HTTP request GET https://www.ssp.sp.gov.br/v1/OcorrenciasMensais/RecuperaDadosMensaisAgrupados?*
info: System.Net.Http.HttpClient.SspSpCrimeService.LogicalHandler[100]
      Start processing HTTP request GET https://www.ssp.sp.gov.br/v1/OcorrenciasMensais/RecuperaDadosMensaisAgrupados?*
info: System.Net.Http.HttpClient.SspSpCrimeService.ClientHandler[100]
      Sending HTTP request GET https://www.ssp.sp.gov.br/v1/OcorrenciasMensais/RecuperaDadosMensaisAgrupados?*
info: System.Net.Http.HttpClient.SspSpCrimeService.LogicalHandler[100]
      Start processing HTTP request GET https://www.ssp.sp.gov.br/v1/OcorrenciasMensais/RecuperaDadosMensaisAgrupados?*
info: System.Net.Http.HttpClient.SspSpCrimeService.ClientHandler[100]
      Sending HTTP request GET https://www.ssp.sp.gov.br/v1/OcorrenciasMensais/RecuperaDadosMensaisAgrupados?*
info: System.Net.Http.HttpClient.SspSpCrimeService.LogicalHandler[100]
      Start processing HTTP request GET https://www.ssp.sp.gov.br/v1/OcorrenciasMensais/RecuperaDadosMensaisAgrupados?*
info: System.Net.Http.HttpClient.SspSpCrimeService.ClientHandler[100]
      Sending HTTP request GET https://www.ssp.sp.gov.br/v1/OcorrenciasMensais/RecuperaDadosMensaisAgrupados?*
info: System.Net.Http.HttpClient.SspSpCrimeService.LogicalHandler[100]
      Start processing HTTP request GET https://www.ssp.sp.gov.br/v1/OcorrenciasMensais/RecuperaDadosMensaisAgrupados?*
info: System.Net.Http.HttpClient.SspSpCrimeService.ClientHandler[100]
      Sending HTTP request GET https://www.ssp.sp.gov.br/v1/OcorrenciasMensais/RecuperaDadosMensaisAgrupados?*
info: System.Net.Http.HttpClient.SspSpCrimeService.LogicalHandler[100]
      Start processing HTTP request GET https://www.ssp.sp.gov.br/v1/OcorrenciasMensais/RecuperaDadosMensaisAgrupados?*
info: System.Net.Http.HttpClient.SspSpCrimeService.ClientHandler[100]
      Sending HTTP request GET https://www.ssp.sp.gov.br/v1/OcorrenciasMensais/RecuperaDadosMensaisAgrupados?*
info: System.Net.Http.HttpClient.SspSpCrimeService.LogicalHandler[100]
      Start processing HTTP request GET https://www.ssp.sp.gov.br/v1/OcorrenciasMensais/RecuperaDadosMensaisAgrupados?*
info: System.Net.Http.HttpClient.SspSpCrimeService.ClientHandler[100]
      Sending HTTP request GET https://www.ssp.sp.gov.br/v1/OcorrenciasMensais/RecuperaDadosMensaisAgrupados?*
info: System.Net.Http.HttpClient.SspSpCrimeService.LogicalHandler[100]
      Start processing HTTP request GET https://www.ssp.sp.gov.br/v1/OcorrenciasMensais/RecuperaDadosMensaisAgrupados?*
info: System.Net.Http.HttpClient.SspSpCrimeService.ClientHandler[100]
      Sending HTTP request GET https://www.ssp.sp.gov.br/v1/OcorrenciasMensais/RecuperaDadosMensaisAgrupados?*
info: System.Net.Http.HttpClient.SspSpCrimeService.LogicalHandler[100]
      Start processing HTTP request GET https://www.ssp.sp.gov.br/v1/OcorrenciasMensais/RecuperaDadosMensaisAgrupados?*
info: System.Net.Http.HttpClient.SspSpCrimeService.ClientHandler[100]
      Sending HTTP request GET https://www.ssp.sp.gov.br/v1/OcorrenciasMensais/RecuperaDadosMensaisAgrupados?*
info: System.Net.Http.HttpClient.SspSpCrimeService.LogicalHandler[100]
      Start processing HTTP request GET https://www.ssp.sp.gov.br/v1/OcorrenciasMensais/RecuperaDadosMensaisAgrupados?*
info: System.Net.Http.HttpClient.SspSpCrimeService.ClientHandler[100]
      Sending HTTP request GET https://www.ssp.sp.gov.br/v1/OcorrenciasMensais/RecuperaDadosMensaisAgrupados?*
info: System.Net.Http.HttpClient.SspSpCrimeService.LogicalHandler[100]
      Start processing HTTP request GET https://www.ssp.sp.gov.br/v1/OcorrenciasMensais/RecuperaDadosMensaisAgrupados?*
info: System.Net.Http.HttpClient.SspSpCrimeService.ClientHandler[100]
      Sending HTTP request GET https://www.ssp.sp.gov.br/v1/OcorrenciasMensais/RecuperaDadosMensaisAgrupados?*
info: System.Net.Http.HttpClient.SspSpCrimeService.LogicalHandler[100]
      Start processing HTTP request GET https://www.ssp.sp.gov.br/v1/OcorrenciasMensais/RecuperaDadosMensaisAgrupados?*
info: System.Net.Http.HttpClient.SspSpCrimeService.ClientHandler[100]
      Sending HTTP request GET https://www.ssp.sp.gov.br/v1/OcorrenciasMensais/RecuperaDadosMensaisAgrupados?*
info: System.Net.Http.HttpClient.SspSpCrimeService.LogicalHandler[100]
      Start processing HTTP request GET https://www.ssp.sp.gov.br/v1/OcorrenciasMensais/RecuperaDadosMensaisAgrupados?*
info: System.Net.Http.HttpClient.SspSpCrimeService.ClientHandler[100]
      Sending HTTP request GET https://www.ssp.sp.gov.br/v1/OcorrenciasMensais/RecuperaDadosMensaisAgrupados?*
info: System.Net.Http.HttpClient.SspSpCrimeService.LogicalHandler[100]
      Start processing HTTP request GET https://www.ssp.sp.gov.br/v1/OcorrenciasMensais/RecuperaDadosMensaisAgrupados?*
info: System.Net.Http.HttpClient.SspSpCrimeService.ClientHandler[100]
      Sending HTTP request GET https://www.ssp.sp.gov.br/v1/OcorrenciasMensais/RecuperaDadosMensaisAgrupados?*
info: System.Net.Http.HttpClient.SspSpCrimeService.LogicalHandler[100]
      Start processing HTTP request GET https://www.ssp.sp.gov.br/v1/OcorrenciasMensais/RecuperaDadosMensaisAgrupados?*
info: System.Net.Http.HttpClient.SspSpCrimeService.ClientHandler[100]
      Sending HTTP request GET https://www.ssp.sp.gov.br/v1/OcorrenciasMensais/RecuperaDadosMensaisAgrupados?*
info: System.Net.Http.HttpClient.SspSpCrimeService.ClientHandler[101]
      Received HTTP response headers after 549.6462ms - 200
info: System.Net.Http.HttpClient.SspSpCrimeService.LogicalHandler[101]
      End processing HTTP request after 549.6991ms - 200
info: System.Net.Http.HttpClient.SspSpCrimeService.ClientHandler[101]
      Received HTTP response headers after 549.883ms - 200
info: System.Net.Http.HttpClient.SspSpCrimeService.ClientHandler[101]
      Received HTTP response headers after 549.8959ms - 200
info: System.Net.Http.HttpClient.SspSpCrimeService.LogicalHandler[101]
      End processing HTTP request after 549.91ms - 200
info: System.Net.Http.HttpClient.SspSpCrimeService.LogicalHandler[101]
      End processing HTTP request after 549.9231ms - 200
info: System.Net.Http.HttpClient.SspSpCrimeService.ClientHandler[101]
      Received HTTP response headers after 549.6568ms - 200
info: System.Net.Http.HttpClient.SspSpCrimeService.LogicalHandler[101]
      End processing HTTP request after 549.6752ms - 200
info: System.Net.Http.HttpClient.SspSpCrimeService.ClientHandler[101]
      Received HTTP response headers after 654.486ms - 200
info: System.Net.Http.HttpClient.SspSpCrimeService.LogicalHandler[101]
      End processing HTTP request after 654.5366ms - 200
info: System.Net.Http.HttpClient.SspSpCrimeService.ClientHandler[101]
      Received HTTP response headers after 654.6141ms - 200
info: System.Net.Http.HttpClient.SspSpCrimeService.LogicalHandler[101]
      End processing HTTP request after 654.661ms - 200
info: System.Net.Http.HttpClient.SspSpCrimeService.ClientHandler[101]
      Received HTTP response headers after 655.6645ms - 200
info: System.Net.Http.HttpClient.SspSpCrimeService.LogicalHandler[101]
      End processing HTTP request after 655.7198ms - 200
info: System.Net.Http.HttpClient.SspSpCrimeService.ClientHandler[101]
      Received HTTP response headers after 665.6177ms - 200
info: System.Net.Http.HttpClient.SspSpCrimeService.LogicalHandler[101]
      End processing HTTP request after 665.6542ms - 200
info: System.Net.Http.HttpClient.SspSpCrimeService.ClientHandler[101]
      Received HTTP response headers after 668.3784ms - 200
info: System.Net.Http.HttpClient.SspSpCrimeService.LogicalHandler[101]
      End processing HTTP request after 668.4034ms - 200
info: System.Net.Http.HttpClient.SspSpCrimeService.ClientHandler[101]
      Received HTTP response headers after 669.7892ms - 200
info: System.Net.Http.HttpClient.SspSpCrimeService.LogicalHandler[101]
      End processing HTTP request after 669.8117ms - 200
info: System.Net.Http.HttpClient.SspSpCrimeService.ClientHandler[101]
      Received HTTP response headers after 672.1439ms - 200
info: System.Net.Http.HttpClient.SspSpCrimeService.LogicalHandler[101]
      End processing HTTP request after 672.1866ms - 200
info: System.Net.Http.HttpClient.SspSpCrimeService.ClientHandler[101]
      Received HTTP response headers after 672.6109ms - 200
info: System.Net.Http.HttpClient.SspSpCrimeService.LogicalHandler[101]
      End processing HTTP request after 672.6315ms - 200
info: System.Net.Http.HttpClient.SspSpCrimeService.ClientHandler[101]
      Received HTTP response headers after 674.0649ms - 200
info: System.Net.Http.HttpClient.SspSpCrimeService.LogicalHandler[101]
      End processing HTTP request after 674.0834ms - 200
info: System.Net.Http.HttpClient.SspSpCrimeService.ClientHandler[101]
      Received HTTP response headers after 695.1485ms - 200
info: System.Net.Http.HttpClient.SspSpCrimeService.LogicalHandler[101]
      End processing HTTP request after 695.1743ms - 200
info: System.Net.Http.HttpClient.SspSpCrimeService.ClientHandler[101]
      Received HTTP response headers after 696.1884ms - 200
info: System.Net.Http.HttpClient.SspSpCrimeService.LogicalHandler[101]
      End processing HTTP request after 696.2007ms - 200
info: System.Net.Http.HttpClient.SspSpCrimeService.ClientHandler[101]
      Received HTTP response headers after 697.6079ms - 200
info: System.Net.Http.HttpClient.SspSpCrimeService.LogicalHandler[101]
      End processing HTTP request after 697.6253ms - 200
info: System.Net.Http.HttpClient.SspSpCrimeService.ClientHandler[101]
      Received HTTP response headers after 699.0809ms - 200
info: System.Net.Http.HttpClient.SspSpCrimeService.LogicalHandler[101]
      End processing HTTP request after 699.1175ms - 200
info: System.Net.Http.HttpClient.SspSpCrimeService.ClientHandler[101]
      Received HTTP response headers after 701.3067ms - 200
info: System.Net.Http.HttpClient.SspSpCrimeService.LogicalHandler[101]
      End processing HTTP request after 701.3299ms - 200
info: System.Net.Http.HttpClient.SspSpCrimeService.ClientHandler[101]
      Received HTTP response headers after 806.0681ms - 200
info: System.Net.Http.HttpClient.SspSpCrimeService.LogicalHandler[101]
      End processing HTTP request after 806.0927ms - 200
info: System.Net.Http.HttpClient.SspSpCrimeService.ClientHandler[101]
      Received HTTP response headers after 977.612ms - 200
info: System.Net.Http.HttpClient.SspSpCrimeService.LogicalHandler[101]
      End processing HTTP request after 977.6662ms - 200
info: System.Net.Http.HttpClient.SspSpCrimeService.ClientHandler[101]
      Received HTTP response headers after 1054.304ms - 200
info: System.Net.Http.HttpClient.SspSpCrimeService.LogicalHandler[101]
      End processing HTTP request after 1054.3458ms - 200
info: System.Net.Http.HttpClient.SspSpCrimeService.ClientHandler[101]
      Received HTTP response headers after 1059.1035ms - 200
info: System.Net.Http.HttpClient.SspSpCrimeService.LogicalHandler[101]
      End processing HTTP request after 1059.1489ms - 200
info: System.Net.Http.HttpClient.SspSpCrimeService.ClientHandler[101]
      Received HTTP response headers after 1067.1446ms - 200
info: System.Net.Http.HttpClient.SspSpCrimeService.LogicalHandler[101]
      End processing HTTP request after 1067.194ms - 200
info: System.Net.Http.HttpClient.SspSpCrimeService.ClientHandler[101]
      Received HTTP response headers after 1127.8628ms - 200
info: System.Net.Http.HttpClient.SspSpCrimeService.LogicalHandler[101]
      End processing HTTP request after 1127.9007ms - 200
info: System.Net.Http.HttpClient.SspSpCrimeService.ClientHandler[101]
      Received HTTP response headers after 1157.5586ms - 200
info: System.Net.Http.HttpClient.SspSpCrimeService.ClientHandler[101]
      Received HTTP response headers after 1157.7492ms - 200
info: System.Net.Http.HttpClient.SspSpCrimeService.LogicalHandler[101]
      End processing HTTP request after 1157.5932ms - 200
info: System.Net.Http.HttpClient.SspSpCrimeService.LogicalHandler[101]
      End processing HTTP request after 1157.7765ms - 200
info: System.Net.Http.HttpClient.SspSpCrimeService.ClientHandler[101]
      Received HTTP response headers after 1157.9132ms - 200
info: System.Net.Http.HttpClient.SspSpCrimeService.ClientHandler[101]
      Received HTTP response headers after 1157.9366ms - 200
info: System.Net.Http.HttpClient.SspSpCrimeService.LogicalHandler[101]
      End processing HTTP request after 1157.9383ms - 200
info: System.Net.Http.HttpClient.SspSpCrimeService.LogicalHandler[101]
      End processing HTTP request after 1157.9662ms - 200
info: System.Net.Http.HttpClient.SspSpCrimeService.ClientHandler[101]
      Received HTTP response headers after 1231.129ms - 200
info: System.Net.Http.HttpClient.SspSpCrimeService.LogicalHandler[101]
      End processing HTTP request after 1231.1836ms - 200
info: System.Net.Http.HttpClient.SspSpCrimeService.ClientHandler[101]
      Received HTTP response headers after 1231.9983ms - 200
info: System.Net.Http.HttpClient.SspSpCrimeService.LogicalHandler[101]
      End processing HTTP request after 1232.0209ms - 200
info: System.Net.Http.HttpClient.SspSpCrimeService.ClientHandler[101]
      Received HTTP response headers after 1235.8514ms - 200
info: System.Net.Http.HttpClient.SspSpCrimeService.LogicalHandler[101]
      End processing HTTP request after 1235.879ms - 200
info: System.Net.Http.HttpClient.SspSpCrimeService.ClientHandler[101]
      Received HTTP response headers after 1237.9412ms - 200
info: System.Net.Http.HttpClient.SspSpCrimeService.LogicalHandler[101]
      End processing HTTP request after 1237.9772ms - 200
info: Microsoft.AspNetCore.Http.Result.OkObjectResult[1]
      Setting HTTP status code 200.
info: Microsoft.AspNetCore.Http.Result.OkObjectResult[3]
      Writing value of type '<>f__AnonymousType17`5' as Json.
info: Microsoft.AspNetCore.Routing.EndpointMiddleware[1]
      Executed endpoint 'HTTP: GET /api/seguranca/distritos-proximos'
info: Microsoft.AspNetCore.Hosting.Diagnostics[2]
      Request finished HTTP/1.1 GET http://localhost:5209/api/seguranca/distritos-proximos?ano=2025&atualizar=true - 200 - application/json;+charset=utf-8 1317.8056ms
info: Microsoft.AspNetCore.Hosting.Diagnostics[1]
      Request starting HTTP/1.1 GET http://localhost:5209/api/seguranca/distritos-proximos?ano=2022&atualizar=true - - -
info: Microsoft.AspNetCore.Cors.Infrastructure.CorsService[4]
      CORS policy execution successful.
info: Microsoft.AspNetCore.Routing.EndpointMiddleware[0]
      Executing endpoint 'HTTP: GET /api/seguranca/distritos-proximos'
info: System.Net.Http.HttpClient.SspSpCrimeService.LogicalHandler[100]
      Start processing HTTP request GET https://www.ssp.sp.gov.br/v1/Distritos/RecuperaDistritos
info: System.Net.Http.HttpClient.SspSpCrimeService.ClientHandler[100]
      Sending HTTP request GET https://www.ssp.sp.gov.br/v1/Distritos/RecuperaDistritos
info: System.Net.Http.HttpClient.SspSpCrimeService.ClientHandler[101]
      Received HTTP response headers after 39.4519ms - 200
info: System.Net.Http.HttpClient.SspSpCrimeService.LogicalHandler[101]
      End processing HTTP request after 39.5167ms - 200
info: System.Net.Http.HttpClient.SspSpCrimeService.LogicalHandler[100]
      Start processing HTTP request GET https://www.ssp.sp.gov.br/v1/OcorrenciasMensais/RecuperaDadosMensaisAgrupados?*
info: System.Net.Http.HttpClient.SspSpCrimeService.ClientHandler[100]
      Sending HTTP request GET https://www.ssp.sp.gov.br/v1/OcorrenciasMensais/RecuperaDadosMensaisAgrupados?*
info: System.Net.Http.HttpClient.SspSpCrimeService.LogicalHandler[100]
      Start processing HTTP request GET https://www.ssp.sp.gov.br/v1/OcorrenciasMensais/RecuperaDadosMensaisAgrupados?*
info: System.Net.Http.HttpClient.SspSpCrimeService.ClientHandler[100]
      Sending HTTP request GET https://www.ssp.sp.gov.br/v1/OcorrenciasMensais/RecuperaDadosMensaisAgrupados?*
info: System.Net.Http.HttpClient.SspSpCrimeService.LogicalHandler[100]
      Start processing HTTP request GET https://www.ssp.sp.gov.br/v1/OcorrenciasMensais/RecuperaDadosMensaisAgrupados?*
info: System.Net.Http.HttpClient.SspSpCrimeService.ClientHandler[100]
      Sending HTTP request GET https://www.ssp.sp.gov.br/v1/OcorrenciasMensais/RecuperaDadosMensaisAgrupados?*
info: System.Net.Http.HttpClient.SspSpCrimeService.LogicalHandler[100]
      Start processing HTTP request GET https://www.ssp.sp.gov.br/v1/OcorrenciasMensais/RecuperaDadosMensaisAgrupados?*
info: System.Net.Http.HttpClient.SspSpCrimeService.ClientHandler[100]
      Sending HTTP request GET https://www.ssp.sp.gov.br/v1/OcorrenciasMensais/RecuperaDadosMensaisAgrupados?*
info: System.Net.Http.HttpClient.SspSpCrimeService.LogicalHandler[100]
      Start processing HTTP request GET https://www.ssp.sp.gov.br/v1/OcorrenciasMensais/RecuperaDadosMensaisAgrupados?*
info: System.Net.Http.HttpClient.SspSpCrimeService.ClientHandler[100]
      Sending HTTP request GET https://www.ssp.sp.gov.br/v1/OcorrenciasMensais/RecuperaDadosMensaisAgrupados?*
info: System.Net.Http.HttpClient.SspSpCrimeService.LogicalHandler[100]
      Start processing HTTP request GET https://www.ssp.sp.gov.br/v1/OcorrenciasMensais/RecuperaDadosMensaisAgrupados?*
info: System.Net.Http.HttpClient.SspSpCrimeService.ClientHandler[100]
      Sending HTTP request GET https://www.ssp.sp.gov.br/v1/OcorrenciasMensais/RecuperaDadosMensaisAgrupados?*
info: System.Net.Http.HttpClient.SspSpCrimeService.LogicalHandler[100]
      Start processing HTTP request GET https://www.ssp.sp.gov.br/v1/OcorrenciasMensais/RecuperaDadosMensaisAgrupados?*
info: System.Net.Http.HttpClient.SspSpCrimeService.ClientHandler[100]
      Sending HTTP request GET https://www.ssp.sp.gov.br/v1/OcorrenciasMensais/RecuperaDadosMensaisAgrupados?*
info: System.Net.Http.HttpClient.SspSpCrimeService.LogicalHandler[100]
      Start processing HTTP request GET https://www.ssp.sp.gov.br/v1/OcorrenciasMensais/RecuperaDadosMensaisAgrupados?*
info: System.Net.Http.HttpClient.SspSpCrimeService.ClientHandler[100]
      Sending HTTP request GET https://www.ssp.sp.gov.br/v1/OcorrenciasMensais/RecuperaDadosMensaisAgrupados?*
info: System.Net.Http.HttpClient.SspSpCrimeService.LogicalHandler[100]
      Start processing HTTP request GET https://www.ssp.sp.gov.br/v1/OcorrenciasMensais/RecuperaDadosMensaisAgrupados?*
info: System.Net.Http.HttpClient.SspSpCrimeService.ClientHandler[100]
      Sending HTTP request GET https://www.ssp.sp.gov.br/v1/OcorrenciasMensais/RecuperaDadosMensaisAgrupados?*
info: System.Net.Http.HttpClient.SspSpCrimeService.LogicalHandler[100]
      Start processing HTTP request GET https://www.ssp.sp.gov.br/v1/OcorrenciasMensais/RecuperaDadosMensaisAgrupados?*
info: System.Net.Http.HttpClient.SspSpCrimeService.ClientHandler[100]
      Sending HTTP request GET https://www.ssp.sp.gov.br/v1/OcorrenciasMensais/RecuperaDadosMensaisAgrupados?*
info: System.Net.Http.HttpClient.SspSpCrimeService.LogicalHandler[100]
      Start processing HTTP request GET https://www.ssp.sp.gov.br/v1/OcorrenciasMensais/RecuperaDadosMensaisAgrupados?*
info: System.Net.Http.HttpClient.SspSpCrimeService.ClientHandler[100]
      Sending HTTP request GET https://www.ssp.sp.gov.br/v1/OcorrenciasMensais/RecuperaDadosMensaisAgrupados?*
info: System.Net.Http.HttpClient.SspSpCrimeService.LogicalHandler[100]
      Start processing HTTP request GET https://www.ssp.sp.gov.br/v1/OcorrenciasMensais/RecuperaDadosMensaisAgrupados?*
info: System.Net.Http.HttpClient.SspSpCrimeService.ClientHandler[100]
      Sending HTTP request GET https://www.ssp.sp.gov.br/v1/OcorrenciasMensais/RecuperaDadosMensaisAgrupados?*
info: System.Net.Http.HttpClient.SspSpCrimeService.LogicalHandler[100]
      Start processing HTTP request GET https://www.ssp.sp.gov.br/v1/OcorrenciasMensais/RecuperaDadosMensaisAgrupados?*
info: System.Net.Http.HttpClient.SspSpCrimeService.ClientHandler[100]
      Sending HTTP request GET https://www.ssp.sp.gov.br/v1/OcorrenciasMensais/RecuperaDadosMensaisAgrupados?*
info: System.Net.Http.HttpClient.SspSpCrimeService.LogicalHandler[100]
      Start processing HTTP request GET https://www.ssp.sp.gov.br/v1/OcorrenciasMensais/RecuperaDadosMensaisAgrupados?*
info: System.Net.Http.HttpClient.SspSpCrimeService.ClientHandler[100]
      Sending HTTP request GET https://www.ssp.sp.gov.br/v1/OcorrenciasMensais/RecuperaDadosMensaisAgrupados?*
info: System.Net.Http.HttpClient.SspSpCrimeService.LogicalHandler[100]
      Start processing HTTP request GET https://www.ssp.sp.gov.br/v1/OcorrenciasMensais/RecuperaDadosMensaisAgrupados?*
info: System.Net.Http.HttpClient.SspSpCrimeService.ClientHandler[100]
      Sending HTTP request GET https://www.ssp.sp.gov.br/v1/OcorrenciasMensais/RecuperaDadosMensaisAgrupados?*
info: System.Net.Http.HttpClient.SspSpCrimeService.LogicalHandler[100]
      Start processing HTTP request GET https://www.ssp.sp.gov.br/v1/OcorrenciasMensais/RecuperaDadosMensaisAgrupados?*
info: System.Net.Http.HttpClient.SspSpCrimeService.ClientHandler[100]
      Sending HTTP request GET https://www.ssp.sp.gov.br/v1/OcorrenciasMensais/RecuperaDadosMensaisAgrupados?*
info: System.Net.Http.HttpClient.SspSpCrimeService.LogicalHandler[100]
      Start processing HTTP request GET https://www.ssp.sp.gov.br/v1/OcorrenciasMensais/RecuperaDadosMensaisAgrupados?*
info: System.Net.Http.HttpClient.SspSpCrimeService.ClientHandler[100]
      Sending HTTP request GET https://www.ssp.sp.gov.br/v1/OcorrenciasMensais/RecuperaDadosMensaisAgrupados?*
info: System.Net.Http.HttpClient.SspSpCrimeService.LogicalHandler[100]
      Start processing HTTP request GET https://www.ssp.sp.gov.br/v1/OcorrenciasMensais/RecuperaDadosMensaisAgrupados?*
info: System.Net.Http.HttpClient.SspSpCrimeService.ClientHandler[100]
      Sending HTTP request GET https://www.ssp.sp.gov.br/v1/OcorrenciasMensais/RecuperaDadosMensaisAgrupados?*
info: System.Net.Http.HttpClient.SspSpCrimeService.LogicalHandler[100]
      Start processing HTTP request GET https://www.ssp.sp.gov.br/v1/OcorrenciasMensais/RecuperaDadosMensaisAgrupados?*
info: System.Net.Http.HttpClient.SspSpCrimeService.ClientHandler[100]
      Sending HTTP request GET https://www.ssp.sp.gov.br/v1/OcorrenciasMensais/RecuperaDadosMensaisAgrupados?*
info: System.Net.Http.HttpClient.SspSpCrimeService.LogicalHandler[100]
      Start processing HTTP request GET https://www.ssp.sp.gov.br/v1/OcorrenciasMensais/RecuperaDadosMensaisAgrupados?*
info: System.Net.Http.HttpClient.SspSpCrimeService.ClientHandler[100]
      Sending HTTP request GET https://www.ssp.sp.gov.br/v1/OcorrenciasMensais/RecuperaDadosMensaisAgrupados?*
info: System.Net.Http.HttpClient.SspSpCrimeService.LogicalHandler[100]
      Start processing HTTP request GET https://www.ssp.sp.gov.br/v1/OcorrenciasMensais/RecuperaDadosMensaisAgrupados?*
info: System.Net.Http.HttpClient.SspSpCrimeService.ClientHandler[100]
      Sending HTTP request GET https://www.ssp.sp.gov.br/v1/OcorrenciasMensais/RecuperaDadosMensaisAgrupados?*
info: System.Net.Http.HttpClient.SspSpCrimeService.LogicalHandler[100]
      Start processing HTTP request GET https://www.ssp.sp.gov.br/v1/OcorrenciasMensais/RecuperaDadosMensaisAgrupados?*
info: System.Net.Http.HttpClient.SspSpCrimeService.ClientHandler[100]
      Sending HTTP request GET https://www.ssp.sp.gov.br/v1/OcorrenciasMensais/RecuperaDadosMensaisAgrupados?*
info: System.Net.Http.HttpClient.SspSpCrimeService.LogicalHandler[100]
      Start processing HTTP request GET https://www.ssp.sp.gov.br/v1/OcorrenciasMensais/RecuperaDadosMensaisAgrupados?*
info: System.Net.Http.HttpClient.SspSpCrimeService.ClientHandler[100]
      Sending HTTP request GET https://www.ssp.sp.gov.br/v1/OcorrenciasMensais/RecuperaDadosMensaisAgrupados?*
info: System.Net.Http.HttpClient.SspSpCrimeService.LogicalHandler[100]
      Start processing HTTP request GET https://www.ssp.sp.gov.br/v1/OcorrenciasMensais/RecuperaDadosMensaisAgrupados?*
info: System.Net.Http.HttpClient.SspSpCrimeService.ClientHandler[100]
      Sending HTTP request GET https://www.ssp.sp.gov.br/v1/OcorrenciasMensais/RecuperaDadosMensaisAgrupados?*
info: System.Net.Http.HttpClient.SspSpCrimeService.LogicalHandler[100]
      Start processing HTTP request GET https://www.ssp.sp.gov.br/v1/OcorrenciasMensais/RecuperaDadosMensaisAgrupados?*
info: System.Net.Http.HttpClient.SspSpCrimeService.ClientHandler[100]
      Sending HTTP request GET https://www.ssp.sp.gov.br/v1/OcorrenciasMensais/RecuperaDadosMensaisAgrupados?*
info: System.Net.Http.HttpClient.SspSpCrimeService.LogicalHandler[100]
      Start processing HTTP request GET https://www.ssp.sp.gov.br/v1/OcorrenciasMensais/RecuperaDadosMensaisAgrupados?*
info: System.Net.Http.HttpClient.SspSpCrimeService.ClientHandler[100]
      Sending HTTP request GET https://www.ssp.sp.gov.br/v1/OcorrenciasMensais/RecuperaDadosMensaisAgrupados?*
info: System.Net.Http.HttpClient.SspSpCrimeService.LogicalHandler[100]
      Start processing HTTP request GET https://www.ssp.sp.gov.br/v1/OcorrenciasMensais/RecuperaDadosMensaisAgrupados?*
info: System.Net.Http.HttpClient.SspSpCrimeService.ClientHandler[100]
      Sending HTTP request GET https://www.ssp.sp.gov.br/v1/OcorrenciasMensais/RecuperaDadosMensaisAgrupados?*
info: System.Net.Http.HttpClient.SspSpCrimeService.LogicalHandler[100]
      Start processing HTTP request GET https://www.ssp.sp.gov.br/v1/OcorrenciasMensais/RecuperaDadosMensaisAgrupados?*
info: System.Net.Http.HttpClient.SspSpCrimeService.ClientHandler[100]
      Sending HTTP request GET https://www.ssp.sp.gov.br/v1/OcorrenciasMensais/RecuperaDadosMensaisAgrupados?*
info: System.Net.Http.HttpClient.SspSpCrimeService.LogicalHandler[100]
      Start processing HTTP request GET https://www.ssp.sp.gov.br/v1/OcorrenciasMensais/RecuperaDadosMensaisAgrupados?*
info: System.Net.Http.HttpClient.SspSpCrimeService.ClientHandler[100]
      Sending HTTP request GET https://www.ssp.sp.gov.br/v1/OcorrenciasMensais/RecuperaDadosMensaisAgrupados?*
info: System.Net.Http.HttpClient.SspSpCrimeService.LogicalHandler[100]
      Start processing HTTP request GET https://www.ssp.sp.gov.br/v1/OcorrenciasMensais/RecuperaDadosMensaisAgrupados?*
info: System.Net.Http.HttpClient.SspSpCrimeService.ClientHandler[100]
      Sending HTTP request GET https://www.ssp.sp.gov.br/v1/OcorrenciasMensais/RecuperaDadosMensaisAgrupados?*
info: System.Net.Http.HttpClient.SspSpCrimeService.LogicalHandler[100]
      Start processing HTTP request GET https://www.ssp.sp.gov.br/v1/OcorrenciasMensais/RecuperaDadosMensaisAgrupados?*
info: System.Net.Http.HttpClient.SspSpCrimeService.ClientHandler[100]
      Sending HTTP request GET https://www.ssp.sp.gov.br/v1/OcorrenciasMensais/RecuperaDadosMensaisAgrupados?*
info: System.Net.Http.HttpClient.SspSpCrimeService.LogicalHandler[100]
      Start processing HTTP request GET https://www.ssp.sp.gov.br/v1/OcorrenciasMensais/RecuperaDadosMensaisAgrupados?*
info: System.Net.Http.HttpClient.SspSpCrimeService.ClientHandler[100]
      Sending HTTP request GET https://www.ssp.sp.gov.br/v1/OcorrenciasMensais/RecuperaDadosMensaisAgrupados?*
info: System.Net.Http.HttpClient.SspSpCrimeService.ClientHandler[101]
      Received HTTP response headers after 670.4212ms - 200
info: System.Net.Http.HttpClient.SspSpCrimeService.LogicalHandler[101]
      End processing HTTP request after 670.4857ms - 200
info: System.Net.Http.HttpClient.SspSpCrimeService.ClientHandler[101]
      Received HTTP response headers after 669.2905ms - 200
info: System.Net.Http.HttpClient.SspSpCrimeService.LogicalHandler[101]
      End processing HTTP request after 669.3273ms - 200
info: System.Net.Http.HttpClient.SspSpCrimeService.ClientHandler[101]
      Received HTTP response headers after 670.1919ms - 200
info: System.Net.Http.HttpClient.SspSpCrimeService.LogicalHandler[101]
      End processing HTTP request after 670.3201ms - 200
info: System.Net.Http.HttpClient.SspSpCrimeService.ClientHandler[101]
      Received HTTP response headers after 667.5708ms - 200
info: System.Net.Http.HttpClient.SspSpCrimeService.LogicalHandler[101]
      End processing HTTP request after 667.6448ms - 200
info: System.Net.Http.HttpClient.SspSpCrimeService.ClientHandler[101]
      Received HTTP response headers after 669.2379ms - 200
info: System.Net.Http.HttpClient.SspSpCrimeService.LogicalHandler[101]
      End processing HTTP request after 669.2917ms - 200
info: System.Net.Http.HttpClient.SspSpCrimeService.ClientHandler[101]
      Received HTTP response headers after 673.5173ms - 200
info: System.Net.Http.HttpClient.SspSpCrimeService.LogicalHandler[101]
      End processing HTTP request after 673.5793ms - 200
info: System.Net.Http.HttpClient.SspSpCrimeService.ClientHandler[101]
      Received HTTP response headers after 685.8542ms - 200
info: System.Net.Http.HttpClient.SspSpCrimeService.LogicalHandler[101]
      End processing HTTP request after 685.9085ms - 200
info: System.Net.Http.HttpClient.SspSpCrimeService.ClientHandler[101]
      Received HTTP response headers after 694.6457ms - 200
info: System.Net.Http.HttpClient.SspSpCrimeService.LogicalHandler[101]
      End processing HTTP request after 694.7002ms - 200
info: System.Net.Http.HttpClient.SspSpCrimeService.ClientHandler[101]
      Received HTTP response headers after 698.4897ms - 200
info: System.Net.Http.HttpClient.SspSpCrimeService.LogicalHandler[101]
      End processing HTTP request after 698.564ms - 200
info: System.Net.Http.HttpClient.SspSpCrimeService.ClientHandler[101]
      Received HTTP response headers after 702.0632ms - 200
info: System.Net.Http.HttpClient.SspSpCrimeService.LogicalHandler[101]
      End processing HTTP request after 702.1664ms - 200
info: System.Net.Http.HttpClient.SspSpCrimeService.ClientHandler[101]
      Received HTTP response headers after 852.3618ms - 200
info: System.Net.Http.HttpClient.SspSpCrimeService.LogicalHandler[101]
      End processing HTTP request after 852.4321ms - 200
info: System.Net.Http.HttpClient.SspSpCrimeService.ClientHandler[101]
      Received HTTP response headers after 866.6331ms - 200
info: System.Net.Http.HttpClient.SspSpCrimeService.LogicalHandler[101]
      End processing HTTP request after 866.698ms - 200
info: System.Net.Http.HttpClient.SspSpCrimeService.ClientHandler[101]
      Received HTTP response headers after 871.4473ms - 200
info: System.Net.Http.HttpClient.SspSpCrimeService.LogicalHandler[101]
      End processing HTTP request after 871.5379ms - 200
info: System.Net.Http.HttpClient.SspSpCrimeService.ClientHandler[101]
      Received HTTP response headers after 878.7609ms - 200
info: System.Net.Http.HttpClient.SspSpCrimeService.LogicalHandler[101]
      End processing HTTP request after 878.8309ms - 200
info: System.Net.Http.HttpClient.SspSpCrimeService.ClientHandler[101]
      Received HTTP response headers after 883.0257ms - 200
info: System.Net.Http.HttpClient.SspSpCrimeService.LogicalHandler[101]
      End processing HTTP request after 883.1017ms - 200
info: System.Net.Http.HttpClient.SspSpCrimeService.ClientHandler[101]
      Received HTTP response headers after 880.6811ms - 200
info: System.Net.Http.HttpClient.SspSpCrimeService.LogicalHandler[101]
      End processing HTTP request after 880.7294ms - 200
info: System.Net.Http.HttpClient.SspSpCrimeService.ClientHandler[101]
      Received HTTP response headers after 889.5515ms - 200
info: System.Net.Http.HttpClient.SspSpCrimeService.LogicalHandler[101]
      End processing HTTP request after 889.5915ms - 200
info: System.Net.Http.HttpClient.SspSpCrimeService.ClientHandler[101]
      Received HTTP response headers after 948.5246ms - 200
info: System.Net.Http.HttpClient.SspSpCrimeService.LogicalHandler[101]
      End processing HTTP request after 948.6323ms - 200
info: System.Net.Http.HttpClient.SspSpCrimeService.ClientHandler[101]
      Received HTTP response headers after 951.368ms - 200
info: System.Net.Http.HttpClient.SspSpCrimeService.LogicalHandler[101]
      End processing HTTP request after 951.4387ms - 200
info: System.Net.Http.HttpClient.SspSpCrimeService.ClientHandler[101]
      Received HTTP response headers after 961.2126ms - 200
info: System.Net.Http.HttpClient.SspSpCrimeService.LogicalHandler[101]
      End processing HTTP request after 961.2751ms - 200
info: System.Net.Http.HttpClient.SspSpCrimeService.ClientHandler[101]
      Received HTTP response headers after 968.901ms - 200
info: System.Net.Http.HttpClient.SspSpCrimeService.LogicalHandler[101]
      End processing HTTP request after 968.9686ms - 200
info: System.Net.Http.HttpClient.SspSpCrimeService.ClientHandler[101]
      Received HTTP response headers after 967.1657ms - 200
info: System.Net.Http.HttpClient.SspSpCrimeService.LogicalHandler[101]
      End processing HTTP request after 967.2225ms - 200
info: System.Net.Http.HttpClient.SspSpCrimeService.ClientHandler[101]
      Received HTTP response headers after 970.2943ms - 200
info: System.Net.Http.HttpClient.SspSpCrimeService.LogicalHandler[101]
      End processing HTTP request after 970.3312ms - 200
info: System.Net.Http.HttpClient.SspSpCrimeService.ClientHandler[101]
      Received HTTP response headers after 977.2798ms - 200
info: System.Net.Http.HttpClient.SspSpCrimeService.LogicalHandler[101]
      End processing HTTP request after 977.335ms - 200
info: System.Net.Http.HttpClient.SspSpCrimeService.ClientHandler[101]
      Received HTTP response headers after 981.1713ms - 200
info: System.Net.Http.HttpClient.SspSpCrimeService.LogicalHandler[101]
      End processing HTTP request after 981.2057ms - 200
info: System.Net.Http.HttpClient.SspSpCrimeService.ClientHandler[101]
      Received HTTP response headers after 984.8466ms - 200
info: System.Net.Http.HttpClient.SspSpCrimeService.LogicalHandler[101]
      End processing HTTP request after 984.8942ms - 200
info: System.Net.Http.HttpClient.SspSpCrimeService.ClientHandler[101]
      Received HTTP response headers after 1383.2539ms - 200
info: System.Net.Http.HttpClient.SspSpCrimeService.LogicalHandler[101]
      End processing HTTP request after 1383.3328ms - 200
info: System.Net.Http.HttpClient.SspSpCrimeService.ClientHandler[101]
      Received HTTP response headers after 1393.2353ms - 200
info: System.Net.Http.HttpClient.SspSpCrimeService.LogicalHandler[101]
      End processing HTTP request after 1393.2957ms - 200
info: System.Net.Http.HttpClient.SspSpCrimeService.ClientHandler[101]
      Received HTTP response headers after 1394.6985ms - 200
info: System.Net.Http.HttpClient.SspSpCrimeService.LogicalHandler[101]
      End processing HTTP request after 1394.7277ms - 200
info: System.Net.Http.HttpClient.SspSpCrimeService.ClientHandler[101]
      Received HTTP response headers after 1396.4058ms - 200
info: System.Net.Http.HttpClient.SspSpCrimeService.LogicalHandler[101]
      End processing HTTP request after 1396.4339ms - 200
info: System.Net.Http.HttpClient.SspSpCrimeService.ClientHandler[101]
      Received HTTP response headers after 1402.4028ms - 200
info: System.Net.Http.HttpClient.SspSpCrimeService.LogicalHandler[101]
      End processing HTTP request after 1402.43ms - 200
info: System.Net.Http.HttpClient.SspSpCrimeService.ClientHandler[101]
      Received HTTP response headers after 1407.1075ms - 200
info: System.Net.Http.HttpClient.SspSpCrimeService.LogicalHandler[101]
      End processing HTTP request after 1407.1578ms - 200
info: Microsoft.AspNetCore.Http.Result.OkObjectResult[1]
      Setting HTTP status code 200.
info: Microsoft.AspNetCore.Http.Result.OkObjectResult[3]
      Writing value of type '<>f__AnonymousType17`5' as Json.
info: Microsoft.AspNetCore.Routing.EndpointMiddleware[1]
      Executed endpoint 'HTTP: GET /api/seguranca/distritos-proximos'
info: Microsoft.AspNetCore.Hosting.Diagnostics[2]
      Request finished HTTP/1.1 GET http://localhost:5209/api/seguranca/distritos-proximos?ano=2022&atualizar=true - 200 - application/json;+charset=utf-8 1477.0970ms
info: Microsoft.AspNetCore.Hosting.Diagnostics[1]
      Request starting HTTP/1.1 GET http://localhost:5209/api/seguranca/distritos-proximos?ano=2026&atualizar=true - - -
info: Microsoft.AspNetCore.Cors.Infrastructure.CorsService[4]
      CORS policy execution successful.
info: Microsoft.AspNetCore.Routing.EndpointMiddleware[0]
      Executing endpoint 'HTTP: GET /api/seguranca/distritos-proximos'
info: System.Net.Http.HttpClient.SspSpCrimeService.LogicalHandler[100]
      Start processing HTTP request GET https://www.ssp.sp.gov.br/v1/Distritos/RecuperaDistritos
info: System.Net.Http.HttpClient.SspSpCrimeService.ClientHandler[100]
      Sending HTTP request GET https://www.ssp.sp.gov.br/v1/Distritos/RecuperaDistritos
info: System.Net.Http.HttpClient.SspSpCrimeService.ClientHandler[101]
      Received HTTP response headers after 48.7756ms - 200
info: System.Net.Http.HttpClient.SspSpCrimeService.LogicalHandler[101]
      End processing HTTP request after 48.8401ms - 200
info: System.Net.Http.HttpClient.SspSpCrimeService.LogicalHandler[100]
      Start processing HTTP request GET https://www.ssp.sp.gov.br/v1/OcorrenciasMensais/RecuperaDadosMensaisAgrupados?*
info: System.Net.Http.HttpClient.SspSpCrimeService.ClientHandler[100]
      Sending HTTP request GET https://www.ssp.sp.gov.br/v1/OcorrenciasMensais/RecuperaDadosMensaisAgrupados?*
info: System.Net.Http.HttpClient.SspSpCrimeService.LogicalHandler[100]
      Start processing HTTP request GET https://www.ssp.sp.gov.br/v1/OcorrenciasMensais/RecuperaDadosMensaisAgrupados?*
info: System.Net.Http.HttpClient.SspSpCrimeService.ClientHandler[100]
      Sending HTTP request GET https://www.ssp.sp.gov.br/v1/OcorrenciasMensais/RecuperaDadosMensaisAgrupados?*
info: System.Net.Http.HttpClient.SspSpCrimeService.LogicalHandler[100]
      Start processing HTTP request GET https://www.ssp.sp.gov.br/v1/OcorrenciasMensais/RecuperaDadosMensaisAgrupados?*
info: System.Net.Http.HttpClient.SspSpCrimeService.ClientHandler[100]
      Sending HTTP request GET https://www.ssp.sp.gov.br/v1/OcorrenciasMensais/RecuperaDadosMensaisAgrupados?*
info: System.Net.Http.HttpClient.SspSpCrimeService.LogicalHandler[100]
      Start processing HTTP request GET https://www.ssp.sp.gov.br/v1/OcorrenciasMensais/RecuperaDadosMensaisAgrupados?*
info: System.Net.Http.HttpClient.SspSpCrimeService.ClientHandler[100]
      Sending HTTP request GET https://www.ssp.sp.gov.br/v1/OcorrenciasMensais/RecuperaDadosMensaisAgrupados?*
info: System.Net.Http.HttpClient.SspSpCrimeService.LogicalHandler[100]
      Start processing HTTP request GET https://www.ssp.sp.gov.br/v1/OcorrenciasMensais/RecuperaDadosMensaisAgrupados?*
info: System.Net.Http.HttpClient.SspSpCrimeService.ClientHandler[100]
      Sending HTTP request GET https://www.ssp.sp.gov.br/v1/OcorrenciasMensais/RecuperaDadosMensaisAgrupados?*
info: System.Net.Http.HttpClient.SspSpCrimeService.LogicalHandler[100]
      Start processing HTTP request GET https://www.ssp.sp.gov.br/v1/OcorrenciasMensais/RecuperaDadosMensaisAgrupados?*
info: System.Net.Http.HttpClient.SspSpCrimeService.ClientHandler[100]
      Sending HTTP request GET https://www.ssp.sp.gov.br/v1/OcorrenciasMensais/RecuperaDadosMensaisAgrupados?*
info: System.Net.Http.HttpClient.SspSpCrimeService.LogicalHandler[100]
      Start processing HTTP request GET https://www.ssp.sp.gov.br/v1/OcorrenciasMensais/RecuperaDadosMensaisAgrupados?*
info: System.Net.Http.HttpClient.SspSpCrimeService.ClientHandler[100]
      Sending HTTP request GET https://www.ssp.sp.gov.br/v1/OcorrenciasMensais/RecuperaDadosMensaisAgrupados?*
info: System.Net.Http.HttpClient.SspSpCrimeService.LogicalHandler[100]
      Start processing HTTP request GET https://www.ssp.sp.gov.br/v1/OcorrenciasMensais/RecuperaDadosMensaisAgrupados?*
info: System.Net.Http.HttpClient.SspSpCrimeService.ClientHandler[100]
      Sending HTTP request GET https://www.ssp.sp.gov.br/v1/OcorrenciasMensais/RecuperaDadosMensaisAgrupados?*
info: System.Net.Http.HttpClient.SspSpCrimeService.LogicalHandler[100]
      Start processing HTTP request GET https://www.ssp.sp.gov.br/v1/OcorrenciasMensais/RecuperaDadosMensaisAgrupados?*
info: System.Net.Http.HttpClient.SspSpCrimeService.ClientHandler[100]
      Sending HTTP request GET https://www.ssp.sp.gov.br/v1/OcorrenciasMensais/RecuperaDadosMensaisAgrupados?*
info: System.Net.Http.HttpClient.SspSpCrimeService.LogicalHandler[100]
      Start processing HTTP request GET https://www.ssp.sp.gov.br/v1/OcorrenciasMensais/RecuperaDadosMensaisAgrupados?*
info: System.Net.Http.HttpClient.SspSpCrimeService.ClientHandler[100]
      Sending HTTP request GET https://www.ssp.sp.gov.br/v1/OcorrenciasMensais/RecuperaDadosMensaisAgrupados?*
info: System.Net.Http.HttpClient.SspSpCrimeService.LogicalHandler[100]
      Start processing HTTP request GET https://www.ssp.sp.gov.br/v1/OcorrenciasMensais/RecuperaDadosMensaisAgrupados?*
info: System.Net.Http.HttpClient.SspSpCrimeService.ClientHandler[100]
      Sending HTTP request GET https://www.ssp.sp.gov.br/v1/OcorrenciasMensais/RecuperaDadosMensaisAgrupados?*
info: System.Net.Http.HttpClient.SspSpCrimeService.LogicalHandler[100]
      Start processing HTTP request GET https://www.ssp.sp.gov.br/v1/OcorrenciasMensais/RecuperaDadosMensaisAgrupados?*
info: System.Net.Http.HttpClient.SspSpCrimeService.ClientHandler[100]
      Sending HTTP request GET https://www.ssp.sp.gov.br/v1/OcorrenciasMensais/RecuperaDadosMensaisAgrupados?*
info: System.Net.Http.HttpClient.SspSpCrimeService.LogicalHandler[100]
      Start processing HTTP request GET https://www.ssp.sp.gov.br/v1/OcorrenciasMensais/RecuperaDadosMensaisAgrupados?*
info: System.Net.Http.HttpClient.SspSpCrimeService.ClientHandler[100]
      Sending HTTP request GET https://www.ssp.sp.gov.br/v1/OcorrenciasMensais/RecuperaDadosMensaisAgrupados?*
info: System.Net.Http.HttpClient.SspSpCrimeService.LogicalHandler[100]
      Start processing HTTP request GET https://www.ssp.sp.gov.br/v1/OcorrenciasMensais/RecuperaDadosMensaisAgrupados?*
info: System.Net.Http.HttpClient.SspSpCrimeService.ClientHandler[100]
      Sending HTTP request GET https://www.ssp.sp.gov.br/v1/OcorrenciasMensais/RecuperaDadosMensaisAgrupados?*
info: System.Net.Http.HttpClient.SspSpCrimeService.LogicalHandler[100]
      Start processing HTTP request GET https://www.ssp.sp.gov.br/v1/OcorrenciasMensais/RecuperaDadosMensaisAgrupados?*
info: System.Net.Http.HttpClient.SspSpCrimeService.ClientHandler[100]
      Sending HTTP request GET https://www.ssp.sp.gov.br/v1/OcorrenciasMensais/RecuperaDadosMensaisAgrupados?*
info: System.Net.Http.HttpClient.SspSpCrimeService.LogicalHandler[100]
      Start processing HTTP request GET https://www.ssp.sp.gov.br/v1/OcorrenciasMensais/RecuperaDadosMensaisAgrupados?*
info: System.Net.Http.HttpClient.SspSpCrimeService.ClientHandler[100]
      Sending HTTP request GET https://www.ssp.sp.gov.br/v1/OcorrenciasMensais/RecuperaDadosMensaisAgrupados?*
info: System.Net.Http.HttpClient.SspSpCrimeService.LogicalHandler[100]
      Start processing HTTP request GET https://www.ssp.sp.gov.br/v1/OcorrenciasMensais/RecuperaDadosMensaisAgrupados?*
info: System.Net.Http.HttpClient.SspSpCrimeService.ClientHandler[100]
      Sending HTTP request GET https://www.ssp.sp.gov.br/v1/OcorrenciasMensais/RecuperaDadosMensaisAgrupados?*
info: System.Net.Http.HttpClient.SspSpCrimeService.LogicalHandler[100]
      Start processing HTTP request GET https://www.ssp.sp.gov.br/v1/OcorrenciasMensais/RecuperaDadosMensaisAgrupados?*
info: System.Net.Http.HttpClient.SspSpCrimeService.ClientHandler[100]
      Sending HTTP request GET https://www.ssp.sp.gov.br/v1/OcorrenciasMensais/RecuperaDadosMensaisAgrupados?*
info: System.Net.Http.HttpClient.SspSpCrimeService.LogicalHandler[100]
      Start processing HTTP request GET https://www.ssp.sp.gov.br/v1/OcorrenciasMensais/RecuperaDadosMensaisAgrupados?*
info: System.Net.Http.HttpClient.SspSpCrimeService.ClientHandler[100]
      Sending HTTP request GET https://www.ssp.sp.gov.br/v1/OcorrenciasMensais/RecuperaDadosMensaisAgrupados?*
info: System.Net.Http.HttpClient.SspSpCrimeService.LogicalHandler[100]
      Start processing HTTP request GET https://www.ssp.sp.gov.br/v1/OcorrenciasMensais/RecuperaDadosMensaisAgrupados?*
info: System.Net.Http.HttpClient.SspSpCrimeService.ClientHandler[100]
      Sending HTTP request GET https://www.ssp.sp.gov.br/v1/OcorrenciasMensais/RecuperaDadosMensaisAgrupados?*
info: System.Net.Http.HttpClient.SspSpCrimeService.LogicalHandler[100]
      Start processing HTTP request GET https://www.ssp.sp.gov.br/v1/OcorrenciasMensais/RecuperaDadosMensaisAgrupados?*
info: System.Net.Http.HttpClient.SspSpCrimeService.ClientHandler[100]
      Sending HTTP request GET https://www.ssp.sp.gov.br/v1/OcorrenciasMensais/RecuperaDadosMensaisAgrupados?*
info: System.Net.Http.HttpClient.SspSpCrimeService.LogicalHandler[100]
      Start processing HTTP request GET https://www.ssp.sp.gov.br/v1/OcorrenciasMensais/RecuperaDadosMensaisAgrupados?*
info: System.Net.Http.HttpClient.SspSpCrimeService.ClientHandler[100]
      Sending HTTP request GET https://www.ssp.sp.gov.br/v1/OcorrenciasMensais/RecuperaDadosMensaisAgrupados?*
info: System.Net.Http.HttpClient.SspSpCrimeService.LogicalHandler[100]
      Start processing HTTP request GET https://www.ssp.sp.gov.br/v1/OcorrenciasMensais/RecuperaDadosMensaisAgrupados?*
info: System.Net.Http.HttpClient.SspSpCrimeService.ClientHandler[100]
      Sending HTTP request GET https://www.ssp.sp.gov.br/v1/OcorrenciasMensais/RecuperaDadosMensaisAgrupados?*
info: System.Net.Http.HttpClient.SspSpCrimeService.LogicalHandler[100]
      Start processing HTTP request GET https://www.ssp.sp.gov.br/v1/OcorrenciasMensais/RecuperaDadosMensaisAgrupados?*
info: System.Net.Http.HttpClient.SspSpCrimeService.ClientHandler[100]
      Sending HTTP request GET https://www.ssp.sp.gov.br/v1/OcorrenciasMensais/RecuperaDadosMensaisAgrupados?*
info: System.Net.Http.HttpClient.SspSpCrimeService.LogicalHandler[100]
      Start processing HTTP request GET https://www.ssp.sp.gov.br/v1/OcorrenciasMensais/RecuperaDadosMensaisAgrupados?*
info: System.Net.Http.HttpClient.SspSpCrimeService.ClientHandler[100]
      Sending HTTP request GET https://www.ssp.sp.gov.br/v1/OcorrenciasMensais/RecuperaDadosMensaisAgrupados?*
info: System.Net.Http.HttpClient.SspSpCrimeService.LogicalHandler[100]
      Start processing HTTP request GET https://www.ssp.sp.gov.br/v1/OcorrenciasMensais/RecuperaDadosMensaisAgrupados?*
info: System.Net.Http.HttpClient.SspSpCrimeService.ClientHandler[100]
      Sending HTTP request GET https://www.ssp.sp.gov.br/v1/OcorrenciasMensais/RecuperaDadosMensaisAgrupados?*
info: System.Net.Http.HttpClient.SspSpCrimeService.LogicalHandler[100]
      Start processing HTTP request GET https://www.ssp.sp.gov.br/v1/OcorrenciasMensais/RecuperaDadosMensaisAgrupados?*
info: System.Net.Http.HttpClient.SspSpCrimeService.ClientHandler[100]
      Sending HTTP request GET https://www.ssp.sp.gov.br/v1/OcorrenciasMensais/RecuperaDadosMensaisAgrupados?*
info: System.Net.Http.HttpClient.SspSpCrimeService.LogicalHandler[100]
      Start processing HTTP request GET https://www.ssp.sp.gov.br/v1/OcorrenciasMensais/RecuperaDadosMensaisAgrupados?*
info: System.Net.Http.HttpClient.SspSpCrimeService.ClientHandler[100]
      Sending HTTP request GET https://www.ssp.sp.gov.br/v1/OcorrenciasMensais/RecuperaDadosMensaisAgrupados?*
info: System.Net.Http.HttpClient.SspSpCrimeService.LogicalHandler[100]
      Start processing HTTP request GET https://www.ssp.sp.gov.br/v1/OcorrenciasMensais/RecuperaDadosMensaisAgrupados?*
info: System.Net.Http.HttpClient.SspSpCrimeService.ClientHandler[100]
      Sending HTTP request GET https://www.ssp.sp.gov.br/v1/OcorrenciasMensais/RecuperaDadosMensaisAgrupados?*
info: System.Net.Http.HttpClient.SspSpCrimeService.LogicalHandler[100]
      Start processing HTTP request GET https://www.ssp.sp.gov.br/v1/OcorrenciasMensais/RecuperaDadosMensaisAgrupados?*
info: System.Net.Http.HttpClient.SspSpCrimeService.ClientHandler[100]
      Sending HTTP request GET https://www.ssp.sp.gov.br/v1/OcorrenciasMensais/RecuperaDadosMensaisAgrupados?*
info: System.Net.Http.HttpClient.SspSpCrimeService.LogicalHandler[100]
      Start processing HTTP request GET https://www.ssp.sp.gov.br/v1/OcorrenciasMensais/RecuperaDadosMensaisAgrupados?*
info: System.Net.Http.HttpClient.SspSpCrimeService.ClientHandler[100]
      Sending HTTP request GET https://www.ssp.sp.gov.br/v1/OcorrenciasMensais/RecuperaDadosMensaisAgrupados?*
info: System.Net.Http.HttpClient.SspSpCrimeService.LogicalHandler[100]
      Start processing HTTP request GET https://www.ssp.sp.gov.br/v1/OcorrenciasMensais/RecuperaDadosMensaisAgrupados?*
info: System.Net.Http.HttpClient.SspSpCrimeService.ClientHandler[100]
      Sending HTTP request GET https://www.ssp.sp.gov.br/v1/OcorrenciasMensais/RecuperaDadosMensaisAgrupados?*
info: System.Net.Http.HttpClient.SspSpCrimeService.ClientHandler[101]
      Received HTTP response headers after 602.2461ms - 200
info: System.Net.Http.HttpClient.SspSpCrimeService.LogicalHandler[101]
      End processing HTTP request after 602.3673ms - 200
info: System.Net.Http.HttpClient.SspSpCrimeService.ClientHandler[101]
      Received HTTP response headers after 695.3301ms - 200
info: System.Net.Http.HttpClient.SspSpCrimeService.LogicalHandler[101]
      End processing HTTP request after 695.3826ms - 200
info: System.Net.Http.HttpClient.SspSpCrimeService.ClientHandler[101]
      Received HTTP response headers after 694.7999ms - 200
info: System.Net.Http.HttpClient.SspSpCrimeService.LogicalHandler[101]
      End processing HTTP request after 694.8756ms - 200
info: System.Net.Http.HttpClient.SspSpCrimeService.ClientHandler[101]
      Received HTTP response headers after 703.8969ms - 200
info: System.Net.Http.HttpClient.SspSpCrimeService.LogicalHandler[101]
      End processing HTTP request after 703.9361ms - 200
info: System.Net.Http.HttpClient.SspSpCrimeService.ClientHandler[101]
      Received HTTP response headers after 716.546ms - 200
info: System.Net.Http.HttpClient.SspSpCrimeService.LogicalHandler[101]
      End processing HTTP request after 716.5881ms - 200
info: System.Net.Http.HttpClient.SspSpCrimeService.ClientHandler[101]
      Received HTTP response headers after 800.2377ms - 200
info: System.Net.Http.HttpClient.SspSpCrimeService.LogicalHandler[101]
      End processing HTTP request after 800.2992ms - 200
info: System.Net.Http.HttpClient.SspSpCrimeService.ClientHandler[101]
      Received HTTP response headers after 802.1087ms - 200
info: System.Net.Http.HttpClient.SspSpCrimeService.LogicalHandler[101]
      End processing HTTP request after 802.1818ms - 200
info: System.Net.Http.HttpClient.SspSpCrimeService.ClientHandler[101]
      Received HTTP response headers after 802.9544ms - 200
info: System.Net.Http.HttpClient.SspSpCrimeService.LogicalHandler[101]
      End processing HTTP request after 803.0135ms - 200
info: System.Net.Http.HttpClient.SspSpCrimeService.ClientHandler[101]
      Received HTTP response headers after 813.0706ms - 200
info: System.Net.Http.HttpClient.SspSpCrimeService.LogicalHandler[101]
      End processing HTTP request after 813.116ms - 200
info: System.Net.Http.HttpClient.SspSpCrimeService.ClientHandler[101]
      Received HTTP response headers after 814.221ms - 200
info: System.Net.Http.HttpClient.SspSpCrimeService.LogicalHandler[101]
      End processing HTTP request after 814.3263ms - 200
info: System.Net.Http.HttpClient.SspSpCrimeService.ClientHandler[101]
      Received HTTP response headers after 831.2072ms - 200
info: System.Net.Http.HttpClient.SspSpCrimeService.LogicalHandler[101]
      End processing HTTP request after 831.2635ms - 200
info: System.Net.Http.HttpClient.SspSpCrimeService.ClientHandler[101]
      Received HTTP response headers after 856.7089ms - 200
info: System.Net.Http.HttpClient.SspSpCrimeService.LogicalHandler[101]
      End processing HTTP request after 856.7529ms - 200
info: System.Net.Http.HttpClient.SspSpCrimeService.ClientHandler[101]
      Received HTTP response headers after 886.1345ms - 200
info: System.Net.Http.HttpClient.SspSpCrimeService.LogicalHandler[101]
      End processing HTTP request after 886.1573ms - 200
info: System.Net.Http.HttpClient.SspSpCrimeService.ClientHandler[101]
      Received HTTP response headers after 888.7339ms - 200
info: System.Net.Http.HttpClient.SspSpCrimeService.LogicalHandler[101]
      End processing HTTP request after 888.75ms - 200
info: System.Net.Http.HttpClient.SspSpCrimeService.ClientHandler[101]
      Received HTTP response headers after 913.6174ms - 200
info: System.Net.Http.HttpClient.SspSpCrimeService.LogicalHandler[101]
      End processing HTTP request after 913.6742ms - 200
info: System.Net.Http.HttpClient.SspSpCrimeService.ClientHandler[101]
      Received HTTP response headers after 914.3616ms - 200
info: System.Net.Http.HttpClient.SspSpCrimeService.LogicalHandler[101]
      End processing HTTP request after 914.4193ms - 200
info: System.Net.Http.HttpClient.SspSpCrimeService.ClientHandler[101]
      Received HTTP response headers after 915.2511ms - 200
info: System.Net.Http.HttpClient.SspSpCrimeService.LogicalHandler[101]
      End processing HTTP request after 915.2964ms - 200
info: System.Net.Http.HttpClient.SspSpCrimeService.ClientHandler[101]
      Received HTTP response headers after 917.0912ms - 200
info: System.Net.Http.HttpClient.SspSpCrimeService.LogicalHandler[101]
      End processing HTTP request after 917.1503ms - 200
info: System.Net.Http.HttpClient.SspSpCrimeService.ClientHandler[101]
      Received HTTP response headers after 919.1622ms - 200
info: System.Net.Http.HttpClient.SspSpCrimeService.LogicalHandler[101]
      End processing HTTP request after 919.1932ms - 200
info: System.Net.Http.HttpClient.SspSpCrimeService.ClientHandler[101]
      Received HTTP response headers after 956.8613ms - 200
info: System.Net.Http.HttpClient.SspSpCrimeService.LogicalHandler[101]
      End processing HTTP request after 956.9032ms - 200
info: System.Net.Http.HttpClient.SspSpCrimeService.ClientHandler[101]
      Received HTTP response headers after 972.5263ms - 200
info: System.Net.Http.HttpClient.SspSpCrimeService.LogicalHandler[101]
      End processing HTTP request after 972.5637ms - 200
info: System.Net.Http.HttpClient.SspSpCrimeService.ClientHandler[101]
      Received HTTP response headers after 981.8703ms - 200
info: System.Net.Http.HttpClient.SspSpCrimeService.LogicalHandler[101]
      End processing HTTP request after 981.9146ms - 200
info: System.Net.Http.HttpClient.SspSpCrimeService.ClientHandler[101]
      Received HTTP response headers after 991.7131ms - 200
info: System.Net.Http.HttpClient.SspSpCrimeService.LogicalHandler[101]
      End processing HTTP request after 991.7546ms - 200
info: System.Net.Http.HttpClient.SspSpCrimeService.ClientHandler[101]
      Received HTTP response headers after 993.2886ms - 200
info: System.Net.Http.HttpClient.SspSpCrimeService.LogicalHandler[101]
      End processing HTTP request after 993.3239ms - 200
info: System.Net.Http.HttpClient.SspSpCrimeService.ClientHandler[101]
      Received HTTP response headers after 996.3967ms - 200
info: System.Net.Http.HttpClient.SspSpCrimeService.LogicalHandler[101]
      End processing HTTP request after 996.4253ms - 200
info: System.Net.Http.HttpClient.SspSpCrimeService.ClientHandler[101]
      Received HTTP response headers after 998.1604ms - 200
info: System.Net.Http.HttpClient.SspSpCrimeService.LogicalHandler[101]
      End processing HTTP request after 998.2138ms - 200
info: System.Net.Http.HttpClient.SspSpCrimeService.ClientHandler[101]
      Received HTTP response headers after 1010.0114ms - 200
info: System.Net.Http.HttpClient.SspSpCrimeService.LogicalHandler[101]
      End processing HTTP request after 1010.0424ms - 200
info: System.Net.Http.HttpClient.SspSpCrimeService.ClientHandler[101]
      Received HTTP response headers after 1011.1072ms - 200
info: System.Net.Http.HttpClient.SspSpCrimeService.LogicalHandler[101]
      End processing HTTP request after 1011.1924ms - 200
info: System.Net.Http.HttpClient.SspSpCrimeService.ClientHandler[101]
      Received HTTP response headers after 1086.1208ms - 200
info: System.Net.Http.HttpClient.SspSpCrimeService.LogicalHandler[101]
      End processing HTTP request after 1086.168ms - 200
info: System.Net.Http.HttpClient.SspSpCrimeService.ClientHandler[101]
      Received HTTP response headers after 1107.2958ms - 200
info: System.Net.Http.HttpClient.SspSpCrimeService.LogicalHandler[101]
      End processing HTTP request after 1107.3256ms - 200
info: System.Net.Http.HttpClient.SspSpCrimeService.ClientHandler[101]
      Received HTTP response headers after 1108.9384ms - 200
info: System.Net.Http.HttpClient.SspSpCrimeService.LogicalHandler[101]
      End processing HTTP request after 1108.9917ms - 200
info: System.Net.Http.HttpClient.SspSpCrimeService.ClientHandler[101]
      Received HTTP response headers after 1148.0341ms - 200
info: System.Net.Http.HttpClient.SspSpCrimeService.LogicalHandler[101]
      End processing HTTP request after 1148.066ms - 200
info: Microsoft.AspNetCore.Http.Result.OkObjectResult[1]
      Setting HTTP status code 200.
info: Microsoft.AspNetCore.Http.Result.OkObjectResult[3]
      Writing value of type '<>f__AnonymousType17`5' as Json.
info: Microsoft.AspNetCore.Routing.EndpointMiddleware[1]
      Executed endpoint 'HTTP: GET /api/seguranca/distritos-proximos'
info: Microsoft.AspNetCore.Hosting.Diagnostics[2]
      Request finished HTTP/1.1 GET http://localhost:5209/api/seguranca/distritos-proximos?ano=2026&atualizar=true - 200 - application/json;+charset=utf-8 1239.6236ms
info: Microsoft.AspNetCore.Hosting.Diagnostics[1]
      Request starting HTTP/1.1 GET http://localhost:5209/api/seguranca/distritos-proximos?ano=2025&atualizar=true - - -
info: Microsoft.AspNetCore.Cors.Infrastructure.CorsService[4]
      CORS policy execution successful.
info: Microsoft.AspNetCore.Routing.EndpointMiddleware[0]
      Executing endpoint 'HTTP: GET /api/seguranca/distritos-proximos'
info: System.Net.Http.HttpClient.SspSpCrimeService.LogicalHandler[100]
      Start processing HTTP request GET https://www.ssp.sp.gov.br/v1/Distritos/RecuperaDistritos
info: System.Net.Http.HttpClient.SspSpCrimeService.ClientHandler[100]
      Sending HTTP request GET https://www.ssp.sp.gov.br/v1/Distritos/RecuperaDistritos
info: System.Net.Http.HttpClient.SspSpCrimeService.ClientHandler[101]
      Received HTTP response headers after 50.8538ms - 200
info: System.Net.Http.HttpClient.SspSpCrimeService.LogicalHandler[101]
      End processing HTTP request after 50.9181ms - 200
info: System.Net.Http.HttpClient.SspSpCrimeService.LogicalHandler[100]
      Start processing HTTP request GET https://www.ssp.sp.gov.br/v1/OcorrenciasMensais/RecuperaDadosMensaisAgrupados?*
info: System.Net.Http.HttpClient.SspSpCrimeService.ClientHandler[100]
      Sending HTTP request GET https://www.ssp.sp.gov.br/v1/OcorrenciasMensais/RecuperaDadosMensaisAgrupados?*
info: System.Net.Http.HttpClient.SspSpCrimeService.LogicalHandler[100]
      Start processing HTTP request GET https://www.ssp.sp.gov.br/v1/OcorrenciasMensais/RecuperaDadosMensaisAgrupados?*
info: System.Net.Http.HttpClient.SspSpCrimeService.ClientHandler[100]
      Sending HTTP request GET https://www.ssp.sp.gov.br/v1/OcorrenciasMensais/RecuperaDadosMensaisAgrupados?*
info: System.Net.Http.HttpClient.SspSpCrimeService.LogicalHandler[100]
      Start processing HTTP request GET https://www.ssp.sp.gov.br/v1/OcorrenciasMensais/RecuperaDadosMensaisAgrupados?*
info: System.Net.Http.HttpClient.SspSpCrimeService.ClientHandler[100]
      Sending HTTP request GET https://www.ssp.sp.gov.br/v1/OcorrenciasMensais/RecuperaDadosMensaisAgrupados?*
info: System.Net.Http.HttpClient.SspSpCrimeService.LogicalHandler[100]
      Start processing HTTP request GET https://www.ssp.sp.gov.br/v1/OcorrenciasMensais/RecuperaDadosMensaisAgrupados?*
info: System.Net.Http.HttpClient.SspSpCrimeService.ClientHandler[100]
      Sending HTTP request GET https://www.ssp.sp.gov.br/v1/OcorrenciasMensais/RecuperaDadosMensaisAgrupados?*
info: System.Net.Http.HttpClient.SspSpCrimeService.LogicalHandler[100]
      Start processing HTTP request GET https://www.ssp.sp.gov.br/v1/OcorrenciasMensais/RecuperaDadosMensaisAgrupados?*
info: System.Net.Http.HttpClient.SspSpCrimeService.ClientHandler[100]
      Sending HTTP request GET https://www.ssp.sp.gov.br/v1/OcorrenciasMensais/RecuperaDadosMensaisAgrupados?*
info: System.Net.Http.HttpClient.SspSpCrimeService.LogicalHandler[100]
      Start processing HTTP request GET https://www.ssp.sp.gov.br/v1/OcorrenciasMensais/RecuperaDadosMensaisAgrupados?*
info: System.Net.Http.HttpClient.SspSpCrimeService.ClientHandler[100]
      Sending HTTP request GET https://www.ssp.sp.gov.br/v1/OcorrenciasMensais/RecuperaDadosMensaisAgrupados?*
info: System.Net.Http.HttpClient.SspSpCrimeService.LogicalHandler[100]
      Start processing HTTP request GET https://www.ssp.sp.gov.br/v1/OcorrenciasMensais/RecuperaDadosMensaisAgrupados?*
info: System.Net.Http.HttpClient.SspSpCrimeService.ClientHandler[100]
      Sending HTTP request GET https://www.ssp.sp.gov.br/v1/OcorrenciasMensais/RecuperaDadosMensaisAgrupados?*
info: System.Net.Http.HttpClient.SspSpCrimeService.LogicalHandler[100]
      Start processing HTTP request GET https://www.ssp.sp.gov.br/v1/OcorrenciasMensais/RecuperaDadosMensaisAgrupados?*
info: System.Net.Http.HttpClient.SspSpCrimeService.ClientHandler[100]
      Sending HTTP request GET https://www.ssp.sp.gov.br/v1/OcorrenciasMensais/RecuperaDadosMensaisAgrupados?*
info: System.Net.Http.HttpClient.SspSpCrimeService.LogicalHandler[100]
      Start processing HTTP request GET https://www.ssp.sp.gov.br/v1/OcorrenciasMensais/RecuperaDadosMensaisAgrupados?*
info: System.Net.Http.HttpClient.SspSpCrimeService.ClientHandler[100]
      Sending HTTP request GET https://www.ssp.sp.gov.br/v1/OcorrenciasMensais/RecuperaDadosMensaisAgrupados?*
info: System.Net.Http.HttpClient.SspSpCrimeService.LogicalHandler[100]
      Start processing HTTP request GET https://www.ssp.sp.gov.br/v1/OcorrenciasMensais/RecuperaDadosMensaisAgrupados?*
info: System.Net.Http.HttpClient.SspSpCrimeService.ClientHandler[100]
      Sending HTTP request GET https://www.ssp.sp.gov.br/v1/OcorrenciasMensais/RecuperaDadosMensaisAgrupados?*
info: System.Net.Http.HttpClient.SspSpCrimeService.LogicalHandler[100]
      Start processing HTTP request GET https://www.ssp.sp.gov.br/v1/OcorrenciasMensais/RecuperaDadosMensaisAgrupados?*
info: System.Net.Http.HttpClient.SspSpCrimeService.ClientHandler[100]
      Sending HTTP request GET https://www.ssp.sp.gov.br/v1/OcorrenciasMensais/RecuperaDadosMensaisAgrupados?*
info: System.Net.Http.HttpClient.SspSpCrimeService.LogicalHandler[100]
      Start processing HTTP request GET https://www.ssp.sp.gov.br/v1/OcorrenciasMensais/RecuperaDadosMensaisAgrupados?*
info: System.Net.Http.HttpClient.SspSpCrimeService.ClientHandler[100]
      Sending HTTP request GET https://www.ssp.sp.gov.br/v1/OcorrenciasMensais/RecuperaDadosMensaisAgrupados?*
info: System.Net.Http.HttpClient.SspSpCrimeService.LogicalHandler[100]
      Start processing HTTP request GET https://www.ssp.sp.gov.br/v1/OcorrenciasMensais/RecuperaDadosMensaisAgrupados?*
info: System.Net.Http.HttpClient.SspSpCrimeService.ClientHandler[100]
      Sending HTTP request GET https://www.ssp.sp.gov.br/v1/OcorrenciasMensais/RecuperaDadosMensaisAgrupados?*
info: System.Net.Http.HttpClient.SspSpCrimeService.LogicalHandler[100]
      Start processing HTTP request GET https://www.ssp.sp.gov.br/v1/OcorrenciasMensais/RecuperaDadosMensaisAgrupados?*
info: System.Net.Http.HttpClient.SspSpCrimeService.ClientHandler[100]
      Sending HTTP request GET https://www.ssp.sp.gov.br/v1/OcorrenciasMensais/RecuperaDadosMensaisAgrupados?*
info: System.Net.Http.HttpClient.SspSpCrimeService.LogicalHandler[100]
      Start processing HTTP request GET https://www.ssp.sp.gov.br/v1/OcorrenciasMensais/RecuperaDadosMensaisAgrupados?*
info: System.Net.Http.HttpClient.SspSpCrimeService.ClientHandler[100]
      Sending HTTP request GET https://www.ssp.sp.gov.br/v1/OcorrenciasMensais/RecuperaDadosMensaisAgrupados?*
info: System.Net.Http.HttpClient.SspSpCrimeService.LogicalHandler[100]
      Start processing HTTP request GET https://www.ssp.sp.gov.br/v1/OcorrenciasMensais/RecuperaDadosMensaisAgrupados?*
info: System.Net.Http.HttpClient.SspSpCrimeService.ClientHandler[100]
      Sending HTTP request GET https://www.ssp.sp.gov.br/v1/OcorrenciasMensais/RecuperaDadosMensaisAgrupados?*
info: System.Net.Http.HttpClient.SspSpCrimeService.LogicalHandler[100]
      Start processing HTTP request GET https://www.ssp.sp.gov.br/v1/OcorrenciasMensais/RecuperaDadosMensaisAgrupados?*
info: System.Net.Http.HttpClient.SspSpCrimeService.ClientHandler[100]
      Sending HTTP request GET https://www.ssp.sp.gov.br/v1/OcorrenciasMensais/RecuperaDadosMensaisAgrupados?*
info: System.Net.Http.HttpClient.SspSpCrimeService.LogicalHandler[100]
      Start processing HTTP request GET https://www.ssp.sp.gov.br/v1/OcorrenciasMensais/RecuperaDadosMensaisAgrupados?*
info: System.Net.Http.HttpClient.SspSpCrimeService.ClientHandler[100]
      Sending HTTP request GET https://www.ssp.sp.gov.br/v1/OcorrenciasMensais/RecuperaDadosMensaisAgrupados?*
info: System.Net.Http.HttpClient.SspSpCrimeService.LogicalHandler[100]
      Start processing HTTP request GET https://www.ssp.sp.gov.br/v1/OcorrenciasMensais/RecuperaDadosMensaisAgrupados?*
info: System.Net.Http.HttpClient.SspSpCrimeService.ClientHandler[100]
      Sending HTTP request GET https://www.ssp.sp.gov.br/v1/OcorrenciasMensais/RecuperaDadosMensaisAgrupados?*
info: System.Net.Http.HttpClient.SspSpCrimeService.LogicalHandler[100]
      Start processing HTTP request GET https://www.ssp.sp.gov.br/v1/OcorrenciasMensais/RecuperaDadosMensaisAgrupados?*
info: System.Net.Http.HttpClient.SspSpCrimeService.ClientHandler[100]
      Sending HTTP request GET https://www.ssp.sp.gov.br/v1/OcorrenciasMensais/RecuperaDadosMensaisAgrupados?*
info: System.Net.Http.HttpClient.SspSpCrimeService.LogicalHandler[100]
      Start processing HTTP request GET https://www.ssp.sp.gov.br/v1/OcorrenciasMensais/RecuperaDadosMensaisAgrupados?*
info: System.Net.Http.HttpClient.SspSpCrimeService.ClientHandler[100]
      Sending HTTP request GET https://www.ssp.sp.gov.br/v1/OcorrenciasMensais/RecuperaDadosMensaisAgrupados?*
info: System.Net.Http.HttpClient.SspSpCrimeService.LogicalHandler[100]
      Start processing HTTP request GET https://www.ssp.sp.gov.br/v1/OcorrenciasMensais/RecuperaDadosMensaisAgrupados?*
info: System.Net.Http.HttpClient.SspSpCrimeService.ClientHandler[100]
      Sending HTTP request GET https://www.ssp.sp.gov.br/v1/OcorrenciasMensais/RecuperaDadosMensaisAgrupados?*
info: System.Net.Http.HttpClient.SspSpCrimeService.LogicalHandler[100]
      Start processing HTTP request GET https://www.ssp.sp.gov.br/v1/OcorrenciasMensais/RecuperaDadosMensaisAgrupados?*
info: System.Net.Http.HttpClient.SspSpCrimeService.ClientHandler[100]
      Sending HTTP request GET https://www.ssp.sp.gov.br/v1/OcorrenciasMensais/RecuperaDadosMensaisAgrupados?*
info: System.Net.Http.HttpClient.SspSpCrimeService.LogicalHandler[100]
      Start processing HTTP request GET https://www.ssp.sp.gov.br/v1/OcorrenciasMensais/RecuperaDadosMensaisAgrupados?*
info: System.Net.Http.HttpClient.SspSpCrimeService.ClientHandler[100]
      Sending HTTP request GET https://www.ssp.sp.gov.br/v1/OcorrenciasMensais/RecuperaDadosMensaisAgrupados?*
info: System.Net.Http.HttpClient.SspSpCrimeService.LogicalHandler[100]
      Start processing HTTP request GET https://www.ssp.sp.gov.br/v1/OcorrenciasMensais/RecuperaDadosMensaisAgrupados?*
info: System.Net.Http.HttpClient.SspSpCrimeService.ClientHandler[100]
      Sending HTTP request GET https://www.ssp.sp.gov.br/v1/OcorrenciasMensais/RecuperaDadosMensaisAgrupados?*
info: System.Net.Http.HttpClient.SspSpCrimeService.LogicalHandler[100]
      Start processing HTTP request GET https://www.ssp.sp.gov.br/v1/OcorrenciasMensais/RecuperaDadosMensaisAgrupados?*
info: System.Net.Http.HttpClient.SspSpCrimeService.ClientHandler[100]
      Sending HTTP request GET https://www.ssp.sp.gov.br/v1/OcorrenciasMensais/RecuperaDadosMensaisAgrupados?*
info: System.Net.Http.HttpClient.SspSpCrimeService.LogicalHandler[100]
      Start processing HTTP request GET https://www.ssp.sp.gov.br/v1/OcorrenciasMensais/RecuperaDadosMensaisAgrupados?*
info: System.Net.Http.HttpClient.SspSpCrimeService.ClientHandler[100]
      Sending HTTP request GET https://www.ssp.sp.gov.br/v1/OcorrenciasMensais/RecuperaDadosMensaisAgrupados?*
info: System.Net.Http.HttpClient.SspSpCrimeService.LogicalHandler[100]
      Start processing HTTP request GET https://www.ssp.sp.gov.br/v1/OcorrenciasMensais/RecuperaDadosMensaisAgrupados?*
info: System.Net.Http.HttpClient.SspSpCrimeService.ClientHandler[100]
      Sending HTTP request GET https://www.ssp.sp.gov.br/v1/OcorrenciasMensais/RecuperaDadosMensaisAgrupados?*
info: System.Net.Http.HttpClient.SspSpCrimeService.LogicalHandler[100]
      Start processing HTTP request GET https://www.ssp.sp.gov.br/v1/OcorrenciasMensais/RecuperaDadosMensaisAgrupados?*
info: System.Net.Http.HttpClient.SspSpCrimeService.ClientHandler[100]
      Sending HTTP request GET https://www.ssp.sp.gov.br/v1/OcorrenciasMensais/RecuperaDadosMensaisAgrupados?*
info: System.Net.Http.HttpClient.SspSpCrimeService.LogicalHandler[100]
      Start processing HTTP request GET https://www.ssp.sp.gov.br/v1/OcorrenciasMensais/RecuperaDadosMensaisAgrupados?*
info: System.Net.Http.HttpClient.SspSpCrimeService.ClientHandler[100]
      Sending HTTP request GET https://www.ssp.sp.gov.br/v1/OcorrenciasMensais/RecuperaDadosMensaisAgrupados?*
info: System.Net.Http.HttpClient.SspSpCrimeService.LogicalHandler[100]
      Start processing HTTP request GET https://www.ssp.sp.gov.br/v1/OcorrenciasMensais/RecuperaDadosMensaisAgrupados?*
info: System.Net.Http.HttpClient.SspSpCrimeService.ClientHandler[100]
      Sending HTTP request GET https://www.ssp.sp.gov.br/v1/OcorrenciasMensais/RecuperaDadosMensaisAgrupados?*
info: System.Net.Http.HttpClient.SspSpCrimeService.LogicalHandler[100]
      Start processing HTTP request GET https://www.ssp.sp.gov.br/v1/OcorrenciasMensais/RecuperaDadosMensaisAgrupados?*
info: System.Net.Http.HttpClient.SspSpCrimeService.ClientHandler[100]
      Sending HTTP request GET https://www.ssp.sp.gov.br/v1/OcorrenciasMensais/RecuperaDadosMensaisAgrupados?*
info: System.Net.Http.HttpClient.SspSpCrimeService.ClientHandler[101]
      Received HTTP response headers after 846.5383ms - 200
info: System.Net.Http.HttpClient.SspSpCrimeService.LogicalHandler[101]
      End processing HTTP request after 846.5851ms - 200
info: System.Net.Http.HttpClient.SspSpCrimeService.ClientHandler[101]
      Received HTTP response headers after 902.7501ms - 200
info: System.Net.Http.HttpClient.SspSpCrimeService.LogicalHandler[101]
      End processing HTTP request after 902.7881ms - 200
info: System.Net.Http.HttpClient.SspSpCrimeService.ClientHandler[101]
      Received HTTP response headers after 923.9246ms - 200
info: System.Net.Http.HttpClient.SspSpCrimeService.LogicalHandler[101]
      End processing HTTP request after 923.954ms - 200
info: System.Net.Http.HttpClient.SspSpCrimeService.ClientHandler[101]
      Received HTTP response headers after 925.2612ms - 200
info: System.Net.Http.HttpClient.SspSpCrimeService.LogicalHandler[101]
      End processing HTTP request after 925.293ms - 200
info: System.Net.Http.HttpClient.SspSpCrimeService.ClientHandler[101]
      Received HTTP response headers after 929.1751ms - 200
info: System.Net.Http.HttpClient.SspSpCrimeService.LogicalHandler[101]
      End processing HTTP request after 929.1874ms - 200
info: System.Net.Http.HttpClient.SspSpCrimeService.ClientHandler[101]
      Received HTTP response headers after 932.1125ms - 200
info: System.Net.Http.HttpClient.SspSpCrimeService.LogicalHandler[101]
      End processing HTTP request after 932.1391ms - 200
info: System.Net.Http.HttpClient.SspSpCrimeService.ClientHandler[101]
      Received HTTP response headers after 936.5066ms - 200
info: System.Net.Http.HttpClient.SspSpCrimeService.LogicalHandler[101]
      End processing HTTP request after 936.5262ms - 200
info: System.Net.Http.HttpClient.SspSpCrimeService.ClientHandler[101]
      Received HTTP response headers after 938.7882ms - 200
info: System.Net.Http.HttpClient.SspSpCrimeService.LogicalHandler[101]
      End processing HTTP request after 938.8045ms - 200
info: System.Net.Http.HttpClient.SspSpCrimeService.ClientHandler[101]
      Received HTTP response headers after 944.7554ms - 200
info: System.Net.Http.HttpClient.SspSpCrimeService.LogicalHandler[101]
      End processing HTTP request after 944.7701ms - 200
info: System.Net.Http.HttpClient.SspSpCrimeService.ClientHandler[101]
      Received HTTP response headers after 966.6089ms - 200
info: System.Net.Http.HttpClient.SspSpCrimeService.LogicalHandler[101]
      End processing HTTP request after 966.649ms - 200
info: System.Net.Http.HttpClient.SspSpCrimeService.ClientHandler[101]
      Received HTTP response headers after 968.4581ms - 200
info: System.Net.Http.HttpClient.SspSpCrimeService.LogicalHandler[101]
      End processing HTTP request after 968.4692ms - 200
info: System.Net.Http.HttpClient.SspSpCrimeService.ClientHandler[101]
      Received HTTP response headers after 970.0995ms - 200
info: System.Net.Http.HttpClient.SspSpCrimeService.LogicalHandler[101]
      End processing HTTP request after 970.12ms - 200
info: System.Net.Http.HttpClient.SspSpCrimeService.ClientHandler[101]
      Received HTTP response headers after 970.7426ms - 200
info: System.Net.Http.HttpClient.SspSpCrimeService.LogicalHandler[101]
      End processing HTTP request after 970.7651ms - 200
info: System.Net.Http.HttpClient.SspSpCrimeService.ClientHandler[101]
      Received HTTP response headers after 972.1954ms - 200
info: System.Net.Http.HttpClient.SspSpCrimeService.LogicalHandler[101]
      End processing HTTP request after 972.2297ms - 200
info: System.Net.Http.HttpClient.SspSpCrimeService.ClientHandler[101]
      Received HTTP response headers after 974.258ms - 200
info: System.Net.Http.HttpClient.SspSpCrimeService.LogicalHandler[101]
      End processing HTTP request after 974.2907ms - 200
info: System.Net.Http.HttpClient.SspSpCrimeService.ClientHandler[101]
      Received HTTP response headers after 982.8691ms - 200
info: System.Net.Http.HttpClient.SspSpCrimeService.LogicalHandler[101]
      End processing HTTP request after 982.906ms - 200
info: System.Net.Http.HttpClient.SspSpCrimeService.ClientHandler[101]
      Received HTTP response headers after 983.6375ms - 200
info: System.Net.Http.HttpClient.SspSpCrimeService.LogicalHandler[101]
      End processing HTTP request after 983.6712ms - 200
info: System.Net.Http.HttpClient.SspSpCrimeService.ClientHandler[101]
      Received HTTP response headers after 984.1806ms - 200
info: System.Net.Http.HttpClient.SspSpCrimeService.LogicalHandler[101]
      End processing HTTP request after 984.2128ms - 200
info: System.Net.Http.HttpClient.SspSpCrimeService.ClientHandler[101]
      Received HTTP response headers after 985.522ms - 200
info: System.Net.Http.HttpClient.SspSpCrimeService.LogicalHandler[101]
      End processing HTTP request after 985.5436ms - 200
info: System.Net.Http.HttpClient.SspSpCrimeService.ClientHandler[101]
      Received HTTP response headers after 986.6767ms - 200
info: System.Net.Http.HttpClient.SspSpCrimeService.LogicalHandler[101]
      End processing HTTP request after 986.6914ms - 200
info: System.Net.Http.HttpClient.SspSpCrimeService.ClientHandler[101]
      Received HTTP response headers after 989.5351ms - 200
info: System.Net.Http.HttpClient.SspSpCrimeService.LogicalHandler[101]
      End processing HTTP request after 989.5995ms - 200
info: System.Net.Http.HttpClient.SspSpCrimeService.ClientHandler[101]
      Received HTTP response headers after 989.7394ms - 200
info: System.Net.Http.HttpClient.SspSpCrimeService.LogicalHandler[101]
      End processing HTTP request after 989.7764ms - 200
info: System.Net.Http.HttpClient.SspSpCrimeService.ClientHandler[101]
      Received HTTP response headers after 990.1858ms - 200
info: System.Net.Http.HttpClient.SspSpCrimeService.LogicalHandler[101]
      End processing HTTP request after 990.2123ms - 200
info: System.Net.Http.HttpClient.SspSpCrimeService.ClientHandler[101]
      Received HTTP response headers after 991.2207ms - 200
info: System.Net.Http.HttpClient.SspSpCrimeService.LogicalHandler[101]
      End processing HTTP request after 991.2342ms - 200
info: System.Net.Http.HttpClient.SspSpCrimeService.ClientHandler[101]
      Received HTTP response headers after 992.4655ms - 200
info: System.Net.Http.HttpClient.SspSpCrimeService.LogicalHandler[101]
      End processing HTTP request after 992.4819ms - 200
info: System.Net.Http.HttpClient.SspSpCrimeService.ClientHandler[101]
      Received HTTP response headers after 995.468ms - 200
info: System.Net.Http.HttpClient.SspSpCrimeService.LogicalHandler[101]
      End processing HTTP request after 995.4779ms - 200
info: System.Net.Http.HttpClient.SspSpCrimeService.ClientHandler[101]
      Received HTTP response headers after 1001.7832ms - 200
info: System.Net.Http.HttpClient.SspSpCrimeService.LogicalHandler[101]
      End processing HTTP request after 1001.8169ms - 200
info: System.Net.Http.HttpClient.SspSpCrimeService.ClientHandler[101]
      Received HTTP response headers after 1003.9397ms - 200
info: System.Net.Http.HttpClient.SspSpCrimeService.LogicalHandler[101]
      End processing HTTP request after 1003.9516ms - 200
info: System.Net.Http.HttpClient.SspSpCrimeService.ClientHandler[101]
      Received HTTP response headers after 1004.353ms - 200
info: System.Net.Http.HttpClient.SspSpCrimeService.LogicalHandler[101]
      End processing HTTP request after 1004.3676ms - 200
info: System.Net.Http.HttpClient.SspSpCrimeService.ClientHandler[101]
      Received HTTP response headers after 1012.0373ms - 200
info: System.Net.Http.HttpClient.SspSpCrimeService.LogicalHandler[101]
      End processing HTTP request after 1012.066ms - 200
info: System.Net.Http.HttpClient.SspSpCrimeService.ClientHandler[101]
      Received HTTP response headers after 1027.3787ms - 200
info: System.Net.Http.HttpClient.SspSpCrimeService.LogicalHandler[101]
      End processing HTTP request after 1027.4061ms - 200
info: System.Net.Http.HttpClient.SspSpCrimeService.ClientHandler[101]
      Received HTTP response headers after 1028.2078ms - 200
info: System.Net.Http.HttpClient.SspSpCrimeService.LogicalHandler[101]
      End processing HTTP request after 1028.2516ms - 200
info: Microsoft.AspNetCore.Http.Result.OkObjectResult[1]
      Setting HTTP status code 200.
info: Microsoft.AspNetCore.Http.Result.OkObjectResult[3]
      Writing value of type '<>f__AnonymousType17`5' as Json.
info: Microsoft.AspNetCore.Routing.EndpointMiddleware[1]
      Executed endpoint 'HTTP: GET /api/seguranca/distritos-proximos'
info: Microsoft.AspNetCore.Hosting.Diagnostics[2]
      Request finished HTTP/1.1 GET http://localhost:5209/api/seguranca/distritos-proximos?ano=2025&atualizar=true - 200 - application/json;+charset=utf-8 1113.7587ms
info: Microsoft.AspNetCore.Hosting.Diagnostics[1]
      Request starting HTTP/1.1 GET http://localhost:5209/api/seguranca/distritos-proximos?ano=2007&atualizar=true - - -
info: Microsoft.AspNetCore.Cors.Infrastructure.CorsService[4]
      CORS policy execution successful.
info: Microsoft.AspNetCore.Routing.EndpointMiddleware[0]
      Executing endpoint 'HTTP: GET /api/seguranca/distritos-proximos'
info: System.Net.Http.HttpClient.SspSpCrimeService.LogicalHandler[100]
      Start processing HTTP request GET https://www.ssp.sp.gov.br/v1/Distritos/RecuperaDistritos
info: System.Net.Http.HttpClient.SspSpCrimeService.ClientHandler[100]
      Sending HTTP request GET https://www.ssp.sp.gov.br/v1/Distritos/RecuperaDistritos
info: System.Net.Http.HttpClient.SspSpCrimeService.ClientHandler[101]
      Received HTTP response headers after 28.6146ms - 200
info: System.Net.Http.HttpClient.SspSpCrimeService.LogicalHandler[101]
      End processing HTTP request after 28.6529ms - 200
info: System.Net.Http.HttpClient.SspSpCrimeService.LogicalHandler[100]
      Start processing HTTP request GET https://www.ssp.sp.gov.br/v1/OcorrenciasMensais/RecuperaDadosMensaisAgrupados?*
info: System.Net.Http.HttpClient.SspSpCrimeService.ClientHandler[100]
      Sending HTTP request GET https://www.ssp.sp.gov.br/v1/OcorrenciasMensais/RecuperaDadosMensaisAgrupados?*
info: System.Net.Http.HttpClient.SspSpCrimeService.LogicalHandler[100]
      Start processing HTTP request GET https://www.ssp.sp.gov.br/v1/OcorrenciasMensais/RecuperaDadosMensaisAgrupados?*
info: System.Net.Http.HttpClient.SspSpCrimeService.ClientHandler[100]
      Sending HTTP request GET https://www.ssp.sp.gov.br/v1/OcorrenciasMensais/RecuperaDadosMensaisAgrupados?*
info: System.Net.Http.HttpClient.SspSpCrimeService.LogicalHandler[100]
      Start processing HTTP request GET https://www.ssp.sp.gov.br/v1/OcorrenciasMensais/RecuperaDadosMensaisAgrupados?*
info: System.Net.Http.HttpClient.SspSpCrimeService.ClientHandler[100]
      Sending HTTP request GET https://www.ssp.sp.gov.br/v1/OcorrenciasMensais/RecuperaDadosMensaisAgrupados?*
info: System.Net.Http.HttpClient.SspSpCrimeService.LogicalHandler[100]
      Start processing HTTP request GET https://www.ssp.sp.gov.br/v1/OcorrenciasMensais/RecuperaDadosMensaisAgrupados?*
info: System.Net.Http.HttpClient.SspSpCrimeService.ClientHandler[100]
      Sending HTTP request GET https://www.ssp.sp.gov.br/v1/OcorrenciasMensais/RecuperaDadosMensaisAgrupados?*
info: System.Net.Http.HttpClient.SspSpCrimeService.LogicalHandler[100]
      Start processing HTTP request GET https://www.ssp.sp.gov.br/v1/OcorrenciasMensais/RecuperaDadosMensaisAgrupados?*
info: System.Net.Http.HttpClient.SspSpCrimeService.ClientHandler[100]
      Sending HTTP request GET https://www.ssp.sp.gov.br/v1/OcorrenciasMensais/RecuperaDadosMensaisAgrupados?*
info: System.Net.Http.HttpClient.SspSpCrimeService.LogicalHandler[100]
      Start processing HTTP request GET https://www.ssp.sp.gov.br/v1/OcorrenciasMensais/RecuperaDadosMensaisAgrupados?*
info: System.Net.Http.HttpClient.SspSpCrimeService.ClientHandler[100]
      Sending HTTP request GET https://www.ssp.sp.gov.br/v1/OcorrenciasMensais/RecuperaDadosMensaisAgrupados?*
info: System.Net.Http.HttpClient.SspSpCrimeService.LogicalHandler[100]
      Start processing HTTP request GET https://www.ssp.sp.gov.br/v1/OcorrenciasMensais/RecuperaDadosMensaisAgrupados?*
info: System.Net.Http.HttpClient.SspSpCrimeService.ClientHandler[100]
      Sending HTTP request GET https://www.ssp.sp.gov.br/v1/OcorrenciasMensais/RecuperaDadosMensaisAgrupados?*
info: System.Net.Http.HttpClient.SspSpCrimeService.LogicalHandler[100]
      Start processing HTTP request GET https://www.ssp.sp.gov.br/v1/OcorrenciasMensais/RecuperaDadosMensaisAgrupados?*
info: System.Net.Http.HttpClient.SspSpCrimeService.ClientHandler[100]
      Sending HTTP request GET https://www.ssp.sp.gov.br/v1/OcorrenciasMensais/RecuperaDadosMensaisAgrupados?*
info: System.Net.Http.HttpClient.SspSpCrimeService.LogicalHandler[100]
      Start processing HTTP request GET https://www.ssp.sp.gov.br/v1/OcorrenciasMensais/RecuperaDadosMensaisAgrupados?*
info: System.Net.Http.HttpClient.SspSpCrimeService.ClientHandler[100]
      Sending HTTP request GET https://www.ssp.sp.gov.br/v1/OcorrenciasMensais/RecuperaDadosMensaisAgrupados?*
info: System.Net.Http.HttpClient.SspSpCrimeService.LogicalHandler[100]
      Start processing HTTP request GET https://www.ssp.sp.gov.br/v1/OcorrenciasMensais/RecuperaDadosMensaisAgrupados?*
info: System.Net.Http.HttpClient.SspSpCrimeService.ClientHandler[100]
      Sending HTTP request GET https://www.ssp.sp.gov.br/v1/OcorrenciasMensais/RecuperaDadosMensaisAgrupados?*
info: System.Net.Http.HttpClient.SspSpCrimeService.LogicalHandler[100]
      Start processing HTTP request GET https://www.ssp.sp.gov.br/v1/OcorrenciasMensais/RecuperaDadosMensaisAgrupados?*
info: System.Net.Http.HttpClient.SspSpCrimeService.ClientHandler[100]
      Sending HTTP request GET https://www.ssp.sp.gov.br/v1/OcorrenciasMensais/RecuperaDadosMensaisAgrupados?*
info: System.Net.Http.HttpClient.SspSpCrimeService.LogicalHandler[100]
      Start processing HTTP request GET https://www.ssp.sp.gov.br/v1/OcorrenciasMensais/RecuperaDadosMensaisAgrupados?*
info: System.Net.Http.HttpClient.SspSpCrimeService.ClientHandler[100]
      Sending HTTP request GET https://www.ssp.sp.gov.br/v1/OcorrenciasMensais/RecuperaDadosMensaisAgrupados?*
info: System.Net.Http.HttpClient.SspSpCrimeService.LogicalHandler[100]
      Start processing HTTP request GET https://www.ssp.sp.gov.br/v1/OcorrenciasMensais/RecuperaDadosMensaisAgrupados?*
info: System.Net.Http.HttpClient.SspSpCrimeService.ClientHandler[100]
      Sending HTTP request GET https://www.ssp.sp.gov.br/v1/OcorrenciasMensais/RecuperaDadosMensaisAgrupados?*
info: System.Net.Http.HttpClient.SspSpCrimeService.LogicalHandler[100]
      Start processing HTTP request GET https://www.ssp.sp.gov.br/v1/OcorrenciasMensais/RecuperaDadosMensaisAgrupados?*
info: System.Net.Http.HttpClient.SspSpCrimeService.ClientHandler[100]
      Sending HTTP request GET https://www.ssp.sp.gov.br/v1/OcorrenciasMensais/RecuperaDadosMensaisAgrupados?*
info: System.Net.Http.HttpClient.SspSpCrimeService.LogicalHandler[100]
      Start processing HTTP request GET https://www.ssp.sp.gov.br/v1/OcorrenciasMensais/RecuperaDadosMensaisAgrupados?*
info: System.Net.Http.HttpClient.SspSpCrimeService.ClientHandler[100]
      Sending HTTP request GET https://www.ssp.sp.gov.br/v1/OcorrenciasMensais/RecuperaDadosMensaisAgrupados?*
info: System.Net.Http.HttpClient.SspSpCrimeService.LogicalHandler[100]
      Start processing HTTP request GET https://www.ssp.sp.gov.br/v1/OcorrenciasMensais/RecuperaDadosMensaisAgrupados?*
info: System.Net.Http.HttpClient.SspSpCrimeService.ClientHandler[100]
      Sending HTTP request GET https://www.ssp.sp.gov.br/v1/OcorrenciasMensais/RecuperaDadosMensaisAgrupados?*
info: System.Net.Http.HttpClient.SspSpCrimeService.LogicalHandler[100]
      Start processing HTTP request GET https://www.ssp.sp.gov.br/v1/OcorrenciasMensais/RecuperaDadosMensaisAgrupados?*
info: System.Net.Http.HttpClient.SspSpCrimeService.ClientHandler[100]
      Sending HTTP request GET https://www.ssp.sp.gov.br/v1/OcorrenciasMensais/RecuperaDadosMensaisAgrupados?*
info: System.Net.Http.HttpClient.SspSpCrimeService.LogicalHandler[100]
      Start processing HTTP request GET https://www.ssp.sp.gov.br/v1/OcorrenciasMensais/RecuperaDadosMensaisAgrupados?*
info: System.Net.Http.HttpClient.SspSpCrimeService.ClientHandler[100]
      Sending HTTP request GET https://www.ssp.sp.gov.br/v1/OcorrenciasMensais/RecuperaDadosMensaisAgrupados?*
info: System.Net.Http.HttpClient.SspSpCrimeService.LogicalHandler[100]
      Start processing HTTP request GET https://www.ssp.sp.gov.br/v1/OcorrenciasMensais/RecuperaDadosMensaisAgrupados?*
info: System.Net.Http.HttpClient.SspSpCrimeService.ClientHandler[100]
      Sending HTTP request GET https://www.ssp.sp.gov.br/v1/OcorrenciasMensais/RecuperaDadosMensaisAgrupados?*
info: System.Net.Http.HttpClient.SspSpCrimeService.LogicalHandler[100]
      Start processing HTTP request GET https://www.ssp.sp.gov.br/v1/OcorrenciasMensais/RecuperaDadosMensaisAgrupados?*
info: System.Net.Http.HttpClient.SspSpCrimeService.ClientHandler[100]
      Sending HTTP request GET https://www.ssp.sp.gov.br/v1/OcorrenciasMensais/RecuperaDadosMensaisAgrupados?*
info: System.Net.Http.HttpClient.SspSpCrimeService.LogicalHandler[100]
      Start processing HTTP request GET https://www.ssp.sp.gov.br/v1/OcorrenciasMensais/RecuperaDadosMensaisAgrupados?*
info: System.Net.Http.HttpClient.SspSpCrimeService.ClientHandler[100]
      Sending HTTP request GET https://www.ssp.sp.gov.br/v1/OcorrenciasMensais/RecuperaDadosMensaisAgrupados?*
info: System.Net.Http.HttpClient.SspSpCrimeService.LogicalHandler[100]
      Start processing HTTP request GET https://www.ssp.sp.gov.br/v1/OcorrenciasMensais/RecuperaDadosMensaisAgrupados?*
info: System.Net.Http.HttpClient.SspSpCrimeService.ClientHandler[100]
      Sending HTTP request GET https://www.ssp.sp.gov.br/v1/OcorrenciasMensais/RecuperaDadosMensaisAgrupados?*
info: System.Net.Http.HttpClient.SspSpCrimeService.LogicalHandler[100]
      Start processing HTTP request GET https://www.ssp.sp.gov.br/v1/OcorrenciasMensais/RecuperaDadosMensaisAgrupados?*
info: System.Net.Http.HttpClient.SspSpCrimeService.ClientHandler[100]
      Sending HTTP request GET https://www.ssp.sp.gov.br/v1/OcorrenciasMensais/RecuperaDadosMensaisAgrupados?*
info: System.Net.Http.HttpClient.SspSpCrimeService.LogicalHandler[100]
      Start processing HTTP request GET https://www.ssp.sp.gov.br/v1/OcorrenciasMensais/RecuperaDadosMensaisAgrupados?*
info: System.Net.Http.HttpClient.SspSpCrimeService.ClientHandler[100]
      Sending HTTP request GET https://www.ssp.sp.gov.br/v1/OcorrenciasMensais/RecuperaDadosMensaisAgrupados?*
info: System.Net.Http.HttpClient.SspSpCrimeService.LogicalHandler[100]
      Start processing HTTP request GET https://www.ssp.sp.gov.br/v1/OcorrenciasMensais/RecuperaDadosMensaisAgrupados?*
info: System.Net.Http.HttpClient.SspSpCrimeService.ClientHandler[100]
      Sending HTTP request GET https://www.ssp.sp.gov.br/v1/OcorrenciasMensais/RecuperaDadosMensaisAgrupados?*
info: System.Net.Http.HttpClient.SspSpCrimeService.LogicalHandler[100]
      Start processing HTTP request GET https://www.ssp.sp.gov.br/v1/OcorrenciasMensais/RecuperaDadosMensaisAgrupados?*
info: System.Net.Http.HttpClient.SspSpCrimeService.ClientHandler[100]
      Sending HTTP request GET https://www.ssp.sp.gov.br/v1/OcorrenciasMensais/RecuperaDadosMensaisAgrupados?*
info: System.Net.Http.HttpClient.SspSpCrimeService.LogicalHandler[100]
      Start processing HTTP request GET https://www.ssp.sp.gov.br/v1/OcorrenciasMensais/RecuperaDadosMensaisAgrupados?*
info: System.Net.Http.HttpClient.SspSpCrimeService.ClientHandler[100]
      Sending HTTP request GET https://www.ssp.sp.gov.br/v1/OcorrenciasMensais/RecuperaDadosMensaisAgrupados?*
info: System.Net.Http.HttpClient.SspSpCrimeService.LogicalHandler[100]
      Start processing HTTP request GET https://www.ssp.sp.gov.br/v1/OcorrenciasMensais/RecuperaDadosMensaisAgrupados?*
info: System.Net.Http.HttpClient.SspSpCrimeService.ClientHandler[100]
      Sending HTTP request GET https://www.ssp.sp.gov.br/v1/OcorrenciasMensais/RecuperaDadosMensaisAgrupados?*
info: System.Net.Http.HttpClient.SspSpCrimeService.LogicalHandler[100]
      Start processing HTTP request GET https://www.ssp.sp.gov.br/v1/OcorrenciasMensais/RecuperaDadosMensaisAgrupados?*
info: System.Net.Http.HttpClient.SspSpCrimeService.ClientHandler[100]
      Sending HTTP request GET https://www.ssp.sp.gov.br/v1/OcorrenciasMensais/RecuperaDadosMensaisAgrupados?*
info: System.Net.Http.HttpClient.SspSpCrimeService.LogicalHandler[100]
      Start processing HTTP request GET https://www.ssp.sp.gov.br/v1/OcorrenciasMensais/RecuperaDadosMensaisAgrupados?*
info: System.Net.Http.HttpClient.SspSpCrimeService.ClientHandler[100]
      Sending HTTP request GET https://www.ssp.sp.gov.br/v1/OcorrenciasMensais/RecuperaDadosMensaisAgrupados?*
info: System.Net.Http.HttpClient.SspSpCrimeService.LogicalHandler[100]
      Start processing HTTP request GET https://www.ssp.sp.gov.br/v1/OcorrenciasMensais/RecuperaDadosMensaisAgrupados?*
info: System.Net.Http.HttpClient.SspSpCrimeService.ClientHandler[100]
      Sending HTTP request GET https://www.ssp.sp.gov.br/v1/OcorrenciasMensais/RecuperaDadosMensaisAgrupados?*
info: System.Net.Http.HttpClient.SspSpCrimeService.LogicalHandler[100]
      Start processing HTTP request GET https://www.ssp.sp.gov.br/v1/OcorrenciasMensais/RecuperaDadosMensaisAgrupados?*
info: System.Net.Http.HttpClient.SspSpCrimeService.ClientHandler[100]
      Sending HTTP request GET https://www.ssp.sp.gov.br/v1/OcorrenciasMensais/RecuperaDadosMensaisAgrupados?*
info: System.Net.Http.HttpClient.SspSpCrimeService.ClientHandler[101]
      Received HTTP response headers after 649.3829ms - 200
info: System.Net.Http.HttpClient.SspSpCrimeService.LogicalHandler[101]
      End processing HTTP request after 649.4327ms - 200
info: System.Net.Http.HttpClient.SspSpCrimeService.ClientHandler[101]
      Received HTTP response headers after 725.5708ms - 200
info: System.Net.Http.HttpClient.SspSpCrimeService.LogicalHandler[101]
      End processing HTTP request after 725.6114ms - 200
info: System.Net.Http.HttpClient.SspSpCrimeService.ClientHandler[101]
      Received HTTP response headers after 727.8502ms - 200
info: System.Net.Http.HttpClient.SspSpCrimeService.LogicalHandler[101]
      End processing HTTP request after 727.9014ms - 200
info: System.Net.Http.HttpClient.SspSpCrimeService.ClientHandler[101]
      Received HTTP response headers after 837.1636ms - 200
info: System.Net.Http.HttpClient.SspSpCrimeService.LogicalHandler[101]
      End processing HTTP request after 837.2113ms - 200
info: System.Net.Http.HttpClient.SspSpCrimeService.ClientHandler[101]
      Received HTTP response headers after 842.6608ms - 200
info: System.Net.Http.HttpClient.SspSpCrimeService.LogicalHandler[101]
      End processing HTTP request after 842.6911ms - 200
info: System.Net.Http.HttpClient.SspSpCrimeService.ClientHandler[101]
      Received HTTP response headers after 843.6412ms - 200
info: System.Net.Http.HttpClient.SspSpCrimeService.LogicalHandler[101]
      End processing HTTP request after 843.6865ms - 200
info: System.Net.Http.HttpClient.SspSpCrimeService.ClientHandler[101]
      Received HTTP response headers after 843.2368ms - 200
info: System.Net.Http.HttpClient.SspSpCrimeService.LogicalHandler[101]
      End processing HTTP request after 843.2596ms - 200
info: System.Net.Http.HttpClient.SspSpCrimeService.ClientHandler[101]
      Received HTTP response headers after 847.1225ms - 200
info: System.Net.Http.HttpClient.SspSpCrimeService.LogicalHandler[101]
      End processing HTTP request after 847.1331ms - 200
info: System.Net.Http.HttpClient.SspSpCrimeService.ClientHandler[101]
      Received HTTP response headers after 882.2647ms - 200
info: System.Net.Http.HttpClient.SspSpCrimeService.LogicalHandler[101]
      End processing HTTP request after 882.3094ms - 200
info: System.Net.Http.HttpClient.SspSpCrimeService.ClientHandler[101]
      Received HTTP response headers after 885.8366ms - 200
info: System.Net.Http.HttpClient.SspSpCrimeService.LogicalHandler[101]
      End processing HTTP request after 885.8704ms - 200
info: System.Net.Http.HttpClient.SspSpCrimeService.ClientHandler[101]
      Received HTTP response headers after 921.2519ms - 200
info: System.Net.Http.HttpClient.SspSpCrimeService.LogicalHandler[101]
      End processing HTTP request after 921.2915ms - 200
info: System.Net.Http.HttpClient.SspSpCrimeService.ClientHandler[101]
      Received HTTP response headers after 929.0559ms - 200
info: System.Net.Http.HttpClient.SspSpCrimeService.LogicalHandler[101]
      End processing HTTP request after 929.0695ms - 200
info: System.Net.Http.HttpClient.SspSpCrimeService.ClientHandler[101]
      Received HTTP response headers after 952.3745ms - 200
info: System.Net.Http.HttpClient.SspSpCrimeService.LogicalHandler[101]
      End processing HTTP request after 952.4059ms - 200
info: System.Net.Http.HttpClient.SspSpCrimeService.ClientHandler[101]
      Received HTTP response headers after 955.6176ms - 200
info: System.Net.Http.HttpClient.SspSpCrimeService.LogicalHandler[101]
      End processing HTTP request after 955.6329ms - 200
info: System.Net.Http.HttpClient.SspSpCrimeService.ClientHandler[101]
      Received HTTP response headers after 957.7046ms - 200
info: System.Net.Http.HttpClient.SspSpCrimeService.LogicalHandler[101]
      End processing HTTP request after 957.7627ms - 200
info: System.Net.Http.HttpClient.SspSpCrimeService.ClientHandler[101]
      Received HTTP response headers after 957.8972ms - 200
info: System.Net.Http.HttpClient.SspSpCrimeService.LogicalHandler[101]
      End processing HTTP request after 957.9392ms - 200
info: System.Net.Http.HttpClient.SspSpCrimeService.ClientHandler[101]
      Received HTTP response headers after 1062.5544ms - 200
info: System.Net.Http.HttpClient.SspSpCrimeService.LogicalHandler[101]
      End processing HTTP request after 1062.6032ms - 200
info: System.Net.Http.HttpClient.SspSpCrimeService.ClientHandler[101]
      Received HTTP response headers after 1063.172ms - 200
info: System.Net.Http.HttpClient.SspSpCrimeService.LogicalHandler[101]
      End processing HTTP request after 1063.2213ms - 200
info: System.Net.Http.HttpClient.SspSpCrimeService.ClientHandler[101]
      Received HTTP response headers after 1078.3906ms - 200
info: System.Net.Http.HttpClient.SspSpCrimeService.LogicalHandler[101]
      End processing HTTP request after 1078.4533ms - 200
info: System.Net.Http.HttpClient.SspSpCrimeService.ClientHandler[101]
      Received HTTP response headers after 1079.8036ms - 200
info: System.Net.Http.HttpClient.SspSpCrimeService.LogicalHandler[101]
      End processing HTTP request after 1079.8478ms - 200
info: System.Net.Http.HttpClient.SspSpCrimeService.ClientHandler[101]
      Received HTTP response headers after 1087.399ms - 200
info: System.Net.Http.HttpClient.SspSpCrimeService.LogicalHandler[101]
      End processing HTTP request after 1087.4632ms - 200
info: System.Net.Http.HttpClient.SspSpCrimeService.ClientHandler[101]
      Received HTTP response headers after 1097.6743ms - 200
info: System.Net.Http.HttpClient.SspSpCrimeService.LogicalHandler[101]
      End processing HTTP request after 1097.6986ms - 200
info: System.Net.Http.HttpClient.SspSpCrimeService.ClientHandler[101]
      Received HTTP response headers after 1099.717ms - 200
info: System.Net.Http.HttpClient.SspSpCrimeService.LogicalHandler[101]
      End processing HTTP request after 1099.7705ms - 200
info: System.Net.Http.HttpClient.SspSpCrimeService.ClientHandler[101]
      Received HTTP response headers after 1100.5647ms - 200
info: System.Net.Http.HttpClient.SspSpCrimeService.LogicalHandler[101]
      End processing HTTP request after 1100.5817ms - 200
info: System.Net.Http.HttpClient.SspSpCrimeService.ClientHandler[101]
      Received HTTP response headers after 1101.8708ms - 200
info: System.Net.Http.HttpClient.SspSpCrimeService.LogicalHandler[101]
      End processing HTTP request after 1101.9076ms - 200
info: System.Net.Http.HttpClient.SspSpCrimeService.ClientHandler[101]
      Received HTTP response headers after 1105.324ms - 200
info: System.Net.Http.HttpClient.SspSpCrimeService.LogicalHandler[101]
      End processing HTTP request after 1105.356ms - 200
info: System.Net.Http.HttpClient.SspSpCrimeService.ClientHandler[101]
      Received HTTP response headers after 1135.3395ms - 200
info: System.Net.Http.HttpClient.SspSpCrimeService.LogicalHandler[101]
      End processing HTTP request after 1135.3992ms - 200
info: System.Net.Http.HttpClient.SspSpCrimeService.ClientHandler[101]
      Received HTTP response headers after 1150.3939ms - 200
info: System.Net.Http.HttpClient.SspSpCrimeService.LogicalHandler[101]
      End processing HTTP request after 1150.4281ms - 200
info: System.Net.Http.HttpClient.SspSpCrimeService.ClientHandler[101]
      Received HTTP response headers after 1151.8118ms - 200
info: System.Net.Http.HttpClient.SspSpCrimeService.LogicalHandler[101]
      End processing HTTP request after 1151.8282ms - 200
info: System.Net.Http.HttpClient.SspSpCrimeService.ClientHandler[101]
      Received HTTP response headers after 1165.0765ms - 200
info: System.Net.Http.HttpClient.SspSpCrimeService.LogicalHandler[101]
      End processing HTTP request after 1165.1319ms - 200
info: System.Net.Http.HttpClient.SspSpCrimeService.ClientHandler[101]
      Received HTTP response headers after 1165.8018ms - 200
info: System.Net.Http.HttpClient.SspSpCrimeService.LogicalHandler[101]
      End processing HTTP request after 1165.8192ms - 200
info: System.Net.Http.HttpClient.SspSpCrimeService.ClientHandler[101]
      Received HTTP response headers after 1167.0075ms - 200
info: System.Net.Http.HttpClient.SspSpCrimeService.LogicalHandler[101]
      End processing HTTP request after 1167.0411ms - 200
info: Microsoft.AspNetCore.Http.Result.OkObjectResult[1]
      Setting HTTP status code 200.
info: Microsoft.AspNetCore.Http.Result.OkObjectResult[3]
      Writing value of type '<>f__AnonymousType17`5' as Json.
info: Microsoft.AspNetCore.Routing.EndpointMiddleware[1]
      Executed endpoint 'HTTP: GET /api/seguranca/distritos-proximos'
info: Microsoft.AspNetCore.Hosting.Diagnostics[2]
      Request finished HTTP/1.1 GET http://localhost:5209/api/seguranca/distritos-proximos?ano=2007&atualizar=true - 200 - application/json;+charset=utf-8 1222.8405ms
info: Microsoft.AspNetCore.Hosting.Diagnostics[1]
      Request starting HTTP/1.1 GET http://localhost:5209/api/seguranca/distritos-proximos?ano=2025&atualizar=true - - -
info: Microsoft.AspNetCore.Cors.Infrastructure.CorsService[4]
      CORS policy execution successful.
info: Microsoft.AspNetCore.Routing.EndpointMiddleware[0]
      Executing endpoint 'HTTP: GET /api/seguranca/distritos-proximos'
info: System.Net.Http.HttpClient.SspSpCrimeService.LogicalHandler[100]
      Start processing HTTP request GET https://www.ssp.sp.gov.br/v1/Distritos/RecuperaDistritos
info: System.Net.Http.HttpClient.SspSpCrimeService.ClientHandler[100]
      Sending HTTP request GET https://www.ssp.sp.gov.br/v1/Distritos/RecuperaDistritos
info: System.Net.Http.HttpClient.SspSpCrimeService.ClientHandler[101]
      Received HTTP response headers after 56.0172ms - 200
info: System.Net.Http.HttpClient.SspSpCrimeService.LogicalHandler[101]
      End processing HTTP request after 56.075ms - 200
info: System.Net.Http.HttpClient.SspSpCrimeService.LogicalHandler[100]
      Start processing HTTP request GET https://www.ssp.sp.gov.br/v1/OcorrenciasMensais/RecuperaDadosMensaisAgrupados?*
info: System.Net.Http.HttpClient.SspSpCrimeService.ClientHandler[100]
      Sending HTTP request GET https://www.ssp.sp.gov.br/v1/OcorrenciasMensais/RecuperaDadosMensaisAgrupados?*
info: System.Net.Http.HttpClient.SspSpCrimeService.LogicalHandler[100]
      Start processing HTTP request GET https://www.ssp.sp.gov.br/v1/OcorrenciasMensais/RecuperaDadosMensaisAgrupados?*
info: System.Net.Http.HttpClient.SspSpCrimeService.ClientHandler[100]
      Sending HTTP request GET https://www.ssp.sp.gov.br/v1/OcorrenciasMensais/RecuperaDadosMensaisAgrupados?*
info: System.Net.Http.HttpClient.SspSpCrimeService.LogicalHandler[100]
      Start processing HTTP request GET https://www.ssp.sp.gov.br/v1/OcorrenciasMensais/RecuperaDadosMensaisAgrupados?*
info: System.Net.Http.HttpClient.SspSpCrimeService.ClientHandler[100]
      Sending HTTP request GET https://www.ssp.sp.gov.br/v1/OcorrenciasMensais/RecuperaDadosMensaisAgrupados?*
info: System.Net.Http.HttpClient.SspSpCrimeService.LogicalHandler[100]
      Start processing HTTP request GET https://www.ssp.sp.gov.br/v1/OcorrenciasMensais/RecuperaDadosMensaisAgrupados?*
info: System.Net.Http.HttpClient.SspSpCrimeService.ClientHandler[100]
      Sending HTTP request GET https://www.ssp.sp.gov.br/v1/OcorrenciasMensais/RecuperaDadosMensaisAgrupados?*
info: System.Net.Http.HttpClient.SspSpCrimeService.LogicalHandler[100]
      Start processing HTTP request GET https://www.ssp.sp.gov.br/v1/OcorrenciasMensais/RecuperaDadosMensaisAgrupados?*
info: System.Net.Http.HttpClient.SspSpCrimeService.ClientHandler[100]
      Sending HTTP request GET https://www.ssp.sp.gov.br/v1/OcorrenciasMensais/RecuperaDadosMensaisAgrupados?*
info: System.Net.Http.HttpClient.SspSpCrimeService.LogicalHandler[100]
      Start processing HTTP request GET https://www.ssp.sp.gov.br/v1/OcorrenciasMensais/RecuperaDadosMensaisAgrupados?*
info: System.Net.Http.HttpClient.SspSpCrimeService.ClientHandler[100]
      Sending HTTP request GET https://www.ssp.sp.gov.br/v1/OcorrenciasMensais/RecuperaDadosMensaisAgrupados?*
info: System.Net.Http.HttpClient.SspSpCrimeService.LogicalHandler[100]
      Start processing HTTP request GET https://www.ssp.sp.gov.br/v1/OcorrenciasMensais/RecuperaDadosMensaisAgrupados?*
info: System.Net.Http.HttpClient.SspSpCrimeService.ClientHandler[100]
      Sending HTTP request GET https://www.ssp.sp.gov.br/v1/OcorrenciasMensais/RecuperaDadosMensaisAgrupados?*
info: System.Net.Http.HttpClient.SspSpCrimeService.LogicalHandler[100]
      Start processing HTTP request GET https://www.ssp.sp.gov.br/v1/OcorrenciasMensais/RecuperaDadosMensaisAgrupados?*
info: System.Net.Http.HttpClient.SspSpCrimeService.ClientHandler[100]
      Sending HTTP request GET https://www.ssp.sp.gov.br/v1/OcorrenciasMensais/RecuperaDadosMensaisAgrupados?*
info: System.Net.Http.HttpClient.SspSpCrimeService.LogicalHandler[100]
      Start processing HTTP request GET https://www.ssp.sp.gov.br/v1/OcorrenciasMensais/RecuperaDadosMensaisAgrupados?*
info: System.Net.Http.HttpClient.SspSpCrimeService.ClientHandler[100]
      Sending HTTP request GET https://www.ssp.sp.gov.br/v1/OcorrenciasMensais/RecuperaDadosMensaisAgrupados?*
info: System.Net.Http.HttpClient.SspSpCrimeService.LogicalHandler[100]
      Start processing HTTP request GET https://www.ssp.sp.gov.br/v1/OcorrenciasMensais/RecuperaDadosMensaisAgrupados?*
info: System.Net.Http.HttpClient.SspSpCrimeService.ClientHandler[100]
      Sending HTTP request GET https://www.ssp.sp.gov.br/v1/OcorrenciasMensais/RecuperaDadosMensaisAgrupados?*
info: System.Net.Http.HttpClient.SspSpCrimeService.LogicalHandler[100]
      Start processing HTTP request GET https://www.ssp.sp.gov.br/v1/OcorrenciasMensais/RecuperaDadosMensaisAgrupados?*
info: System.Net.Http.HttpClient.SspSpCrimeService.ClientHandler[100]
      Sending HTTP request GET https://www.ssp.sp.gov.br/v1/OcorrenciasMensais/RecuperaDadosMensaisAgrupados?*
info: System.Net.Http.HttpClient.SspSpCrimeService.LogicalHandler[100]
      Start processing HTTP request GET https://www.ssp.sp.gov.br/v1/OcorrenciasMensais/RecuperaDadosMensaisAgrupados?*
info: System.Net.Http.HttpClient.SspSpCrimeService.ClientHandler[100]
      Sending HTTP request GET https://www.ssp.sp.gov.br/v1/OcorrenciasMensais/RecuperaDadosMensaisAgrupados?*
info: System.Net.Http.HttpClient.SspSpCrimeService.LogicalHandler[100]
      Start processing HTTP request GET https://www.ssp.sp.gov.br/v1/OcorrenciasMensais/RecuperaDadosMensaisAgrupados?*
info: System.Net.Http.HttpClient.SspSpCrimeService.ClientHandler[100]
      Sending HTTP request GET https://www.ssp.sp.gov.br/v1/OcorrenciasMensais/RecuperaDadosMensaisAgrupados?*
info: System.Net.Http.HttpClient.SspSpCrimeService.LogicalHandler[100]
      Start processing HTTP request GET https://www.ssp.sp.gov.br/v1/OcorrenciasMensais/RecuperaDadosMensaisAgrupados?*
info: System.Net.Http.HttpClient.SspSpCrimeService.ClientHandler[100]
      Sending HTTP request GET https://www.ssp.sp.gov.br/v1/OcorrenciasMensais/RecuperaDadosMensaisAgrupados?*
info: System.Net.Http.HttpClient.SspSpCrimeService.LogicalHandler[100]
      Start processing HTTP request GET https://www.ssp.sp.gov.br/v1/OcorrenciasMensais/RecuperaDadosMensaisAgrupados?*
info: System.Net.Http.HttpClient.SspSpCrimeService.ClientHandler[100]
      Sending HTTP request GET https://www.ssp.sp.gov.br/v1/OcorrenciasMensais/RecuperaDadosMensaisAgrupados?*
info: System.Net.Http.HttpClient.SspSpCrimeService.LogicalHandler[100]
      Start processing HTTP request GET https://www.ssp.sp.gov.br/v1/OcorrenciasMensais/RecuperaDadosMensaisAgrupados?*
info: System.Net.Http.HttpClient.SspSpCrimeService.ClientHandler[100]
      Sending HTTP request GET https://www.ssp.sp.gov.br/v1/OcorrenciasMensais/RecuperaDadosMensaisAgrupados?*
info: System.Net.Http.HttpClient.SspSpCrimeService.LogicalHandler[100]
      Start processing HTTP request GET https://www.ssp.sp.gov.br/v1/OcorrenciasMensais/RecuperaDadosMensaisAgrupados?*
info: System.Net.Http.HttpClient.SspSpCrimeService.ClientHandler[100]
      Sending HTTP request GET https://www.ssp.sp.gov.br/v1/OcorrenciasMensais/RecuperaDadosMensaisAgrupados?*
info: System.Net.Http.HttpClient.SspSpCrimeService.LogicalHandler[100]
      Start processing HTTP request GET https://www.ssp.sp.gov.br/v1/OcorrenciasMensais/RecuperaDadosMensaisAgrupados?*
info: System.Net.Http.HttpClient.SspSpCrimeService.ClientHandler[100]
      Sending HTTP request GET https://www.ssp.sp.gov.br/v1/OcorrenciasMensais/RecuperaDadosMensaisAgrupados?*
info: System.Net.Http.HttpClient.SspSpCrimeService.LogicalHandler[100]
      Start processing HTTP request GET https://www.ssp.sp.gov.br/v1/OcorrenciasMensais/RecuperaDadosMensaisAgrupados?*
info: System.Net.Http.HttpClient.SspSpCrimeService.ClientHandler[100]
      Sending HTTP request GET https://www.ssp.sp.gov.br/v1/OcorrenciasMensais/RecuperaDadosMensaisAgrupados?*
info: System.Net.Http.HttpClient.SspSpCrimeService.LogicalHandler[100]
      Start processing HTTP request GET https://www.ssp.sp.gov.br/v1/OcorrenciasMensais/RecuperaDadosMensaisAgrupados?*
info: System.Net.Http.HttpClient.SspSpCrimeService.ClientHandler[100]
      Sending HTTP request GET https://www.ssp.sp.gov.br/v1/OcorrenciasMensais/RecuperaDadosMensaisAgrupados?*
info: System.Net.Http.HttpClient.SspSpCrimeService.LogicalHandler[100]
      Start processing HTTP request GET https://www.ssp.sp.gov.br/v1/OcorrenciasMensais/RecuperaDadosMensaisAgrupados?*
info: System.Net.Http.HttpClient.SspSpCrimeService.ClientHandler[100]
      Sending HTTP request GET https://www.ssp.sp.gov.br/v1/OcorrenciasMensais/RecuperaDadosMensaisAgrupados?*
info: System.Net.Http.HttpClient.SspSpCrimeService.LogicalHandler[100]
      Start processing HTTP request GET https://www.ssp.sp.gov.br/v1/OcorrenciasMensais/RecuperaDadosMensaisAgrupados?*
info: System.Net.Http.HttpClient.SspSpCrimeService.ClientHandler[100]
      Sending HTTP request GET https://www.ssp.sp.gov.br/v1/OcorrenciasMensais/RecuperaDadosMensaisAgrupados?*
info: System.Net.Http.HttpClient.SspSpCrimeService.LogicalHandler[100]
      Start processing HTTP request GET https://www.ssp.sp.gov.br/v1/OcorrenciasMensais/RecuperaDadosMensaisAgrupados?*
info: System.Net.Http.HttpClient.SspSpCrimeService.ClientHandler[100]
      Sending HTTP request GET https://www.ssp.sp.gov.br/v1/OcorrenciasMensais/RecuperaDadosMensaisAgrupados?*
info: System.Net.Http.HttpClient.SspSpCrimeService.LogicalHandler[100]
      Start processing HTTP request GET https://www.ssp.sp.gov.br/v1/OcorrenciasMensais/RecuperaDadosMensaisAgrupados?*
info: System.Net.Http.HttpClient.SspSpCrimeService.ClientHandler[100]
      Sending HTTP request GET https://www.ssp.sp.gov.br/v1/OcorrenciasMensais/RecuperaDadosMensaisAgrupados?*
info: System.Net.Http.HttpClient.SspSpCrimeService.LogicalHandler[100]
      Start processing HTTP request GET https://www.ssp.sp.gov.br/v1/OcorrenciasMensais/RecuperaDadosMensaisAgrupados?*
info: System.Net.Http.HttpClient.SspSpCrimeService.ClientHandler[100]
      Sending HTTP request GET https://www.ssp.sp.gov.br/v1/OcorrenciasMensais/RecuperaDadosMensaisAgrupados?*
info: System.Net.Http.HttpClient.SspSpCrimeService.LogicalHandler[100]
      Start processing HTTP request GET https://www.ssp.sp.gov.br/v1/OcorrenciasMensais/RecuperaDadosMensaisAgrupados?*
info: System.Net.Http.HttpClient.SspSpCrimeService.ClientHandler[100]
      Sending HTTP request GET https://www.ssp.sp.gov.br/v1/OcorrenciasMensais/RecuperaDadosMensaisAgrupados?*
info: System.Net.Http.HttpClient.SspSpCrimeService.LogicalHandler[100]
      Start processing HTTP request GET https://www.ssp.sp.gov.br/v1/OcorrenciasMensais/RecuperaDadosMensaisAgrupados?*
info: System.Net.Http.HttpClient.SspSpCrimeService.ClientHandler[100]
      Sending HTTP request GET https://www.ssp.sp.gov.br/v1/OcorrenciasMensais/RecuperaDadosMensaisAgrupados?*
info: System.Net.Http.HttpClient.SspSpCrimeService.LogicalHandler[100]
      Start processing HTTP request GET https://www.ssp.sp.gov.br/v1/OcorrenciasMensais/RecuperaDadosMensaisAgrupados?*
info: System.Net.Http.HttpClient.SspSpCrimeService.ClientHandler[100]
      Sending HTTP request GET https://www.ssp.sp.gov.br/v1/OcorrenciasMensais/RecuperaDadosMensaisAgrupados?*
info: System.Net.Http.HttpClient.SspSpCrimeService.LogicalHandler[100]
      Start processing HTTP request GET https://www.ssp.sp.gov.br/v1/OcorrenciasMensais/RecuperaDadosMensaisAgrupados?*
info: System.Net.Http.HttpClient.SspSpCrimeService.ClientHandler[100]
      Sending HTTP request GET https://www.ssp.sp.gov.br/v1/OcorrenciasMensais/RecuperaDadosMensaisAgrupados?*
info: System.Net.Http.HttpClient.SspSpCrimeService.LogicalHandler[100]
      Start processing HTTP request GET https://www.ssp.sp.gov.br/v1/OcorrenciasMensais/RecuperaDadosMensaisAgrupados?*
info: System.Net.Http.HttpClient.SspSpCrimeService.ClientHandler[100]
      Sending HTTP request GET https://www.ssp.sp.gov.br/v1/OcorrenciasMensais/RecuperaDadosMensaisAgrupados?*
info: System.Net.Http.HttpClient.SspSpCrimeService.LogicalHandler[100]
      Start processing HTTP request GET https://www.ssp.sp.gov.br/v1/OcorrenciasMensais/RecuperaDadosMensaisAgrupados?*
info: System.Net.Http.HttpClient.SspSpCrimeService.ClientHandler[100]
      Sending HTTP request GET https://www.ssp.sp.gov.br/v1/OcorrenciasMensais/RecuperaDadosMensaisAgrupados?*
info: System.Net.Http.HttpClient.SspSpCrimeService.LogicalHandler[100]
      Start processing HTTP request GET https://www.ssp.sp.gov.br/v1/OcorrenciasMensais/RecuperaDadosMensaisAgrupados?*
info: System.Net.Http.HttpClient.SspSpCrimeService.ClientHandler[100]
      Sending HTTP request GET https://www.ssp.sp.gov.br/v1/OcorrenciasMensais/RecuperaDadosMensaisAgrupados?*
info: System.Net.Http.HttpClient.SspSpCrimeService.ClientHandler[101]
      Received HTTP response headers after 1107.9192ms - 200
info: System.Net.Http.HttpClient.SspSpCrimeService.ClientHandler[101]
      Received HTTP response headers after 1108.3885ms - 200
info: System.Net.Http.HttpClient.SspSpCrimeService.LogicalHandler[101]
      End processing HTTP request after 1107.9499ms - 200
info: System.Net.Http.HttpClient.SspSpCrimeService.LogicalHandler[101]
      End processing HTTP request after 1108.4112ms - 200
info: System.Net.Http.HttpClient.SspSpCrimeService.ClientHandler[101]
      Received HTTP response headers after 1108.316ms - 200
info: System.Net.Http.HttpClient.SspSpCrimeService.LogicalHandler[101]
      End processing HTTP request after 1108.3713ms - 200
info: System.Net.Http.HttpClient.SspSpCrimeService.ClientHandler[101]
      Received HTTP response headers after 1108.6608ms - 200
info: System.Net.Http.HttpClient.SspSpCrimeService.LogicalHandler[101]
      End processing HTTP request after 1108.7099ms - 200
info: System.Net.Http.HttpClient.SspSpCrimeService.ClientHandler[101]
      Received HTTP response headers after 1110.3756ms - 200
info: System.Net.Http.HttpClient.SspSpCrimeService.LogicalHandler[101]
      End processing HTTP request after 1110.395ms - 200
info: System.Net.Http.HttpClient.SspSpCrimeService.ClientHandler[101]
      Received HTTP response headers after 1110.6493ms - 200
info: System.Net.Http.HttpClient.SspSpCrimeService.ClientHandler[101]
      Received HTTP response headers after 1109.9432ms - 200
info: System.Net.Http.HttpClient.SspSpCrimeService.LogicalHandler[101]
      End processing HTTP request after 1110.695ms - 200
info: System.Net.Http.HttpClient.SspSpCrimeService.LogicalHandler[101]
      End processing HTTP request after 1109.9674ms - 200
info: System.Net.Http.HttpClient.SspSpCrimeService.ClientHandler[101]
      Received HTTP response headers after 1111.5554ms - 200
info: System.Net.Http.HttpClient.SspSpCrimeService.LogicalHandler[101]
      End processing HTTP request after 1111.5697ms - 200
info: System.Net.Http.HttpClient.SspSpCrimeService.ClientHandler[101]
      Received HTTP response headers after 1111.8986ms - 200
info: System.Net.Http.HttpClient.SspSpCrimeService.LogicalHandler[101]
      End processing HTTP request after 1111.9241ms - 200
info: System.Net.Http.HttpClient.SspSpCrimeService.ClientHandler[101]
      Received HTTP response headers after 1112.7016ms - 200
info: System.Net.Http.HttpClient.SspSpCrimeService.LogicalHandler[101]
      End processing HTTP request after 1112.7132ms - 200
info: System.Net.Http.HttpClient.SspSpCrimeService.ClientHandler[101]
      Received HTTP response headers after 1113.3785ms - 200
info: System.Net.Http.HttpClient.SspSpCrimeService.LogicalHandler[101]
      End processing HTTP request after 1113.3921ms - 200
info: System.Net.Http.HttpClient.SspSpCrimeService.ClientHandler[101]
      Received HTTP response headers after 1114.4791ms - 200
info: System.Net.Http.HttpClient.SspSpCrimeService.LogicalHandler[101]
      End processing HTTP request after 1114.4917ms - 200
info: System.Net.Http.HttpClient.SspSpCrimeService.ClientHandler[101]
      Received HTTP response headers after 1114.8482ms - 200
info: System.Net.Http.HttpClient.SspSpCrimeService.LogicalHandler[101]
      End processing HTTP request after 1114.8602ms - 200
info: System.Net.Http.HttpClient.SspSpCrimeService.ClientHandler[101]
      Received HTTP response headers after 1118.3038ms - 200
info: System.Net.Http.HttpClient.SspSpCrimeService.LogicalHandler[101]
      End processing HTTP request after 1118.3407ms - 200
info: System.Net.Http.HttpClient.SspSpCrimeService.ClientHandler[101]
      Received HTTP response headers after 1154.5926ms - 200
info: System.Net.Http.HttpClient.SspSpCrimeService.LogicalHandler[101]
      End processing HTTP request after 1154.674ms - 200
info: System.Net.Http.HttpClient.SspSpCrimeService.ClientHandler[101]
      Received HTTP response headers after 1226.5091ms - 200
info: System.Net.Http.HttpClient.SspSpCrimeService.LogicalHandler[101]
      End processing HTTP request after 1226.5519ms - 200
info: System.Net.Http.HttpClient.SspSpCrimeService.ClientHandler[101]
      Received HTTP response headers after 1250.9496ms - 200
info: System.Net.Http.HttpClient.SspSpCrimeService.LogicalHandler[101]
      End processing HTTP request after 1251.0039ms - 200
info: System.Net.Http.HttpClient.SspSpCrimeService.ClientHandler[101]
      Received HTTP response headers after 1251.2215ms - 200
info: System.Net.Http.HttpClient.SspSpCrimeService.LogicalHandler[101]
      End processing HTTP request after 1251.2624ms - 200
info: System.Net.Http.HttpClient.SspSpCrimeService.ClientHandler[101]
      Received HTTP response headers after 1251.8564ms - 200
info: System.Net.Http.HttpClient.SspSpCrimeService.LogicalHandler[101]
      End processing HTTP request after 1251.8817ms - 200
info: System.Net.Http.HttpClient.SspSpCrimeService.ClientHandler[101]
      Received HTTP response headers after 1257.0116ms - 200
info: System.Net.Http.HttpClient.SspSpCrimeService.LogicalHandler[101]
      End processing HTTP request after 1257.0459ms - 200
info: System.Net.Http.HttpClient.SspSpCrimeService.ClientHandler[101]
      Received HTTP response headers after 1258.9027ms - 200
info: System.Net.Http.HttpClient.SspSpCrimeService.LogicalHandler[101]
      End processing HTTP request after 1258.9432ms - 200
info: System.Net.Http.HttpClient.SspSpCrimeService.ClientHandler[101]
      Received HTTP response headers after 1259.9956ms - 200
info: System.Net.Http.HttpClient.SspSpCrimeService.LogicalHandler[101]
      End processing HTTP request after 1260.0317ms - 200
info: System.Net.Http.HttpClient.SspSpCrimeService.ClientHandler[101]
      Received HTTP response headers after 1260.4629ms - 200
info: System.Net.Http.HttpClient.SspSpCrimeService.LogicalHandler[101]
      End processing HTTP request after 1260.4855ms - 200
info: System.Net.Http.HttpClient.SspSpCrimeService.ClientHandler[101]
      Received HTTP response headers after 1263.654ms - 200
info: System.Net.Http.HttpClient.SspSpCrimeService.LogicalHandler[101]
      End processing HTTP request after 1263.7083ms - 200
info: System.Net.Http.HttpClient.SspSpCrimeService.ClientHandler[101]
      Received HTTP response headers after 1267.6245ms - 200
info: System.Net.Http.HttpClient.SspSpCrimeService.LogicalHandler[101]
      End processing HTTP request after 1267.6895ms - 200
info: System.Net.Http.HttpClient.SspSpCrimeService.ClientHandler[101]
      Received HTTP response headers after 1270.8452ms - 200
info: System.Net.Http.HttpClient.SspSpCrimeService.LogicalHandler[101]
      End processing HTTP request after 1270.8952ms - 200
info: System.Net.Http.HttpClient.SspSpCrimeService.ClientHandler[101]
      Received HTTP response headers after 1270.4848ms - 200
info: System.Net.Http.HttpClient.SspSpCrimeService.LogicalHandler[101]
      End processing HTTP request after 1270.5299ms - 200
info: System.Net.Http.HttpClient.SspSpCrimeService.ClientHandler[101]
      Received HTTP response headers after 1278.4662ms - 200
info: System.Net.Http.HttpClient.SspSpCrimeService.LogicalHandler[101]
      End processing HTTP request after 1278.5308ms - 200
info: System.Net.Http.HttpClient.SspSpCrimeService.ClientHandler[101]
      Received HTTP response headers after 1278.1755ms - 200
info: System.Net.Http.HttpClient.SspSpCrimeService.LogicalHandler[101]
      End processing HTTP request after 1278.1912ms - 200
info: System.Net.Http.HttpClient.SspSpCrimeService.ClientHandler[101]
      Received HTTP response headers after 1281.4698ms - 200
info: System.Net.Http.HttpClient.SspSpCrimeService.LogicalHandler[101]
      End processing HTTP request after 1281.5013ms - 200
info: System.Net.Http.HttpClient.SspSpCrimeService.ClientHandler[101]
      Received HTTP response headers after 1281.5595ms - 200
info: System.Net.Http.HttpClient.SspSpCrimeService.LogicalHandler[101]
      End processing HTTP request after 1281.5906ms - 200
info: System.Net.Http.HttpClient.SspSpCrimeService.ClientHandler[101]
      Received HTTP response headers after 1285.2461ms - 200
info: System.Net.Http.HttpClient.SspSpCrimeService.LogicalHandler[101]
      End processing HTTP request after 1285.2642ms - 200
info: Microsoft.AspNetCore.Http.Result.OkObjectResult[1]
      Setting HTTP status code 200.
info: Microsoft.AspNetCore.Http.Result.OkObjectResult[3]
      Writing value of type '<>f__AnonymousType17`5' as Json.
info: Microsoft.AspNetCore.Routing.EndpointMiddleware[1]
      Executed endpoint 'HTTP: GET /api/seguranca/distritos-proximos'
info: Microsoft.AspNetCore.Hosting.Diagnostics[2]
      Request finished HTTP/1.1 GET http://localhost:5209/api/seguranca/distritos-proximos?ano=2025&atualizar=true - 200 - application/json;+charset=utf-8 1355.3020ms
info: Microsoft.AspNetCore.Hosting.Diagnostics[1]
      Request starting HTTP/1.1 GET http://localhost:5209/api/seguranca/distritos-proximos?ano=2026&atualizar=true - - -
info: Microsoft.AspNetCore.Cors.Infrastructure.CorsService[4]
      CORS policy execution successful.
info: Microsoft.AspNetCore.Routing.EndpointMiddleware[0]
      Executing endpoint 'HTTP: GET /api/seguranca/distritos-proximos'
info: System.Net.Http.HttpClient.SspSpCrimeService.LogicalHandler[100]
      Start processing HTTP request GET https://www.ssp.sp.gov.br/v1/Distritos/RecuperaDistritos
info: System.Net.Http.HttpClient.SspSpCrimeService.ClientHandler[100]
      Sending HTTP request GET https://www.ssp.sp.gov.br/v1/Distritos/RecuperaDistritos
info: System.Net.Http.HttpClient.SspSpCrimeService.ClientHandler[101]
      Received HTTP response headers after 32.2817ms - 200
info: System.Net.Http.HttpClient.SspSpCrimeService.LogicalHandler[101]
      End processing HTTP request after 32.4084ms - 200
info: System.Net.Http.HttpClient.SspSpCrimeService.LogicalHandler[100]
      Start processing HTTP request GET https://www.ssp.sp.gov.br/v1/OcorrenciasMensais/RecuperaDadosMensaisAgrupados?*
info: System.Net.Http.HttpClient.SspSpCrimeService.ClientHandler[100]
      Sending HTTP request GET https://www.ssp.sp.gov.br/v1/OcorrenciasMensais/RecuperaDadosMensaisAgrupados?*
info: System.Net.Http.HttpClient.SspSpCrimeService.LogicalHandler[100]
      Start processing HTTP request GET https://www.ssp.sp.gov.br/v1/OcorrenciasMensais/RecuperaDadosMensaisAgrupados?*
info: System.Net.Http.HttpClient.SspSpCrimeService.ClientHandler[100]
      Sending HTTP request GET https://www.ssp.sp.gov.br/v1/OcorrenciasMensais/RecuperaDadosMensaisAgrupados?*
info: System.Net.Http.HttpClient.SspSpCrimeService.LogicalHandler[100]
      Start processing HTTP request GET https://www.ssp.sp.gov.br/v1/OcorrenciasMensais/RecuperaDadosMensaisAgrupados?*
info: System.Net.Http.HttpClient.SspSpCrimeService.ClientHandler[100]
      Sending HTTP request GET https://www.ssp.sp.gov.br/v1/OcorrenciasMensais/RecuperaDadosMensaisAgrupados?*
info: System.Net.Http.HttpClient.SspSpCrimeService.LogicalHandler[100]
      Start processing HTTP request GET https://www.ssp.sp.gov.br/v1/OcorrenciasMensais/RecuperaDadosMensaisAgrupados?*
info: System.Net.Http.HttpClient.SspSpCrimeService.ClientHandler[100]
      Sending HTTP request GET https://www.ssp.sp.gov.br/v1/OcorrenciasMensais/RecuperaDadosMensaisAgrupados?*
info: System.Net.Http.HttpClient.SspSpCrimeService.LogicalHandler[100]
      Start processing HTTP request GET https://www.ssp.sp.gov.br/v1/OcorrenciasMensais/RecuperaDadosMensaisAgrupados?*
info: System.Net.Http.HttpClient.SspSpCrimeService.ClientHandler[100]
      Sending HTTP request GET https://www.ssp.sp.gov.br/v1/OcorrenciasMensais/RecuperaDadosMensaisAgrupados?*
info: System.Net.Http.HttpClient.SspSpCrimeService.LogicalHandler[100]
      Start processing HTTP request GET https://www.ssp.sp.gov.br/v1/OcorrenciasMensais/RecuperaDadosMensaisAgrupados?*
info: System.Net.Http.HttpClient.SspSpCrimeService.ClientHandler[100]
      Sending HTTP request GET https://www.ssp.sp.gov.br/v1/OcorrenciasMensais/RecuperaDadosMensaisAgrupados?*
info: System.Net.Http.HttpClient.SspSpCrimeService.LogicalHandler[100]
      Start processing HTTP request GET https://www.ssp.sp.gov.br/v1/OcorrenciasMensais/RecuperaDadosMensaisAgrupados?*
info: System.Net.Http.HttpClient.SspSpCrimeService.ClientHandler[100]
      Sending HTTP request GET https://www.ssp.sp.gov.br/v1/OcorrenciasMensais/RecuperaDadosMensaisAgrupados?*
info: System.Net.Http.HttpClient.SspSpCrimeService.LogicalHandler[100]
      Start processing HTTP request GET https://www.ssp.sp.gov.br/v1/OcorrenciasMensais/RecuperaDadosMensaisAgrupados?*
info: System.Net.Http.HttpClient.SspSpCrimeService.ClientHandler[100]
      Sending HTTP request GET https://www.ssp.sp.gov.br/v1/OcorrenciasMensais/RecuperaDadosMensaisAgrupados?*
info: System.Net.Http.HttpClient.SspSpCrimeService.LogicalHandler[100]
      Start processing HTTP request GET https://www.ssp.sp.gov.br/v1/OcorrenciasMensais/RecuperaDadosMensaisAgrupados?*
info: System.Net.Http.HttpClient.SspSpCrimeService.ClientHandler[100]
      Sending HTTP request GET https://www.ssp.sp.gov.br/v1/OcorrenciasMensais/RecuperaDadosMensaisAgrupados?*
info: System.Net.Http.HttpClient.SspSpCrimeService.LogicalHandler[100]
      Start processing HTTP request GET https://www.ssp.sp.gov.br/v1/OcorrenciasMensais/RecuperaDadosMensaisAgrupados?*
info: System.Net.Http.HttpClient.SspSpCrimeService.ClientHandler[100]
      Sending HTTP request GET https://www.ssp.sp.gov.br/v1/OcorrenciasMensais/RecuperaDadosMensaisAgrupados?*
info: System.Net.Http.HttpClient.SspSpCrimeService.LogicalHandler[100]
      Start processing HTTP request GET https://www.ssp.sp.gov.br/v1/OcorrenciasMensais/RecuperaDadosMensaisAgrupados?*
info: System.Net.Http.HttpClient.SspSpCrimeService.ClientHandler[100]
      Sending HTTP request GET https://www.ssp.sp.gov.br/v1/OcorrenciasMensais/RecuperaDadosMensaisAgrupados?*
info: System.Net.Http.HttpClient.SspSpCrimeService.LogicalHandler[100]
      Start processing HTTP request GET https://www.ssp.sp.gov.br/v1/OcorrenciasMensais/RecuperaDadosMensaisAgrupados?*
info: System.Net.Http.HttpClient.SspSpCrimeService.ClientHandler[100]
      Sending HTTP request GET https://www.ssp.sp.gov.br/v1/OcorrenciasMensais/RecuperaDadosMensaisAgrupados?*
info: System.Net.Http.HttpClient.SspSpCrimeService.LogicalHandler[100]
      Start processing HTTP request GET https://www.ssp.sp.gov.br/v1/OcorrenciasMensais/RecuperaDadosMensaisAgrupados?*
info: System.Net.Http.HttpClient.SspSpCrimeService.ClientHandler[100]
      Sending HTTP request GET https://www.ssp.sp.gov.br/v1/OcorrenciasMensais/RecuperaDadosMensaisAgrupados?*
info: System.Net.Http.HttpClient.SspSpCrimeService.LogicalHandler[100]
      Start processing HTTP request GET https://www.ssp.sp.gov.br/v1/OcorrenciasMensais/RecuperaDadosMensaisAgrupados?*
info: System.Net.Http.HttpClient.SspSpCrimeService.ClientHandler[100]
      Sending HTTP request GET https://www.ssp.sp.gov.br/v1/OcorrenciasMensais/RecuperaDadosMensaisAgrupados?*
info: System.Net.Http.HttpClient.SspSpCrimeService.LogicalHandler[100]
      Start processing HTTP request GET https://www.ssp.sp.gov.br/v1/OcorrenciasMensais/RecuperaDadosMensaisAgrupados?*
info: System.Net.Http.HttpClient.SspSpCrimeService.ClientHandler[100]
      Sending HTTP request GET https://www.ssp.sp.gov.br/v1/OcorrenciasMensais/RecuperaDadosMensaisAgrupados?*
info: System.Net.Http.HttpClient.SspSpCrimeService.LogicalHandler[100]
      Start processing HTTP request GET https://www.ssp.sp.gov.br/v1/OcorrenciasMensais/RecuperaDadosMensaisAgrupados?*
info: System.Net.Http.HttpClient.SspSpCrimeService.ClientHandler[100]
      Sending HTTP request GET https://www.ssp.sp.gov.br/v1/OcorrenciasMensais/RecuperaDadosMensaisAgrupados?*
info: System.Net.Http.HttpClient.SspSpCrimeService.LogicalHandler[100]
      Start processing HTTP request GET https://www.ssp.sp.gov.br/v1/OcorrenciasMensais/RecuperaDadosMensaisAgrupados?*
info: System.Net.Http.HttpClient.SspSpCrimeService.ClientHandler[100]
      Sending HTTP request GET https://www.ssp.sp.gov.br/v1/OcorrenciasMensais/RecuperaDadosMensaisAgrupados?*
info: System.Net.Http.HttpClient.SspSpCrimeService.LogicalHandler[100]
      Start processing HTTP request GET https://www.ssp.sp.gov.br/v1/OcorrenciasMensais/RecuperaDadosMensaisAgrupados?*
info: System.Net.Http.HttpClient.SspSpCrimeService.ClientHandler[100]
      Sending HTTP request GET https://www.ssp.sp.gov.br/v1/OcorrenciasMensais/RecuperaDadosMensaisAgrupados?*
info: System.Net.Http.HttpClient.SspSpCrimeService.LogicalHandler[100]
      Start processing HTTP request GET https://www.ssp.sp.gov.br/v1/OcorrenciasMensais/RecuperaDadosMensaisAgrupados?*
info: System.Net.Http.HttpClient.SspSpCrimeService.ClientHandler[100]
      Sending HTTP request GET https://www.ssp.sp.gov.br/v1/OcorrenciasMensais/RecuperaDadosMensaisAgrupados?*
info: System.Net.Http.HttpClient.SspSpCrimeService.LogicalHandler[100]
      Start processing HTTP request GET https://www.ssp.sp.gov.br/v1/OcorrenciasMensais/RecuperaDadosMensaisAgrupados?*
info: System.Net.Http.HttpClient.SspSpCrimeService.ClientHandler[100]
      Sending HTTP request GET https://www.ssp.sp.gov.br/v1/OcorrenciasMensais/RecuperaDadosMensaisAgrupados?*
info: System.Net.Http.HttpClient.SspSpCrimeService.LogicalHandler[100]
      Start processing HTTP request GET https://www.ssp.sp.gov.br/v1/OcorrenciasMensais/RecuperaDadosMensaisAgrupados?*
info: System.Net.Http.HttpClient.SspSpCrimeService.ClientHandler[100]
      Sending HTTP request GET https://www.ssp.sp.gov.br/v1/OcorrenciasMensais/RecuperaDadosMensaisAgrupados?*
info: System.Net.Http.HttpClient.SspSpCrimeService.LogicalHandler[100]
      Start processing HTTP request GET https://www.ssp.sp.gov.br/v1/OcorrenciasMensais/RecuperaDadosMensaisAgrupados?*
info: System.Net.Http.HttpClient.SspSpCrimeService.ClientHandler[100]
      Sending HTTP request GET https://www.ssp.sp.gov.br/v1/OcorrenciasMensais/RecuperaDadosMensaisAgrupados?*
info: System.Net.Http.HttpClient.SspSpCrimeService.LogicalHandler[100]
      Start processing HTTP request GET https://www.ssp.sp.gov.br/v1/OcorrenciasMensais/RecuperaDadosMensaisAgrupados?*
info: System.Net.Http.HttpClient.SspSpCrimeService.ClientHandler[100]
      Sending HTTP request GET https://www.ssp.sp.gov.br/v1/OcorrenciasMensais/RecuperaDadosMensaisAgrupados?*
info: System.Net.Http.HttpClient.SspSpCrimeService.LogicalHandler[100]
      Start processing HTTP request GET https://www.ssp.sp.gov.br/v1/OcorrenciasMensais/RecuperaDadosMensaisAgrupados?*
info: System.Net.Http.HttpClient.SspSpCrimeService.ClientHandler[100]
      Sending HTTP request GET https://www.ssp.sp.gov.br/v1/OcorrenciasMensais/RecuperaDadosMensaisAgrupados?*
info: System.Net.Http.HttpClient.SspSpCrimeService.LogicalHandler[100]
      Start processing HTTP request GET https://www.ssp.sp.gov.br/v1/OcorrenciasMensais/RecuperaDadosMensaisAgrupados?*
info: System.Net.Http.HttpClient.SspSpCrimeService.ClientHandler[100]
      Sending HTTP request GET https://www.ssp.sp.gov.br/v1/OcorrenciasMensais/RecuperaDadosMensaisAgrupados?*
info: System.Net.Http.HttpClient.SspSpCrimeService.LogicalHandler[100]
      Start processing HTTP request GET https://www.ssp.sp.gov.br/v1/OcorrenciasMensais/RecuperaDadosMensaisAgrupados?*
info: System.Net.Http.HttpClient.SspSpCrimeService.ClientHandler[100]
      Sending HTTP request GET https://www.ssp.sp.gov.br/v1/OcorrenciasMensais/RecuperaDadosMensaisAgrupados?*
info: System.Net.Http.HttpClient.SspSpCrimeService.LogicalHandler[100]
      Start processing HTTP request GET https://www.ssp.sp.gov.br/v1/OcorrenciasMensais/RecuperaDadosMensaisAgrupados?*
info: System.Net.Http.HttpClient.SspSpCrimeService.ClientHandler[100]
      Sending HTTP request GET https://www.ssp.sp.gov.br/v1/OcorrenciasMensais/RecuperaDadosMensaisAgrupados?*
info: System.Net.Http.HttpClient.SspSpCrimeService.LogicalHandler[100]
      Start processing HTTP request GET https://www.ssp.sp.gov.br/v1/OcorrenciasMensais/RecuperaDadosMensaisAgrupados?*
info: System.Net.Http.HttpClient.SspSpCrimeService.ClientHandler[100]
      Sending HTTP request GET https://www.ssp.sp.gov.br/v1/OcorrenciasMensais/RecuperaDadosMensaisAgrupados?*
info: System.Net.Http.HttpClient.SspSpCrimeService.LogicalHandler[100]
      Start processing HTTP request GET https://www.ssp.sp.gov.br/v1/OcorrenciasMensais/RecuperaDadosMensaisAgrupados?*
info: System.Net.Http.HttpClient.SspSpCrimeService.ClientHandler[100]
      Sending HTTP request GET https://www.ssp.sp.gov.br/v1/OcorrenciasMensais/RecuperaDadosMensaisAgrupados?*
info: System.Net.Http.HttpClient.SspSpCrimeService.LogicalHandler[100]
      Start processing HTTP request GET https://www.ssp.sp.gov.br/v1/OcorrenciasMensais/RecuperaDadosMensaisAgrupados?*
info: System.Net.Http.HttpClient.SspSpCrimeService.ClientHandler[100]
      Sending HTTP request GET https://www.ssp.sp.gov.br/v1/OcorrenciasMensais/RecuperaDadosMensaisAgrupados?*
info: System.Net.Http.HttpClient.SspSpCrimeService.LogicalHandler[100]
      Start processing HTTP request GET https://www.ssp.sp.gov.br/v1/OcorrenciasMensais/RecuperaDadosMensaisAgrupados?*
info: System.Net.Http.HttpClient.SspSpCrimeService.ClientHandler[100]
      Sending HTTP request GET https://www.ssp.sp.gov.br/v1/OcorrenciasMensais/RecuperaDadosMensaisAgrupados?*
info: System.Net.Http.HttpClient.SspSpCrimeService.LogicalHandler[100]
      Start processing HTTP request GET https://www.ssp.sp.gov.br/v1/OcorrenciasMensais/RecuperaDadosMensaisAgrupados?*
info: System.Net.Http.HttpClient.SspSpCrimeService.ClientHandler[100]
      Sending HTTP request GET https://www.ssp.sp.gov.br/v1/OcorrenciasMensais/RecuperaDadosMensaisAgrupados?*
info: Microsoft.AspNetCore.Routing.EndpointMiddleware[1]
      Executed endpoint 'HTTP: GET /api/seguranca/distritos-proximos'
info: Microsoft.AspNetCore.Hosting.Diagnostics[2]
      Request finished HTTP/1.1 GET http://localhost:5209/api/seguranca/distritos-proximos?ano=2026&atualizar=true - 499 - - 819.3428ms
info: Microsoft.AspNetCore.Hosting.Diagnostics[1]
      Request starting HTTP/1.1 GET http://localhost:5209/api/seguranca/distritos-proximos?ano=2025&atualizar=false - - -
info: Microsoft.AspNetCore.Cors.Infrastructure.CorsService[4]
      CORS policy execution successful.
info: Microsoft.AspNetCore.Routing.EndpointMiddleware[0]
      Executing endpoint 'HTTP: GET /api/seguranca/distritos-proximos'
info: Microsoft.AspNetCore.Http.Result.OkObjectResult[1]
      Setting HTTP status code 200.
info: Microsoft.AspNetCore.Http.Result.OkObjectResult[3]
      Writing value of type '<>f__AnonymousType17`5' as Json.
info: Microsoft.AspNetCore.Routing.EndpointMiddleware[1]
      Executed endpoint 'HTTP: GET /api/seguranca/distritos-proximos'
info: Microsoft.AspNetCore.Hosting.Diagnostics[2]
      Request finished HTTP/1.1 GET http://localhost:5209/api/seguranca/distritos-proximos?ano=2025&atualizar=false - 200 - application/json;+charset=utf-8 1.7918ms
info: Microsoft.AspNetCore.Hosting.Diagnostics[1]
      Request starting HTTP/1.1 GET http://localhost:5209/api/seguranca/distritos-proximos?ano=2025&atualizar=false - - -
info: Microsoft.AspNetCore.Cors.Infrastructure.CorsService[4]
      CORS policy execution successful.
info: Microsoft.AspNetCore.Routing.EndpointMiddleware[0]
      Executing endpoint 'HTTP: GET /api/seguranca/distritos-proximos'
info: Microsoft.AspNetCore.Http.Result.OkObjectResult[1]
      Setting HTTP status code 200.
info: Microsoft.AspNetCore.Http.Result.OkObjectResult[3]
      Writing value of type '<>f__AnonymousType17`5' as Json.
info: Microsoft.AspNetCore.Routing.EndpointMiddleware[1]
      Executed endpoint 'HTTP: GET /api/seguranca/distritos-proximos'
info: Microsoft.AspNetCore.Hosting.Diagnostics[2]
      Request finished HTTP/1.1 GET http://localhost:5209/api/seguranca/distritos-proximos?ano=2025&atualizar=false - 200 - application/json;+charset=utf-8 0.4339ms
info: Microsoft.AspNetCore.Hosting.Diagnostics[1]
      Request starting HTTP/1.1 GET http://localhost:5209/api/imoveis?page=1&pageSize=200 - - -
info: Microsoft.AspNetCore.Hosting.Diagnostics[1]
      Request starting HTTP/1.1 GET http://localhost:5209/api/bairros - - -
info: Microsoft.AspNetCore.Cors.Infrastructure.CorsService[4]
      CORS policy execution successful.
info: Microsoft.AspNetCore.Cors.Infrastructure.CorsService[4]
      CORS policy execution successful.
info: Microsoft.AspNetCore.Routing.EndpointMiddleware[0]
      Executing endpoint 'HTTP: GET /api/bairros'
info: Microsoft.AspNetCore.Routing.EndpointMiddleware[0]
      Executing endpoint 'HTTP: GET /api/imoveis'
info: Microsoft.EntityFrameworkCore.Database.Command[20101]
      Executed DbCommand (157ms) [Parameters=[], CommandType='Text', CommandTimeout='30']
      SELECT count(*)::int
      FROM imoveis AS i
fail: Microsoft.EntityFrameworkCore.Database.Command[20102]
      Failed executing DbCommand (167ms) [Parameters=[@p0='?' (DbType = Int32), @p='?' (DbType = Int32)], CommandType='Text', CommandTimeout='30']
      SELECT i0.id, i0.amenidades, i0.area_m2, i0.bairro_id, i0.banheiros, i0.capturado_em, i0.cep, i0.cidade, i0.condominio, i0.descricao, i0.endereco_formatado, i0.estado, i0.external_id, i0.fonte, i0.imagem_principal_url, i0.imagens_urls, i0.iptu, i0.latitude, i0.longitude, i0.numero, i0.preco, i0.quartos, i0.rua, i0.suites, i0.tipo_anuncio, i0.tipo_imovel, i0.tipo_negocio, i0.titulo, i0.url_original, i0.vagas, b.id, b.cidade, b.estado, b.nome, b.populacao_estimada
      FROM (
          SELECT i.id, i.amenidades, i.area_m2, i.bairro_id, i.banheiros, i.capturado_em, i.cep, i.cidade, i.condominio, i.descricao, i.endereco_formatado, i.estado, i.external_id, i.fonte, i.imagem_principal_url, i.imagens_urls, i.iptu, i.latitude, i.longitude, i.numero, i.preco, i.quartos, i.rua, i.suites, i.tipo_anuncio, i.tipo_imovel, i.tipo_negocio, i.titulo, i.url_original, i.vagas
          FROM imoveis AS i
          ORDER BY i.capturado_em DESC
          LIMIT @p0 OFFSET @p
      ) AS i0
      INNER JOIN bairros AS b ON i0.bairro_id = b.id
      ORDER BY i0.capturado_em DESC
fail: Microsoft.EntityFrameworkCore.Query[10100]
      An exception occurred while iterating over the results of a query for context type 'AppImoveis.Infrastructure.Persistence.AppDbContext'.
      Npgsql.PostgresException (0x80004005): 42703: column b.populacao_estimada does not exist
      
      POSITION: 447
         at Npgsql.Internal.NpgsqlConnector.ReadMessageLong(Boolean async, DataRowLoadingMode dataRowLoadingMode, Boolean readingNotifications, Boolean isReadingPrependedMessage)
         at System.Runtime.CompilerServices.PoolingAsyncValueTaskMethodBuilder`1.StateMachineBox`1.System.Threading.Tasks.Sources.IValueTaskSource<TResult>.GetResult(Int16 token)
         at Npgsql.NpgsqlDataReader.NextResult(Boolean async, Boolean isConsuming, CancellationToken cancellationToken)
         at Npgsql.NpgsqlDataReader.NextResult(Boolean async, Boolean isConsuming, CancellationToken cancellationToken)
         at Npgsql.NpgsqlCommand.ExecuteReader(Boolean async, CommandBehavior behavior, CancellationToken cancellationToken)
         at Npgsql.NpgsqlCommand.ExecuteReader(Boolean async, CommandBehavior behavior, CancellationToken cancellationToken)
         at Npgsql.NpgsqlCommand.ExecuteDbDataReaderAsync(CommandBehavior behavior, CancellationToken cancellationToken)
         at Microsoft.EntityFrameworkCore.Storage.RelationalCommand.ExecuteReaderAsync(RelationalCommandParameterObject parameterObject, CancellationToken cancellationToken)
         at Microsoft.EntityFrameworkCore.Storage.RelationalCommand.ExecuteReaderAsync(RelationalCommandParameterObject parameterObject, CancellationToken cancellationToken)
         at Microsoft.EntityFrameworkCore.Query.Internal.SingleQueryingEnumerable`1.AsyncEnumerator.InitializeReaderAsync(AsyncEnumerator enumerator, CancellationToken cancellationToken)
         at Npgsql.EntityFrameworkCore.PostgreSQL.Storage.Internal.NpgsqlExecutionStrategy.ExecuteAsync[TState,TResult](TState state, Func`4 operation, Func`4 verifySucceeded, CancellationToken cancellationToken)
         at Microsoft.EntityFrameworkCore.Query.Internal.SingleQueryingEnumerable`1.AsyncEnumerator.MoveNextAsync()
        Exception data:
          Severity: ERROR
          SqlState: 42703
          MessageText: column b.populacao_estimada does not exist
          Position: 447
          File: parse_relation.c
          Line: 3854
          Routine: errorMissingColumn
      Npgsql.PostgresException (0x80004005): 42703: column b.populacao_estimada does not exist
      
      POSITION: 447
         at Npgsql.Internal.NpgsqlConnector.ReadMessageLong(Boolean async, DataRowLoadingMode dataRowLoadingMode, Boolean readingNotifications, Boolean isReadingPrependedMessage)
         at System.Runtime.CompilerServices.PoolingAsyncValueTaskMethodBuilder`1.StateMachineBox`1.System.Threading.Tasks.Sources.IValueTaskSource<TResult>.GetResult(Int16 token)
         at Npgsql.NpgsqlDataReader.NextResult(Boolean async, Boolean isConsuming, CancellationToken cancellationToken)
         at Npgsql.NpgsqlDataReader.NextResult(Boolean async, Boolean isConsuming, CancellationToken cancellationToken)
         at Npgsql.NpgsqlCommand.ExecuteReader(Boolean async, CommandBehavior behavior, CancellationToken cancellationToken)
         at Npgsql.NpgsqlCommand.ExecuteReader(Boolean async, CommandBehavior behavior, CancellationToken cancellationToken)
         at Npgsql.NpgsqlCommand.ExecuteDbDataReaderAsync(CommandBehavior behavior, CancellationToken cancellationToken)
         at Microsoft.EntityFrameworkCore.Storage.RelationalCommand.ExecuteReaderAsync(RelationalCommandParameterObject parameterObject, CancellationToken cancellationToken)
         at Microsoft.EntityFrameworkCore.Storage.RelationalCommand.ExecuteReaderAsync(RelationalCommandParameterObject parameterObject, CancellationToken cancellationToken)
         at Microsoft.EntityFrameworkCore.Query.Internal.SingleQueryingEnumerable`1.AsyncEnumerator.InitializeReaderAsync(AsyncEnumerator enumerator, CancellationToken cancellationToken)
         at Npgsql.EntityFrameworkCore.PostgreSQL.Storage.Internal.NpgsqlExecutionStrategy.ExecuteAsync[TState,TResult](TState state, Func`4 operation, Func`4 verifySucceeded, CancellationToken cancellationToken)
         at Microsoft.EntityFrameworkCore.Query.Internal.SingleQueryingEnumerable`1.AsyncEnumerator.MoveNextAsync()
        Exception data:
          Severity: ERROR
          SqlState: 42703
          MessageText: column b.populacao_estimada does not exist
          Position: 447
          File: parse_relation.c
          Line: 3854
          Routine: errorMissingColumn
info: Microsoft.AspNetCore.Routing.EndpointMiddleware[1]
      Executed endpoint 'HTTP: GET /api/imoveis'
fail: Microsoft.AspNetCore.Server.Kestrel[13]
      Connection id "0HNOGVSBB1MD4", Request id "0HNOGVSBB1MD4:00000002": An unhandled exception was thrown by the application.
      Npgsql.PostgresException (0x80004005): 42703: column b.populacao_estimada does not exist
      
      POSITION: 447
         at Npgsql.Internal.NpgsqlConnector.ReadMessageLong(Boolean async, DataRowLoadingMode dataRowLoadingMode, Boolean readingNotifications, Boolean isReadingPrependedMessage)
         at System.Runtime.CompilerServices.PoolingAsyncValueTaskMethodBuilder`1.StateMachineBox`1.System.Threading.Tasks.Sources.IValueTaskSource<TResult>.GetResult(Int16 token)
         at Npgsql.NpgsqlDataReader.NextResult(Boolean async, Boolean isConsuming, CancellationToken cancellationToken)
         at Npgsql.NpgsqlDataReader.NextResult(Boolean async, Boolean isConsuming, CancellationToken cancellationToken)
         at Npgsql.NpgsqlCommand.ExecuteReader(Boolean async, CommandBehavior behavior, CancellationToken cancellationToken)
         at Npgsql.NpgsqlCommand.ExecuteReader(Boolean async, CommandBehavior behavior, CancellationToken cancellationToken)
         at Npgsql.NpgsqlCommand.ExecuteDbDataReaderAsync(CommandBehavior behavior, CancellationToken cancellationToken)
         at Microsoft.EntityFrameworkCore.Storage.RelationalCommand.ExecuteReaderAsync(RelationalCommandParameterObject parameterObject, CancellationToken cancellationToken)
         at Microsoft.EntityFrameworkCore.Storage.RelationalCommand.ExecuteReaderAsync(RelationalCommandParameterObject parameterObject, CancellationToken cancellationToken)
         at Microsoft.EntityFrameworkCore.Query.Internal.SingleQueryingEnumerable`1.AsyncEnumerator.InitializeReaderAsync(AsyncEnumerator enumerator, CancellationToken cancellationToken)
         at Npgsql.EntityFrameworkCore.PostgreSQL.Storage.Internal.NpgsqlExecutionStrategy.ExecuteAsync[TState,TResult](TState state, Func`4 operation, Func`4 verifySucceeded, CancellationToken cancellationToken)
         at Microsoft.EntityFrameworkCore.Query.Internal.SingleQueryingEnumerable`1.AsyncEnumerator.MoveNextAsync()
         at Microsoft.EntityFrameworkCore.EntityFrameworkQueryableExtensions.ToListAsync[TSource](IQueryable`1 source, CancellationToken cancellationToken)
         at Microsoft.EntityFrameworkCore.EntityFrameworkQueryableExtensions.ToListAsync[TSource](IQueryable`1 source, CancellationToken cancellationToken)
         at Program.<>c.<<<Main>$>b__0_12>d.MoveNext() in /home/vinicius/git/pi2-univesp-imoveis/backend/src/AppImoveis.Api/Program.cs:line 460
      --- End of stack trace from previous location ---
         at Microsoft.AspNetCore.Http.RequestDelegateFactory.ExecuteTaskResult[T](Task`1 task, HttpContext httpContext)
         at Microsoft.AspNetCore.Routing.EndpointMiddleware.<Invoke>g__AwaitRequestTask|7_0(Endpoint endpoint, Task requestTask, ILogger logger)
         at Microsoft.AspNetCore.Server.Kestrel.Core.Internal.Http.HttpProtocol.ProcessRequests[TContext](IHttpApplication`1 application)
        Exception data:
          Severity: ERROR
          SqlState: 42703
          MessageText: column b.populacao_estimada does not exist
          Position: 447
          File: parse_relation.c
          Line: 3854
          Routine: errorMissingColumn
info: Microsoft.AspNetCore.Hosting.Diagnostics[1]
      Request starting HTTP/1.1 GET http://localhost:5209/api/imoveis?page=1&pageSize=200 - - -
info: Microsoft.AspNetCore.Cors.Infrastructure.CorsService[4]
      CORS policy execution successful.
info: Microsoft.AspNetCore.Routing.EndpointMiddleware[0]
      Executing endpoint 'HTTP: GET /api/imoveis'
info: Microsoft.AspNetCore.Hosting.Diagnostics[2]
      Request finished HTTP/1.1 GET http://localhost:5209/api/imoveis?page=1&pageSize=200 - 500 0 - 584.8942ms
info: Microsoft.EntityFrameworkCore.Database.Command[20101]
      Executed DbCommand (154ms) [Parameters=[], CommandType='Text', CommandTimeout='30']
      SELECT count(*)::int
      FROM imoveis AS i
info: Microsoft.AspNetCore.Hosting.Diagnostics[1]
      Request starting HTTP/1.1 GET http://localhost:5209/api/seguranca/distritos-proximos?ano=2025&atualizar=false - - -
info: Microsoft.AspNetCore.Cors.Infrastructure.CorsService[4]
      CORS policy execution successful.
info: Microsoft.AspNetCore.Routing.EndpointMiddleware[0]
      Executing endpoint 'HTTP: GET /api/seguranca/distritos-proximos'
info: Microsoft.AspNetCore.Http.Result.OkObjectResult[1]
      Setting HTTP status code 200.
info: Microsoft.AspNetCore.Http.Result.OkObjectResult[3]
      Writing value of type '<>f__AnonymousType17`5' as Json.
info: Microsoft.AspNetCore.Routing.EndpointMiddleware[1]
      Executed endpoint 'HTTP: GET /api/seguranca/distritos-proximos'
info: Microsoft.AspNetCore.Hosting.Diagnostics[2]
      Request finished HTTP/1.1 GET http://localhost:5209/api/seguranca/distritos-proximos?ano=2025&atualizar=false - 200 - application/json;+charset=utf-8 0.3646ms
info: Microsoft.AspNetCore.Hosting.Diagnostics[1]
      Request starting HTTP/1.1 GET http://localhost:5209/api/seguranca/distritos-proximos?ano=2025&atualizar=false - - -
info: Microsoft.AspNetCore.Cors.Infrastructure.CorsService[4]
      CORS policy execution successful.
info: Microsoft.AspNetCore.Routing.EndpointMiddleware[0]
      Executing endpoint 'HTTP: GET /api/seguranca/distritos-proximos'
info: Microsoft.AspNetCore.Http.Result.OkObjectResult[1]
      Setting HTTP status code 200.
info: Microsoft.AspNetCore.Http.Result.OkObjectResult[3]
      Writing value of type '<>f__AnonymousType17`5' as Json.
info: Microsoft.AspNetCore.Routing.EndpointMiddleware[1]
      Executed endpoint 'HTTP: GET /api/seguranca/distritos-proximos'
info: Microsoft.AspNetCore.Hosting.Diagnostics[2]
      Request finished HTTP/1.1 GET http://localhost:5209/api/seguranca/distritos-proximos?ano=2025&atualizar=false - 200 - application/json;+charset=utf-8 0.1568ms
fail: Microsoft.EntityFrameworkCore.Database.Command[20102]
      Failed executing DbCommand (149ms) [Parameters=[@p0='?' (DbType = Int32), @p='?' (DbType = Int32)], CommandType='Text', CommandTimeout='30']
      SELECT i0.id, i0.amenidades, i0.area_m2, i0.bairro_id, i0.banheiros, i0.capturado_em, i0.cep, i0.cidade, i0.condominio, i0.descricao, i0.endereco_formatado, i0.estado, i0.external_id, i0.fonte, i0.imagem_principal_url, i0.imagens_urls, i0.iptu, i0.latitude, i0.longitude, i0.numero, i0.preco, i0.quartos, i0.rua, i0.suites, i0.tipo_anuncio, i0.tipo_imovel, i0.tipo_negocio, i0.titulo, i0.url_original, i0.vagas, b.id, b.cidade, b.estado, b.nome, b.populacao_estimada
      FROM (
          SELECT i.id, i.amenidades, i.area_m2, i.bairro_id, i.banheiros, i.capturado_em, i.cep, i.cidade, i.condominio, i.descricao, i.endereco_formatado, i.estado, i.external_id, i.fonte, i.imagem_principal_url, i.imagens_urls, i.iptu, i.latitude, i.longitude, i.numero, i.preco, i.quartos, i.rua, i.suites, i.tipo_anuncio, i.tipo_imovel, i.tipo_negocio, i.titulo, i.url_original, i.vagas
          FROM imoveis AS i
          ORDER BY i.capturado_em DESC
          LIMIT @p0 OFFSET @p
      ) AS i0
      INNER JOIN bairros AS b ON i0.bairro_id = b.id
      ORDER BY i0.capturado_em DESC
fail: Microsoft.EntityFrameworkCore.Query[10100]
      An exception occurred while iterating over the results of a query for context type 'AppImoveis.Infrastructure.Persistence.AppDbContext'.
      Npgsql.PostgresException (0x80004005): 42703: column b.populacao_estimada does not exist
      
      POSITION: 447
         at Npgsql.Internal.NpgsqlConnector.ReadMessageLong(Boolean async, DataRowLoadingMode dataRowLoadingMode, Boolean readingNotifications, Boolean isReadingPrependedMessage)
         at System.Runtime.CompilerServices.PoolingAsyncValueTaskMethodBuilder`1.StateMachineBox`1.System.Threading.Tasks.Sources.IValueTaskSource<TResult>.GetResult(Int16 token)
         at Npgsql.NpgsqlDataReader.NextResult(Boolean async, Boolean isConsuming, CancellationToken cancellationToken)
         at Npgsql.NpgsqlDataReader.NextResult(Boolean async, Boolean isConsuming, CancellationToken cancellationToken)
         at Npgsql.NpgsqlCommand.ExecuteReader(Boolean async, CommandBehavior behavior, CancellationToken cancellationToken)
         at Npgsql.NpgsqlCommand.ExecuteReader(Boolean async, CommandBehavior behavior, CancellationToken cancellationToken)
         at Npgsql.NpgsqlCommand.ExecuteDbDataReaderAsync(CommandBehavior behavior, CancellationToken cancellationToken)
         at Microsoft.EntityFrameworkCore.Storage.RelationalCommand.ExecuteReaderAsync(RelationalCommandParameterObject parameterObject, CancellationToken cancellationToken)
         at Microsoft.EntityFrameworkCore.Storage.RelationalCommand.ExecuteReaderAsync(RelationalCommandParameterObject parameterObject, CancellationToken cancellationToken)
         at Microsoft.EntityFrameworkCore.Query.Internal.SingleQueryingEnumerable`1.AsyncEnumerator.InitializeReaderAsync(AsyncEnumerator enumerator, CancellationToken cancellationToken)
         at Npgsql.EntityFrameworkCore.PostgreSQL.Storage.Internal.NpgsqlExecutionStrategy.ExecuteAsync[TState,TResult](TState state, Func`4 operation, Func`4 verifySucceeded, CancellationToken cancellationToken)
         at Microsoft.EntityFrameworkCore.Query.Internal.SingleQueryingEnumerable`1.AsyncEnumerator.MoveNextAsync()
        Exception data:
          Severity: ERROR
          SqlState: 42703
          MessageText: column b.populacao_estimada does not exist
          Position: 447
          File: parse_relation.c
          Line: 3854
          Routine: errorMissingColumn
      Npgsql.PostgresException (0x80004005): 42703: column b.populacao_estimada does not exist
      
      POSITION: 447
         at Npgsql.Internal.NpgsqlConnector.ReadMessageLong(Boolean async, DataRowLoadingMode dataRowLoadingMode, Boolean readingNotifications, Boolean isReadingPrependedMessage)
         at System.Runtime.CompilerServices.PoolingAsyncValueTaskMethodBuilder`1.StateMachineBox`1.System.Threading.Tasks.Sources.IValueTaskSource<TResult>.GetResult(Int16 token)
         at Npgsql.NpgsqlDataReader.NextResult(Boolean async, Boolean isConsuming, CancellationToken cancellationToken)
         at Npgsql.NpgsqlDataReader.NextResult(Boolean async, Boolean isConsuming, CancellationToken cancellationToken)
         at Npgsql.NpgsqlCommand.ExecuteReader(Boolean async, CommandBehavior behavior, CancellationToken cancellationToken)
         at Npgsql.NpgsqlCommand.ExecuteReader(Boolean async, CommandBehavior behavior, CancellationToken cancellationToken)
         at Npgsql.NpgsqlCommand.ExecuteDbDataReaderAsync(CommandBehavior behavior, CancellationToken cancellationToken)
         at Microsoft.EntityFrameworkCore.Storage.RelationalCommand.ExecuteReaderAsync(RelationalCommandParameterObject parameterObject, CancellationToken cancellationToken)
         at Microsoft.EntityFrameworkCore.Storage.RelationalCommand.ExecuteReaderAsync(RelationalCommandParameterObject parameterObject, CancellationToken cancellationToken)
         at Microsoft.EntityFrameworkCore.Query.Internal.SingleQueryingEnumerable`1.AsyncEnumerator.InitializeReaderAsync(AsyncEnumerator enumerator, CancellationToken cancellationToken)
         at Npgsql.EntityFrameworkCore.PostgreSQL.Storage.Internal.NpgsqlExecutionStrategy.ExecuteAsync[TState,TResult](TState state, Func`4 operation, Func`4 verifySucceeded, CancellationToken cancellationToken)
         at Microsoft.EntityFrameworkCore.Query.Internal.SingleQueryingEnumerable`1.AsyncEnumerator.MoveNextAsync()
        Exception data:
          Severity: ERROR
          SqlState: 42703
          MessageText: column b.populacao_estimada does not exist
          Position: 447
          File: parse_relation.c
          Line: 3854
          Routine: errorMissingColumn
info: Microsoft.AspNetCore.Routing.EndpointMiddleware[1]
      Executed endpoint 'HTTP: GET /api/imoveis'
fail: Microsoft.AspNetCore.Server.Kestrel[13]
      Connection id "0HNOGVSBB1MD5", Request id "0HNOGVSBB1MD5:00000001": An unhandled exception was thrown by the application.
      Npgsql.PostgresException (0x80004005): 42703: column b.populacao_estimada does not exist
      
      POSITION: 447
         at Npgsql.Internal.NpgsqlConnector.ReadMessageLong(Boolean async, DataRowLoadingMode dataRowLoadingMode, Boolean readingNotifications, Boolean isReadingPrependedMessage)
         at System.Runtime.CompilerServices.PoolingAsyncValueTaskMethodBuilder`1.StateMachineBox`1.System.Threading.Tasks.Sources.IValueTaskSource<TResult>.GetResult(Int16 token)
         at Npgsql.NpgsqlDataReader.NextResult(Boolean async, Boolean isConsuming, CancellationToken cancellationToken)
         at Npgsql.NpgsqlDataReader.NextResult(Boolean async, Boolean isConsuming, CancellationToken cancellationToken)
         at Npgsql.NpgsqlCommand.ExecuteReader(Boolean async, CommandBehavior behavior, CancellationToken cancellationToken)
         at Npgsql.NpgsqlCommand.ExecuteReader(Boolean async, CommandBehavior behavior, CancellationToken cancellationToken)
         at Npgsql.NpgsqlCommand.ExecuteDbDataReaderAsync(CommandBehavior behavior, CancellationToken cancellationToken)
         at Microsoft.EntityFrameworkCore.Storage.RelationalCommand.ExecuteReaderAsync(RelationalCommandParameterObject parameterObject, CancellationToken cancellationToken)
         at Microsoft.EntityFrameworkCore.Storage.RelationalCommand.ExecuteReaderAsync(RelationalCommandParameterObject parameterObject, CancellationToken cancellationToken)
         at Microsoft.EntityFrameworkCore.Query.Internal.SingleQueryingEnumerable`1.AsyncEnumerator.InitializeReaderAsync(AsyncEnumerator enumerator, CancellationToken cancellationToken)
         at Npgsql.EntityFrameworkCore.PostgreSQL.Storage.Internal.NpgsqlExecutionStrategy.ExecuteAsync[TState,TResult](TState state, Func`4 operation, Func`4 verifySucceeded, CancellationToken cancellationToken)
         at Microsoft.EntityFrameworkCore.Query.Internal.SingleQueryingEnumerable`1.AsyncEnumerator.MoveNextAsync()
         at Microsoft.EntityFrameworkCore.EntityFrameworkQueryableExtensions.ToListAsync[TSource](IQueryable`1 source, CancellationToken cancellationToken)
         at Microsoft.EntityFrameworkCore.EntityFrameworkQueryableExtensions.ToListAsync[TSource](IQueryable`1 source, CancellationToken cancellationToken)
         at Program.<>c.<<<Main>$>b__0_12>d.MoveNext() in /home/vinicius/git/pi2-univesp-imoveis/backend/src/AppImoveis.Api/Program.cs:line 460
      --- End of stack trace from previous location ---
         at Microsoft.AspNetCore.Http.RequestDelegateFactory.ExecuteTaskResult[T](Task`1 task, HttpContext httpContext)
         at Microsoft.AspNetCore.Routing.EndpointMiddleware.<Invoke>g__AwaitRequestTask|7_0(Endpoint endpoint, Task requestTask, ILogger logger)
         at Microsoft.AspNetCore.Server.Kestrel.Core.Internal.Http.HttpProtocol.ProcessRequests[TContext](IHttpApplication`1 application)
        Exception data:
          Severity: ERROR
          SqlState: 42703
          MessageText: column b.populacao_estimada does not exist
          Position: 447
          File: parse_relation.c
          Line: 3854
          Routine: errorMissingColumn
info: Microsoft.AspNetCore.Hosting.Diagnostics[2]
      Request finished HTTP/1.1 GET http://localhost:5209/api/imoveis?page=1&pageSize=200 - 500 0 - 369.9855ms
info: Microsoft.AspNetCore.Hosting.Diagnostics[1]
      Request starting HTTP/1.1 GET http://localhost:5209/api/imoveis?page=1&pageSize=200 - - -
info: Microsoft.AspNetCore.Cors.Infrastructure.CorsService[4]
      CORS policy execution successful.
info: Microsoft.AspNetCore.Routing.EndpointMiddleware[0]
      Executing endpoint 'HTTP: GET /api/imoveis'
info: Microsoft.EntityFrameworkCore.Database.Command[20101]
      Executed DbCommand (153ms) [Parameters=[], CommandType='Text', CommandTimeout='30']
      SELECT count(*)::int
      FROM imoveis AS i
fail: Microsoft.EntityFrameworkCore.Database.Command[20102]
      Failed executing DbCommand (142ms) [Parameters=[], CommandType='Text', CommandTimeout='30']
      SELECT b.id, b.cidade, b.estado, b.nome, b.populacao_estimada
      FROM bairros AS b
      ORDER BY b.nome
fail: Microsoft.EntityFrameworkCore.Query[10100]
      An exception occurred while iterating over the results of a query for context type 'AppImoveis.Infrastructure.Persistence.AppDbContext'.
      Npgsql.PostgresException (0x80004005): 42703: column b.populacao_estimada does not exist
      
      POSITION: 42
         at Npgsql.Internal.NpgsqlConnector.ReadMessageLong(Boolean async, DataRowLoadingMode dataRowLoadingMode, Boolean readingNotifications, Boolean isReadingPrependedMessage)
         at System.Runtime.CompilerServices.PoolingAsyncValueTaskMethodBuilder`1.StateMachineBox`1.System.Threading.Tasks.Sources.IValueTaskSource<TResult>.GetResult(Int16 token)
         at Npgsql.NpgsqlDataReader.NextResult(Boolean async, Boolean isConsuming, CancellationToken cancellationToken)
         at Npgsql.NpgsqlDataReader.NextResult(Boolean async, Boolean isConsuming, CancellationToken cancellationToken)
         at Npgsql.NpgsqlCommand.ExecuteReader(Boolean async, CommandBehavior behavior, CancellationToken cancellationToken)
         at Npgsql.NpgsqlCommand.ExecuteReader(Boolean async, CommandBehavior behavior, CancellationToken cancellationToken)
         at Npgsql.NpgsqlCommand.ExecuteDbDataReaderAsync(CommandBehavior behavior, CancellationToken cancellationToken)
         at Microsoft.EntityFrameworkCore.Storage.RelationalCommand.ExecuteReaderAsync(RelationalCommandParameterObject parameterObject, CancellationToken cancellationToken)
         at Microsoft.EntityFrameworkCore.Storage.RelationalCommand.ExecuteReaderAsync(RelationalCommandParameterObject parameterObject, CancellationToken cancellationToken)
         at Microsoft.EntityFrameworkCore.Query.Internal.SingleQueryingEnumerable`1.AsyncEnumerator.InitializeReaderAsync(AsyncEnumerator enumerator, CancellationToken cancellationToken)
         at Npgsql.EntityFrameworkCore.PostgreSQL.Storage.Internal.NpgsqlExecutionStrategy.ExecuteAsync[TState,TResult](TState state, Func`4 operation, Func`4 verifySucceeded, CancellationToken cancellationToken)
         at Microsoft.EntityFrameworkCore.Query.Internal.SingleQueryingEnumerable`1.AsyncEnumerator.MoveNextAsync()
        Exception data:
          Severity: ERROR
          SqlState: 42703
          MessageText: column b.populacao_estimada does not exist
          Position: 42
          File: parse_relation.c
          Line: 3854
          Routine: errorMissingColumn
      Npgsql.PostgresException (0x80004005): 42703: column b.populacao_estimada does not exist
      
      POSITION: 42
         at Npgsql.Internal.NpgsqlConnector.ReadMessageLong(Boolean async, DataRowLoadingMode dataRowLoadingMode, Boolean readingNotifications, Boolean isReadingPrependedMessage)
         at System.Runtime.CompilerServices.PoolingAsyncValueTaskMethodBuilder`1.StateMachineBox`1.System.Threading.Tasks.Sources.IValueTaskSource<TResult>.GetResult(Int16 token)
         at Npgsql.NpgsqlDataReader.NextResult(Boolean async, Boolean isConsuming, CancellationToken cancellationToken)
         at Npgsql.NpgsqlDataReader.NextResult(Boolean async, Boolean isConsuming, CancellationToken cancellationToken)
         at Npgsql.NpgsqlCommand.ExecuteReader(Boolean async, CommandBehavior behavior, CancellationToken cancellationToken)
         at Npgsql.NpgsqlCommand.ExecuteReader(Boolean async, CommandBehavior behavior, CancellationToken cancellationToken)
         at Npgsql.NpgsqlCommand.ExecuteDbDataReaderAsync(CommandBehavior behavior, CancellationToken cancellationToken)
         at Microsoft.EntityFrameworkCore.Storage.RelationalCommand.ExecuteReaderAsync(RelationalCommandParameterObject parameterObject, CancellationToken cancellationToken)
         at Microsoft.EntityFrameworkCore.Storage.RelationalCommand.ExecuteReaderAsync(RelationalCommandParameterObject parameterObject, CancellationToken cancellationToken)
         at Microsoft.EntityFrameworkCore.Query.Internal.SingleQueryingEnumerable`1.AsyncEnumerator.InitializeReaderAsync(AsyncEnumerator enumerator, CancellationToken cancellationToken)
         at Npgsql.EntityFrameworkCore.PostgreSQL.Storage.Internal.NpgsqlExecutionStrategy.ExecuteAsync[TState,TResult](TState state, Func`4 operation, Func`4 verifySucceeded, CancellationToken cancellationToken)
         at Microsoft.EntityFrameworkCore.Query.Internal.SingleQueryingEnumerable`1.AsyncEnumerator.MoveNextAsync()
        Exception data:
          Severity: ERROR
          SqlState: 42703
          MessageText: column b.populacao_estimada does not exist
          Position: 42
          File: parse_relation.c
          Line: 3854
          Routine: errorMissingColumn
info: Microsoft.AspNetCore.Routing.EndpointMiddleware[1]
      Executed endpoint 'HTTP: GET /api/bairros'
fail: Microsoft.AspNetCore.Server.Kestrel[13]
      Connection id "0HNOGVSBB1MD3", Request id "0HNOGVSBB1MD3:00000002": An unhandled exception was thrown by the application.
      Npgsql.PostgresException (0x80004005): 42703: column b.populacao_estimada does not exist
      
      POSITION: 42
         at Npgsql.Internal.NpgsqlConnector.ReadMessageLong(Boolean async, DataRowLoadingMode dataRowLoadingMode, Boolean readingNotifications, Boolean isReadingPrependedMessage)
         at System.Runtime.CompilerServices.PoolingAsyncValueTaskMethodBuilder`1.StateMachineBox`1.System.Threading.Tasks.Sources.IValueTaskSource<TResult>.GetResult(Int16 token)
         at Npgsql.NpgsqlDataReader.NextResult(Boolean async, Boolean isConsuming, CancellationToken cancellationToken)
         at Npgsql.NpgsqlDataReader.NextResult(Boolean async, Boolean isConsuming, CancellationToken cancellationToken)
         at Npgsql.NpgsqlCommand.ExecuteReader(Boolean async, CommandBehavior behavior, CancellationToken cancellationToken)
         at Npgsql.NpgsqlCommand.ExecuteReader(Boolean async, CommandBehavior behavior, CancellationToken cancellationToken)
         at Npgsql.NpgsqlCommand.ExecuteDbDataReaderAsync(CommandBehavior behavior, CancellationToken cancellationToken)
         at Microsoft.EntityFrameworkCore.Storage.RelationalCommand.ExecuteReaderAsync(RelationalCommandParameterObject parameterObject, CancellationToken cancellationToken)
         at Microsoft.EntityFrameworkCore.Storage.RelationalCommand.ExecuteReaderAsync(RelationalCommandParameterObject parameterObject, CancellationToken cancellationToken)
         at Microsoft.EntityFrameworkCore.Query.Internal.SingleQueryingEnumerable`1.AsyncEnumerator.InitializeReaderAsync(AsyncEnumerator enumerator, CancellationToken cancellationToken)
         at Npgsql.EntityFrameworkCore.PostgreSQL.Storage.Internal.NpgsqlExecutionStrategy.ExecuteAsync[TState,TResult](TState state, Func`4 operation, Func`4 verifySucceeded, CancellationToken cancellationToken)
         at Microsoft.EntityFrameworkCore.Query.Internal.SingleQueryingEnumerable`1.AsyncEnumerator.MoveNextAsync()
         at Microsoft.EntityFrameworkCore.EntityFrameworkQueryableExtensions.ToListAsync[TSource](IQueryable`1 source, CancellationToken cancellationToken)
         at Microsoft.EntityFrameworkCore.EntityFrameworkQueryableExtensions.ToListAsync[TSource](IQueryable`1 source, CancellationToken cancellationToken)
         at Program.<>c.<<<Main>$>b__0_4>d.MoveNext() in /home/vinicius/git/pi2-univesp-imoveis/backend/src/AppImoveis.Api/Program.cs:line 107
      --- End of stack trace from previous location ---
         at Microsoft.AspNetCore.Http.RequestDelegateFactory.ExecuteTaskResult[T](Task`1 task, HttpContext httpContext)
         at Microsoft.AspNetCore.Routing.EndpointMiddleware.<Invoke>g__AwaitRequestTask|7_0(Endpoint endpoint, Task requestTask, ILogger logger)
         at Microsoft.AspNetCore.Server.Kestrel.Core.Internal.Http.HttpProtocol.ProcessRequests[TContext](IHttpApplication`1 application)
        Exception data:
          Severity: ERROR
          SqlState: 42703
          MessageText: column b.populacao_estimada does not exist
          Position: 42
          File: parse_relation.c
          Line: 3854
          Routine: errorMissingColumn
info: Microsoft.AspNetCore.Hosting.Diagnostics[2]
      Request finished HTTP/1.1 GET http://localhost:5209/api/bairros - 500 0 - 1186.1810ms
info: Microsoft.AspNetCore.Hosting.Diagnostics[1]
      Request starting HTTP/1.1 GET http://localhost:5209/api/bairros - - -
info: Microsoft.AspNetCore.Cors.Infrastructure.CorsService[4]
      CORS policy execution successful.
info: Microsoft.AspNetCore.Routing.EndpointMiddleware[0]
      Executing endpoint 'HTTP: GET /api/bairros'
fail: Microsoft.EntityFrameworkCore.Database.Command[20102]
      Failed executing DbCommand (146ms) [Parameters=[@p0='?' (DbType = Int32), @p='?' (DbType = Int32)], CommandType='Text', CommandTimeout='30']
      SELECT i0.id, i0.amenidades, i0.area_m2, i0.bairro_id, i0.banheiros, i0.capturado_em, i0.cep, i0.cidade, i0.condominio, i0.descricao, i0.endereco_formatado, i0.estado, i0.external_id, i0.fonte, i0.imagem_principal_url, i0.imagens_urls, i0.iptu, i0.latitude, i0.longitude, i0.numero, i0.preco, i0.quartos, i0.rua, i0.suites, i0.tipo_anuncio, i0.tipo_imovel, i0.tipo_negocio, i0.titulo, i0.url_original, i0.vagas, b.id, b.cidade, b.estado, b.nome, b.populacao_estimada
      FROM (
          SELECT i.id, i.amenidades, i.area_m2, i.bairro_id, i.banheiros, i.capturado_em, i.cep, i.cidade, i.condominio, i.descricao, i.endereco_formatado, i.estado, i.external_id, i.fonte, i.imagem_principal_url, i.imagens_urls, i.iptu, i.latitude, i.longitude, i.numero, i.preco, i.quartos, i.rua, i.suites, i.tipo_anuncio, i.tipo_imovel, i.tipo_negocio, i.titulo, i.url_original, i.vagas
          FROM imoveis AS i
          ORDER BY i.capturado_em DESC
          LIMIT @p0 OFFSET @p
      ) AS i0
      INNER JOIN bairros AS b ON i0.bairro_id = b.id
      ORDER BY i0.capturado_em DESC
fail: Microsoft.EntityFrameworkCore.Query[10100]
      An exception occurred while iterating over the results of a query for context type 'AppImoveis.Infrastructure.Persistence.AppDbContext'.
      Npgsql.PostgresException (0x80004005): 42703: column b.populacao_estimada does not exist
      
      POSITION: 447
         at Npgsql.Internal.NpgsqlConnector.ReadMessageLong(Boolean async, DataRowLoadingMode dataRowLoadingMode, Boolean readingNotifications, Boolean isReadingPrependedMessage)
         at System.Runtime.CompilerServices.PoolingAsyncValueTaskMethodBuilder`1.StateMachineBox`1.System.Threading.Tasks.Sources.IValueTaskSource<TResult>.GetResult(Int16 token)
         at Npgsql.NpgsqlDataReader.NextResult(Boolean async, Boolean isConsuming, CancellationToken cancellationToken)
         at Npgsql.NpgsqlDataReader.NextResult(Boolean async, Boolean isConsuming, CancellationToken cancellationToken)
         at Npgsql.NpgsqlCommand.ExecuteReader(Boolean async, CommandBehavior behavior, CancellationToken cancellationToken)
         at Npgsql.NpgsqlCommand.ExecuteReader(Boolean async, CommandBehavior behavior, CancellationToken cancellationToken)
         at Npgsql.NpgsqlCommand.ExecuteDbDataReaderAsync(CommandBehavior behavior, CancellationToken cancellationToken)
         at Microsoft.EntityFrameworkCore.Storage.RelationalCommand.ExecuteReaderAsync(RelationalCommandParameterObject parameterObject, CancellationToken cancellationToken)
         at Microsoft.EntityFrameworkCore.Storage.RelationalCommand.ExecuteReaderAsync(RelationalCommandParameterObject parameterObject, CancellationToken cancellationToken)
         at Microsoft.EntityFrameworkCore.Query.Internal.SingleQueryingEnumerable`1.AsyncEnumerator.InitializeReaderAsync(AsyncEnumerator enumerator, CancellationToken cancellationToken)
         at Npgsql.EntityFrameworkCore.PostgreSQL.Storage.Internal.NpgsqlExecutionStrategy.ExecuteAsync[TState,TResult](TState state, Func`4 operation, Func`4 verifySucceeded, CancellationToken cancellationToken)
         at Microsoft.EntityFrameworkCore.Query.Internal.SingleQueryingEnumerable`1.AsyncEnumerator.MoveNextAsync()
        Exception data:
          Severity: ERROR
          SqlState: 42703
          MessageText: column b.populacao_estimada does not exist
          Position: 447
          File: parse_relation.c
          Line: 3854
          Routine: errorMissingColumn
      Npgsql.PostgresException (0x80004005): 42703: column b.populacao_estimada does not exist
      
      POSITION: 447
         at Npgsql.Internal.NpgsqlConnector.ReadMessageLong(Boolean async, DataRowLoadingMode dataRowLoadingMode, Boolean readingNotifications, Boolean isReadingPrependedMessage)
         at System.Runtime.CompilerServices.PoolingAsyncValueTaskMethodBuilder`1.StateMachineBox`1.System.Threading.Tasks.Sources.IValueTaskSource<TResult>.GetResult(Int16 token)
         at Npgsql.NpgsqlDataReader.NextResult(Boolean async, Boolean isConsuming, CancellationToken cancellationToken)
         at Npgsql.NpgsqlDataReader.NextResult(Boolean async, Boolean isConsuming, CancellationToken cancellationToken)
         at Npgsql.NpgsqlCommand.ExecuteReader(Boolean async, CommandBehavior behavior, CancellationToken cancellationToken)
         at Npgsql.NpgsqlCommand.ExecuteReader(Boolean async, CommandBehavior behavior, CancellationToken cancellationToken)
         at Npgsql.NpgsqlCommand.ExecuteDbDataReaderAsync(CommandBehavior behavior, CancellationToken cancellationToken)
         at Microsoft.EntityFrameworkCore.Storage.RelationalCommand.ExecuteReaderAsync(RelationalCommandParameterObject parameterObject, CancellationToken cancellationToken)
         at Microsoft.EntityFrameworkCore.Storage.RelationalCommand.ExecuteReaderAsync(RelationalCommandParameterObject parameterObject, CancellationToken cancellationToken)
         at Microsoft.EntityFrameworkCore.Query.Internal.SingleQueryingEnumerable`1.AsyncEnumerator.InitializeReaderAsync(AsyncEnumerator enumerator, CancellationToken cancellationToken)
         at Npgsql.EntityFrameworkCore.PostgreSQL.Storage.Internal.NpgsqlExecutionStrategy.ExecuteAsync[TState,TResult](TState state, Func`4 operation, Func`4 verifySucceeded, CancellationToken cancellationToken)
         at Microsoft.EntityFrameworkCore.Query.Internal.SingleQueryingEnumerable`1.AsyncEnumerator.MoveNextAsync()
        Exception data:
          Severity: ERROR
          SqlState: 42703
          MessageText: column b.populacao_estimada does not exist
          Position: 447
          File: parse_relation.c
          Line: 3854
          Routine: errorMissingColumn
info: Microsoft.AspNetCore.Routing.EndpointMiddleware[1]
      Executed endpoint 'HTTP: GET /api/imoveis'
fail: Microsoft.AspNetCore.Server.Kestrel[13]
      Connection id "0HNOGVSBB1MD5", Request id "0HNOGVSBB1MD5:00000002": An unhandled exception was thrown by the application.
      Npgsql.PostgresException (0x80004005): 42703: column b.populacao_estimada does not exist
      
      POSITION: 447
         at Npgsql.Internal.NpgsqlConnector.ReadMessageLong(Boolean async, DataRowLoadingMode dataRowLoadingMode, Boolean readingNotifications, Boolean isReadingPrependedMessage)
         at System.Runtime.CompilerServices.PoolingAsyncValueTaskMethodBuilder`1.StateMachineBox`1.System.Threading.Tasks.Sources.IValueTaskSource<TResult>.GetResult(Int16 token)
         at Npgsql.NpgsqlDataReader.NextResult(Boolean async, Boolean isConsuming, CancellationToken cancellationToken)
         at Npgsql.NpgsqlDataReader.NextResult(Boolean async, Boolean isConsuming, CancellationToken cancellationToken)
         at Npgsql.NpgsqlCommand.ExecuteReader(Boolean async, CommandBehavior behavior, CancellationToken cancellationToken)
         at Npgsql.NpgsqlCommand.ExecuteReader(Boolean async, CommandBehavior behavior, CancellationToken cancellationToken)
         at Npgsql.NpgsqlCommand.ExecuteDbDataReaderAsync(CommandBehavior behavior, CancellationToken cancellationToken)
         at Microsoft.EntityFrameworkCore.Storage.RelationalCommand.ExecuteReaderAsync(RelationalCommandParameterObject parameterObject, CancellationToken cancellationToken)
         at Microsoft.EntityFrameworkCore.Storage.RelationalCommand.ExecuteReaderAsync(RelationalCommandParameterObject parameterObject, CancellationToken cancellationToken)
         at Microsoft.EntityFrameworkCore.Query.Internal.SingleQueryingEnumerable`1.AsyncEnumerator.InitializeReaderAsync(AsyncEnumerator enumerator, CancellationToken cancellationToken)
         at Npgsql.EntityFrameworkCore.PostgreSQL.Storage.Internal.NpgsqlExecutionStrategy.ExecuteAsync[TState,TResult](TState state, Func`4 operation, Func`4 verifySucceeded, CancellationToken cancellationToken)
         at Microsoft.EntityFrameworkCore.Query.Internal.SingleQueryingEnumerable`1.AsyncEnumerator.MoveNextAsync()
         at Microsoft.EntityFrameworkCore.EntityFrameworkQueryableExtensions.ToListAsync[TSource](IQueryable`1 source, CancellationToken cancellationToken)
         at Microsoft.EntityFrameworkCore.EntityFrameworkQueryableExtensions.ToListAsync[TSource](IQueryable`1 source, CancellationToken cancellationToken)
         at Program.<>c.<<<Main>$>b__0_12>d.MoveNext() in /home/vinicius/git/pi2-univesp-imoveis/backend/src/AppImoveis.Api/Program.cs:line 460
      --- End of stack trace from previous location ---
         at Microsoft.AspNetCore.Http.RequestDelegateFactory.ExecuteTaskResult[T](Task`1 task, HttpContext httpContext)
         at Microsoft.AspNetCore.Routing.EndpointMiddleware.<Invoke>g__AwaitRequestTask|7_0(Endpoint endpoint, Task requestTask, ILogger logger)
         at Microsoft.AspNetCore.Server.Kestrel.Core.Internal.Http.HttpProtocol.ProcessRequests[TContext](IHttpApplication`1 application)
        Exception data:
          Severity: ERROR
          SqlState: 42703
          MessageText: column b.populacao_estimada does not exist
          Position: 447
          File: parse_relation.c
          Line: 3854
          Routine: errorMissingColumn
info: Microsoft.AspNetCore.Hosting.Diagnostics[2]
      Request finished HTTP/1.1 GET http://localhost:5209/api/imoveis?page=1&pageSize=200 - 500 0 - 304.3595ms
fail: Microsoft.EntityFrameworkCore.Database.Command[20102]
      Failed executing DbCommand (137ms) [Parameters=[], CommandType='Text', CommandTimeout='30']
      SELECT b.id, b.cidade, b.estado, b.nome, b.populacao_estimada
      FROM bairros AS b
      ORDER BY b.nome
fail: Microsoft.EntityFrameworkCore.Query[10100]
      An exception occurred while iterating over the results of a query for context type 'AppImoveis.Infrastructure.Persistence.AppDbContext'.
      Npgsql.PostgresException (0x80004005): 42703: column b.populacao_estimada does not exist
      
      POSITION: 42
         at Npgsql.Internal.NpgsqlConnector.ReadMessageLong(Boolean async, DataRowLoadingMode dataRowLoadingMode, Boolean readingNotifications, Boolean isReadingPrependedMessage)
         at System.Runtime.CompilerServices.PoolingAsyncValueTaskMethodBuilder`1.StateMachineBox`1.System.Threading.Tasks.Sources.IValueTaskSource<TResult>.GetResult(Int16 token)
         at Npgsql.NpgsqlDataReader.NextResult(Boolean async, Boolean isConsuming, CancellationToken cancellationToken)
         at Npgsql.NpgsqlDataReader.NextResult(Boolean async, Boolean isConsuming, CancellationToken cancellationToken)
         at Npgsql.NpgsqlCommand.ExecuteReader(Boolean async, CommandBehavior behavior, CancellationToken cancellationToken)
         at Npgsql.NpgsqlCommand.ExecuteReader(Boolean async, CommandBehavior behavior, CancellationToken cancellationToken)
         at Npgsql.NpgsqlCommand.ExecuteDbDataReaderAsync(CommandBehavior behavior, CancellationToken cancellationToken)
         at Microsoft.EntityFrameworkCore.Storage.RelationalCommand.ExecuteReaderAsync(RelationalCommandParameterObject parameterObject, CancellationToken cancellationToken)
         at Microsoft.EntityFrameworkCore.Storage.RelationalCommand.ExecuteReaderAsync(RelationalCommandParameterObject parameterObject, CancellationToken cancellationToken)
         at Microsoft.EntityFrameworkCore.Query.Internal.SingleQueryingEnumerable`1.AsyncEnumerator.InitializeReaderAsync(AsyncEnumerator enumerator, CancellationToken cancellationToken)
         at Npgsql.EntityFrameworkCore.PostgreSQL.Storage.Internal.NpgsqlExecutionStrategy.ExecuteAsync[TState,TResult](TState state, Func`4 operation, Func`4 verifySucceeded, CancellationToken cancellationToken)
         at Microsoft.EntityFrameworkCore.Query.Internal.SingleQueryingEnumerable`1.AsyncEnumerator.MoveNextAsync()
        Exception data:
          Severity: ERROR
          SqlState: 42703
          MessageText: column b.populacao_estimada does not exist
          Position: 42
          File: parse_relation.c
          Line: 3854
          Routine: errorMissingColumn
      Npgsql.PostgresException (0x80004005): 42703: column b.populacao_estimada does not exist
      
      POSITION: 42
         at Npgsql.Internal.NpgsqlConnector.ReadMessageLong(Boolean async, DataRowLoadingMode dataRowLoadingMode, Boolean readingNotifications, Boolean isReadingPrependedMessage)
         at System.Runtime.CompilerServices.PoolingAsyncValueTaskMethodBuilder`1.StateMachineBox`1.System.Threading.Tasks.Sources.IValueTaskSource<TResult>.GetResult(Int16 token)
         at Npgsql.NpgsqlDataReader.NextResult(Boolean async, Boolean isConsuming, CancellationToken cancellationToken)
         at Npgsql.NpgsqlDataReader.NextResult(Boolean async, Boolean isConsuming, CancellationToken cancellationToken)
         at Npgsql.NpgsqlCommand.ExecuteReader(Boolean async, CommandBehavior behavior, CancellationToken cancellationToken)
         at Npgsql.NpgsqlCommand.ExecuteReader(Boolean async, CommandBehavior behavior, CancellationToken cancellationToken)
         at Npgsql.NpgsqlCommand.ExecuteDbDataReaderAsync(CommandBehavior behavior, CancellationToken cancellationToken)
         at Microsoft.EntityFrameworkCore.Storage.RelationalCommand.ExecuteReaderAsync(RelationalCommandParameterObject parameterObject, CancellationToken cancellationToken)
         at Microsoft.EntityFrameworkCore.Storage.RelationalCommand.ExecuteReaderAsync(RelationalCommandParameterObject parameterObject, CancellationToken cancellationToken)
         at Microsoft.EntityFrameworkCore.Query.Internal.SingleQueryingEnumerable`1.AsyncEnumerator.InitializeReaderAsync(AsyncEnumerator enumerator, CancellationToken cancellationToken)
         at Npgsql.EntityFrameworkCore.PostgreSQL.Storage.Internal.NpgsqlExecutionStrategy.ExecuteAsync[TState,TResult](TState state, Func`4 operation, Func`4 verifySucceeded, CancellationToken cancellationToken)
         at Microsoft.EntityFrameworkCore.Query.Internal.SingleQueryingEnumerable`1.AsyncEnumerator.MoveNextAsync()
        Exception data:
          Severity: ERROR
          SqlState: 42703
          MessageText: column b.populacao_estimada does not exist
          Position: 42
          File: parse_relation.c
          Line: 3854
          Routine: errorMissingColumn
info: Microsoft.AspNetCore.Routing.EndpointMiddleware[1]
      Executed endpoint 'HTTP: GET /api/bairros'
fail: Microsoft.AspNetCore.Server.Kestrel[13]
      Connection id "0HNOGVSBB1MD6", Request id "0HNOGVSBB1MD6:00000002": An unhandled exception was thrown by the application.
      Npgsql.PostgresException (0x80004005): 42703: column b.populacao_estimada does not exist
      
      POSITION: 42
         at Npgsql.Internal.NpgsqlConnector.ReadMessageLong(Boolean async, DataRowLoadingMode dataRowLoadingMode, Boolean readingNotifications, Boolean isReadingPrependedMessage)
         at System.Runtime.CompilerServices.PoolingAsyncValueTaskMethodBuilder`1.StateMachineBox`1.System.Threading.Tasks.Sources.IValueTaskSource<TResult>.GetResult(Int16 token)
         at Npgsql.NpgsqlDataReader.NextResult(Boolean async, Boolean isConsuming, CancellationToken cancellationToken)
         at Npgsql.NpgsqlDataReader.NextResult(Boolean async, Boolean isConsuming, CancellationToken cancellationToken)
         at Npgsql.NpgsqlCommand.ExecuteReader(Boolean async, CommandBehavior behavior, CancellationToken cancellationToken)
         at Npgsql.NpgsqlCommand.ExecuteReader(Boolean async, CommandBehavior behavior, CancellationToken cancellationToken)
         at Npgsql.NpgsqlCommand.ExecuteDbDataReaderAsync(CommandBehavior behavior, CancellationToken cancellationToken)
         at Microsoft.EntityFrameworkCore.Storage.RelationalCommand.ExecuteReaderAsync(RelationalCommandParameterObject parameterObject, CancellationToken cancellationToken)
         at Microsoft.EntityFrameworkCore.Storage.RelationalCommand.ExecuteReaderAsync(RelationalCommandParameterObject parameterObject, CancellationToken cancellationToken)
         at Microsoft.EntityFrameworkCore.Query.Internal.SingleQueryingEnumerable`1.AsyncEnumerator.InitializeReaderAsync(AsyncEnumerator enumerator, CancellationToken cancellationToken)
         at Npgsql.EntityFrameworkCore.PostgreSQL.Storage.Internal.NpgsqlExecutionStrategy.ExecuteAsync[TState,TResult](TState state, Func`4 operation, Func`4 verifySucceeded, CancellationToken cancellationToken)
         at Microsoft.EntityFrameworkCore.Query.Internal.SingleQueryingEnumerable`1.AsyncEnumerator.MoveNextAsync()
         at Microsoft.EntityFrameworkCore.EntityFrameworkQueryableExtensions.ToListAsync[TSource](IQueryable`1 source, CancellationToken cancellationToken)
         at Microsoft.EntityFrameworkCore.EntityFrameworkQueryableExtensions.ToListAsync[TSource](IQueryable`1 source, CancellationToken cancellationToken)
         at Program.<>c.<<<Main>$>b__0_4>d.MoveNext() in /home/vinicius/git/pi2-univesp-imoveis/backend/src/AppImoveis.Api/Program.cs:line 107
      --- End of stack trace from previous location ---
         at Microsoft.AspNetCore.Http.RequestDelegateFactory.ExecuteTaskResult[T](Task`1 task, HttpContext httpContext)
         at Microsoft.AspNetCore.Routing.EndpointMiddleware.<Invoke>g__AwaitRequestTask|7_0(Endpoint endpoint, Task requestTask, ILogger logger)
         at Microsoft.AspNetCore.Server.Kestrel.Core.Internal.Http.HttpProtocol.ProcessRequests[TContext](IHttpApplication`1 application)
        Exception data:
          Severity: ERROR
          SqlState: 42703
          MessageText: column b.populacao_estimada does not exist
          Position: 42
          File: parse_relation.c
          Line: 3854
          Routine: errorMissingColumn
info: Microsoft.AspNetCore.Hosting.Diagnostics[2]
      Request finished HTTP/1.1 GET http://localhost:5209/api/bairros - 500 0 - 140.9160ms
info: Microsoft.AspNetCore.Hosting.Diagnostics[1]
      Request starting HTTP/1.1 GET http://localhost:5209/api/bairros - - -
info: Microsoft.AspNetCore.Cors.Infrastructure.CorsService[4]
      CORS policy execution successful.
info: Microsoft.AspNetCore.Routing.EndpointMiddleware[0]
      Executing endpoint 'HTTP: GET /api/bairros'
fail: Microsoft.EntityFrameworkCore.Database.Command[20102]
      Failed executing DbCommand (153ms) [Parameters=[], CommandType='Text', CommandTimeout='30']
      SELECT b.id, b.cidade, b.estado, b.nome, b.populacao_estimada
      FROM bairros AS b
      ORDER BY b.nome
fail: Microsoft.EntityFrameworkCore.Query[10100]
      An exception occurred while iterating over the results of a query for context type 'AppImoveis.Infrastructure.Persistence.AppDbContext'.
      Npgsql.PostgresException (0x80004005): 42703: column b.populacao_estimada does not exist
      
      POSITION: 42
         at Npgsql.Internal.NpgsqlConnector.ReadMessageLong(Boolean async, DataRowLoadingMode dataRowLoadingMode, Boolean readingNotifications, Boolean isReadingPrependedMessage)
         at System.Runtime.CompilerServices.PoolingAsyncValueTaskMethodBuilder`1.StateMachineBox`1.System.Threading.Tasks.Sources.IValueTaskSource<TResult>.GetResult(Int16 token)
         at Npgsql.NpgsqlDataReader.NextResult(Boolean async, Boolean isConsuming, CancellationToken cancellationToken)
         at Npgsql.NpgsqlDataReader.NextResult(Boolean async, Boolean isConsuming, CancellationToken cancellationToken)
         at Npgsql.NpgsqlCommand.ExecuteReader(Boolean async, CommandBehavior behavior, CancellationToken cancellationToken)
         at Npgsql.NpgsqlCommand.ExecuteReader(Boolean async, CommandBehavior behavior, CancellationToken cancellationToken)
         at Npgsql.NpgsqlCommand.ExecuteDbDataReaderAsync(CommandBehavior behavior, CancellationToken cancellationToken)
         at Microsoft.EntityFrameworkCore.Storage.RelationalCommand.ExecuteReaderAsync(RelationalCommandParameterObject parameterObject, CancellationToken cancellationToken)
         at Microsoft.EntityFrameworkCore.Storage.RelationalCommand.ExecuteReaderAsync(RelationalCommandParameterObject parameterObject, CancellationToken cancellationToken)
         at Microsoft.EntityFrameworkCore.Query.Internal.SingleQueryingEnumerable`1.AsyncEnumerator.InitializeReaderAsync(AsyncEnumerator enumerator, CancellationToken cancellationToken)
         at Npgsql.EntityFrameworkCore.PostgreSQL.Storage.Internal.NpgsqlExecutionStrategy.ExecuteAsync[TState,TResult](TState state, Func`4 operation, Func`4 verifySucceeded, CancellationToken cancellationToken)
         at Microsoft.EntityFrameworkCore.Query.Internal.SingleQueryingEnumerable`1.AsyncEnumerator.MoveNextAsync()
        Exception data:
          Severity: ERROR
          SqlState: 42703
          MessageText: column b.populacao_estimada does not exist
          Position: 42
          File: parse_relation.c
          Line: 3854
          Routine: errorMissingColumn
      Npgsql.PostgresException (0x80004005): 42703: column b.populacao_estimada does not exist
      
      POSITION: 42
         at Npgsql.Internal.NpgsqlConnector.ReadMessageLong(Boolean async, DataRowLoadingMode dataRowLoadingMode, Boolean readingNotifications, Boolean isReadingPrependedMessage)
         at System.Runtime.CompilerServices.PoolingAsyncValueTaskMethodBuilder`1.StateMachineBox`1.System.Threading.Tasks.Sources.IValueTaskSource<TResult>.GetResult(Int16 token)
         at Npgsql.NpgsqlDataReader.NextResult(Boolean async, Boolean isConsuming, CancellationToken cancellationToken)
         at Npgsql.NpgsqlDataReader.NextResult(Boolean async, Boolean isConsuming, CancellationToken cancellationToken)
         at Npgsql.NpgsqlCommand.ExecuteReader(Boolean async, CommandBehavior behavior, CancellationToken cancellationToken)
         at Npgsql.NpgsqlCommand.ExecuteReader(Boolean async, CommandBehavior behavior, CancellationToken cancellationToken)
         at Npgsql.NpgsqlCommand.ExecuteDbDataReaderAsync(CommandBehavior behavior, CancellationToken cancellationToken)
         at Microsoft.EntityFrameworkCore.Storage.RelationalCommand.ExecuteReaderAsync(RelationalCommandParameterObject parameterObject, CancellationToken cancellationToken)
         at Microsoft.EntityFrameworkCore.Storage.RelationalCommand.ExecuteReaderAsync(RelationalCommandParameterObject parameterObject, CancellationToken cancellationToken)
         at Microsoft.EntityFrameworkCore.Query.Internal.SingleQueryingEnumerable`1.AsyncEnumerator.InitializeReaderAsync(AsyncEnumerator enumerator, CancellationToken cancellationToken)
         at Npgsql.EntityFrameworkCore.PostgreSQL.Storage.Internal.NpgsqlExecutionStrategy.ExecuteAsync[TState,TResult](TState state, Func`4 operation, Func`4 verifySucceeded, CancellationToken cancellationToken)
         at Microsoft.EntityFrameworkCore.Query.Internal.SingleQueryingEnumerable`1.AsyncEnumerator.MoveNextAsync()
        Exception data:
          Severity: ERROR
          SqlState: 42703
          MessageText: column b.populacao_estimada does not exist
          Position: 42
          File: parse_relation.c
          Line: 3854
          Routine: errorMissingColumn
info: Microsoft.AspNetCore.Routing.EndpointMiddleware[1]
      Executed endpoint 'HTTP: GET /api/bairros'
fail: Microsoft.AspNetCore.Server.Kestrel[13]
      Connection id "0HNOGVSBB1MD6", Request id "0HNOGVSBB1MD6:00000003": An unhandled exception was thrown by the application.
      Npgsql.PostgresException (0x80004005): 42703: column b.populacao_estimada does not exist
      
      POSITION: 42
         at Npgsql.Internal.NpgsqlConnector.ReadMessageLong(Boolean async, DataRowLoadingMode dataRowLoadingMode, Boolean readingNotifications, Boolean isReadingPrependedMessage)
         at System.Runtime.CompilerServices.PoolingAsyncValueTaskMethodBuilder`1.StateMachineBox`1.System.Threading.Tasks.Sources.IValueTaskSource<TResult>.GetResult(Int16 token)
         at Npgsql.NpgsqlDataReader.NextResult(Boolean async, Boolean isConsuming, CancellationToken cancellationToken)
         at Npgsql.NpgsqlDataReader.NextResult(Boolean async, Boolean isConsuming, CancellationToken cancellationToken)
         at Npgsql.NpgsqlCommand.ExecuteReader(Boolean async, CommandBehavior behavior, CancellationToken cancellationToken)
         at Npgsql.NpgsqlCommand.ExecuteReader(Boolean async, CommandBehavior behavior, CancellationToken cancellationToken)
         at Npgsql.NpgsqlCommand.ExecuteDbDataReaderAsync(CommandBehavior behavior, CancellationToken cancellationToken)
         at Microsoft.EntityFrameworkCore.Storage.RelationalCommand.ExecuteReaderAsync(RelationalCommandParameterObject parameterObject, CancellationToken cancellationToken)
         at Microsoft.EntityFrameworkCore.Storage.RelationalCommand.ExecuteReaderAsync(RelationalCommandParameterObject parameterObject, CancellationToken cancellationToken)
         at Microsoft.EntityFrameworkCore.Query.Internal.SingleQueryingEnumerable`1.AsyncEnumerator.InitializeReaderAsync(AsyncEnumerator enumerator, CancellationToken cancellationToken)
         at Npgsql.EntityFrameworkCore.PostgreSQL.Storage.Internal.NpgsqlExecutionStrategy.ExecuteAsync[TState,TResult](TState state, Func`4 operation, Func`4 verifySucceeded, CancellationToken cancellationToken)
         at Microsoft.EntityFrameworkCore.Query.Internal.SingleQueryingEnumerable`1.AsyncEnumerator.MoveNextAsync()
         at Microsoft.EntityFrameworkCore.EntityFrameworkQueryableExtensions.ToListAsync[TSource](IQueryable`1 source, CancellationToken cancellationToken)
         at Microsoft.EntityFrameworkCore.EntityFrameworkQueryableExtensions.ToListAsync[TSource](IQueryable`1 source, CancellationToken cancellationToken)
         at Program.<>c.<<<Main>$>b__0_4>d.MoveNext() in /home/vinicius/git/pi2-univesp-imoveis/backend/src/AppImoveis.Api/Program.cs:line 107
      --- End of stack trace from previous location ---
         at Microsoft.AspNetCore.Http.RequestDelegateFactory.ExecuteTaskResult[T](Task`1 task, HttpContext httpContext)
         at Microsoft.AspNetCore.Routing.EndpointMiddleware.<Invoke>g__AwaitRequestTask|7_0(Endpoint endpoint, Task requestTask, ILogger logger)
         at Microsoft.AspNetCore.Server.Kestrel.Core.Internal.Http.HttpProtocol.ProcessRequests[TContext](IHttpApplication`1 application)
        Exception data:
          Severity: ERROR
          SqlState: 42703
          MessageText: column b.populacao_estimada does not exist
          Position: 42
          File: parse_relation.c
          Line: 3854
          Routine: errorMissingColumn
info: Microsoft.AspNetCore.Hosting.Diagnostics[2]
      Request finished HTTP/1.1 GET http://localhost:5209/api/bairros - 500 0 - 159.6292ms
info: Microsoft.AspNetCore.Hosting.Diagnostics[1]
      Request starting HTTP/1.1 GET http://localhost:5209/api/seguranca/distritos-proximos?ano=2026&atualizar=false - - -
info: Microsoft.AspNetCore.Cors.Infrastructure.CorsService[4]
      CORS policy execution successful.
info: Microsoft.AspNetCore.Routing.EndpointMiddleware[0]
      Executing endpoint 'HTTP: GET /api/seguranca/distritos-proximos'
info: System.Net.Http.HttpClient.SspSpCrimeService.LogicalHandler[100]
      Start processing HTTP request GET https://www.ssp.sp.gov.br/v1/Distritos/RecuperaDistritos
info: System.Net.Http.HttpClient.SspSpCrimeService.ClientHandler[100]
      Sending HTTP request GET https://www.ssp.sp.gov.br/v1/Distritos/RecuperaDistritos
info: Microsoft.AspNetCore.Hosting.Diagnostics[1]
      Request starting HTTP/1.1 GET http://localhost:5209/api/seguranca/distritos-proximos?ano=2026&atualizar=false - - -
info: Microsoft.AspNetCore.Cors.Infrastructure.CorsService[4]
      CORS policy execution successful.
info: Microsoft.AspNetCore.Routing.EndpointMiddleware[0]
      Executing endpoint 'HTTP: GET /api/seguranca/distritos-proximos'
info: Microsoft.AspNetCore.Routing.EndpointMiddleware[1]
      Executed endpoint 'HTTP: GET /api/seguranca/distritos-proximos'
info: Microsoft.AspNetCore.Hosting.Diagnostics[2]
      Request finished HTTP/1.1 GET http://localhost:5209/api/seguranca/distritos-proximos?ano=2026&atualizar=false - 499 - - 9.9198ms
info: System.Net.Http.HttpClient.SspSpCrimeService.LogicalHandler[100]
      Start processing HTTP request GET https://www.ssp.sp.gov.br/v1/Distritos/RecuperaDistritos
info: System.Net.Http.HttpClient.SspSpCrimeService.ClientHandler[100]
      Sending HTTP request GET https://www.ssp.sp.gov.br/v1/Distritos/RecuperaDistritos
info: System.Net.Http.HttpClient.SspSpCrimeService.ClientHandler[101]
      Received HTTP response headers after 63.5192ms - 200
info: System.Net.Http.HttpClient.SspSpCrimeService.LogicalHandler[101]
      End processing HTTP request after 63.577ms - 200
info: System.Net.Http.HttpClient.SspSpCrimeService.LogicalHandler[100]
      Start processing HTTP request GET https://www.ssp.sp.gov.br/v1/OcorrenciasMensais/RecuperaDadosMensaisAgrupados?*
info: System.Net.Http.HttpClient.SspSpCrimeService.ClientHandler[100]
      Sending HTTP request GET https://www.ssp.sp.gov.br/v1/OcorrenciasMensais/RecuperaDadosMensaisAgrupados?*
info: System.Net.Http.HttpClient.SspSpCrimeService.LogicalHandler[100]
      Start processing HTTP request GET https://www.ssp.sp.gov.br/v1/OcorrenciasMensais/RecuperaDadosMensaisAgrupados?*
info: System.Net.Http.HttpClient.SspSpCrimeService.ClientHandler[100]
      Sending HTTP request GET https://www.ssp.sp.gov.br/v1/OcorrenciasMensais/RecuperaDadosMensaisAgrupados?*
info: System.Net.Http.HttpClient.SspSpCrimeService.LogicalHandler[100]
      Start processing HTTP request GET https://www.ssp.sp.gov.br/v1/OcorrenciasMensais/RecuperaDadosMensaisAgrupados?*
info: System.Net.Http.HttpClient.SspSpCrimeService.ClientHandler[100]
      Sending HTTP request GET https://www.ssp.sp.gov.br/v1/OcorrenciasMensais/RecuperaDadosMensaisAgrupados?*
info: System.Net.Http.HttpClient.SspSpCrimeService.LogicalHandler[100]
      Start processing HTTP request GET https://www.ssp.sp.gov.br/v1/OcorrenciasMensais/RecuperaDadosMensaisAgrupados?*
info: System.Net.Http.HttpClient.SspSpCrimeService.ClientHandler[100]
      Sending HTTP request GET https://www.ssp.sp.gov.br/v1/OcorrenciasMensais/RecuperaDadosMensaisAgrupados?*
info: System.Net.Http.HttpClient.SspSpCrimeService.LogicalHandler[100]
      Start processing HTTP request GET https://www.ssp.sp.gov.br/v1/OcorrenciasMensais/RecuperaDadosMensaisAgrupados?*
info: System.Net.Http.HttpClient.SspSpCrimeService.ClientHandler[100]
      Sending HTTP request GET https://www.ssp.sp.gov.br/v1/OcorrenciasMensais/RecuperaDadosMensaisAgrupados?*
info: System.Net.Http.HttpClient.SspSpCrimeService.LogicalHandler[100]
      Start processing HTTP request GET https://www.ssp.sp.gov.br/v1/OcorrenciasMensais/RecuperaDadosMensaisAgrupados?*
info: System.Net.Http.HttpClient.SspSpCrimeService.ClientHandler[100]
      Sending HTTP request GET https://www.ssp.sp.gov.br/v1/OcorrenciasMensais/RecuperaDadosMensaisAgrupados?*
info: System.Net.Http.HttpClient.SspSpCrimeService.LogicalHandler[100]
      Start processing HTTP request GET https://www.ssp.sp.gov.br/v1/OcorrenciasMensais/RecuperaDadosMensaisAgrupados?*
info: System.Net.Http.HttpClient.SspSpCrimeService.ClientHandler[100]
      Sending HTTP request GET https://www.ssp.sp.gov.br/v1/OcorrenciasMensais/RecuperaDadosMensaisAgrupados?*
info: System.Net.Http.HttpClient.SspSpCrimeService.LogicalHandler[100]
      Start processing HTTP request GET https://www.ssp.sp.gov.br/v1/OcorrenciasMensais/RecuperaDadosMensaisAgrupados?*
info: System.Net.Http.HttpClient.SspSpCrimeService.ClientHandler[100]
      Sending HTTP request GET https://www.ssp.sp.gov.br/v1/OcorrenciasMensais/RecuperaDadosMensaisAgrupados?*
info: System.Net.Http.HttpClient.SspSpCrimeService.LogicalHandler[100]
      Start processing HTTP request GET https://www.ssp.sp.gov.br/v1/OcorrenciasMensais/RecuperaDadosMensaisAgrupados?*
info: System.Net.Http.HttpClient.SspSpCrimeService.ClientHandler[100]
      Sending HTTP request GET https://www.ssp.sp.gov.br/v1/OcorrenciasMensais/RecuperaDadosMensaisAgrupados?*
info: System.Net.Http.HttpClient.SspSpCrimeService.LogicalHandler[100]
      Start processing HTTP request GET https://www.ssp.sp.gov.br/v1/OcorrenciasMensais/RecuperaDadosMensaisAgrupados?*
info: System.Net.Http.HttpClient.SspSpCrimeService.ClientHandler[100]
      Sending HTTP request GET https://www.ssp.sp.gov.br/v1/OcorrenciasMensais/RecuperaDadosMensaisAgrupados?*
info: System.Net.Http.HttpClient.SspSpCrimeService.LogicalHandler[100]
      Start processing HTTP request GET https://www.ssp.sp.gov.br/v1/OcorrenciasMensais/RecuperaDadosMensaisAgrupados?*
info: System.Net.Http.HttpClient.SspSpCrimeService.ClientHandler[100]
      Sending HTTP request GET https://www.ssp.sp.gov.br/v1/OcorrenciasMensais/RecuperaDadosMensaisAgrupados?*
info: System.Net.Http.HttpClient.SspSpCrimeService.LogicalHandler[100]
      Start processing HTTP request GET https://www.ssp.sp.gov.br/v1/OcorrenciasMensais/RecuperaDadosMensaisAgrupados?*
info: System.Net.Http.HttpClient.SspSpCrimeService.ClientHandler[100]
      Sending HTTP request GET https://www.ssp.sp.gov.br/v1/OcorrenciasMensais/RecuperaDadosMensaisAgrupados?*
info: System.Net.Http.HttpClient.SspSpCrimeService.LogicalHandler[100]
      Start processing HTTP request GET https://www.ssp.sp.gov.br/v1/OcorrenciasMensais/RecuperaDadosMensaisAgrupados?*
info: System.Net.Http.HttpClient.SspSpCrimeService.ClientHandler[100]
      Sending HTTP request GET https://www.ssp.sp.gov.br/v1/OcorrenciasMensais/RecuperaDadosMensaisAgrupados?*
info: System.Net.Http.HttpClient.SspSpCrimeService.LogicalHandler[100]
      Start processing HTTP request GET https://www.ssp.sp.gov.br/v1/OcorrenciasMensais/RecuperaDadosMensaisAgrupados?*
info: System.Net.Http.HttpClient.SspSpCrimeService.ClientHandler[100]
      Sending HTTP request GET https://www.ssp.sp.gov.br/v1/OcorrenciasMensais/RecuperaDadosMensaisAgrupados?*
info: System.Net.Http.HttpClient.SspSpCrimeService.LogicalHandler[100]
      Start processing HTTP request GET https://www.ssp.sp.gov.br/v1/OcorrenciasMensais/RecuperaDadosMensaisAgrupados?*
info: System.Net.Http.HttpClient.SspSpCrimeService.ClientHandler[100]
      Sending HTTP request GET https://www.ssp.sp.gov.br/v1/OcorrenciasMensais/RecuperaDadosMensaisAgrupados?*
info: System.Net.Http.HttpClient.SspSpCrimeService.LogicalHandler[100]
      Start processing HTTP request GET https://www.ssp.sp.gov.br/v1/OcorrenciasMensais/RecuperaDadosMensaisAgrupados?*
info: System.Net.Http.HttpClient.SspSpCrimeService.ClientHandler[100]
      Sending HTTP request GET https://www.ssp.sp.gov.br/v1/OcorrenciasMensais/RecuperaDadosMensaisAgrupados?*
info: System.Net.Http.HttpClient.SspSpCrimeService.LogicalHandler[100]
      Start processing HTTP request GET https://www.ssp.sp.gov.br/v1/OcorrenciasMensais/RecuperaDadosMensaisAgrupados?*
info: System.Net.Http.HttpClient.SspSpCrimeService.ClientHandler[100]
      Sending HTTP request GET https://www.ssp.sp.gov.br/v1/OcorrenciasMensais/RecuperaDadosMensaisAgrupados?*
info: System.Net.Http.HttpClient.SspSpCrimeService.LogicalHandler[100]
      Start processing HTTP request GET https://www.ssp.sp.gov.br/v1/OcorrenciasMensais/RecuperaDadosMensaisAgrupados?*
info: System.Net.Http.HttpClient.SspSpCrimeService.ClientHandler[100]
      Sending HTTP request GET https://www.ssp.sp.gov.br/v1/OcorrenciasMensais/RecuperaDadosMensaisAgrupados?*
info: System.Net.Http.HttpClient.SspSpCrimeService.LogicalHandler[100]
      Start processing HTTP request GET https://www.ssp.sp.gov.br/v1/OcorrenciasMensais/RecuperaDadosMensaisAgrupados?*
info: System.Net.Http.HttpClient.SspSpCrimeService.ClientHandler[100]
      Sending HTTP request GET https://www.ssp.sp.gov.br/v1/OcorrenciasMensais/RecuperaDadosMensaisAgrupados?*
info: System.Net.Http.HttpClient.SspSpCrimeService.LogicalHandler[100]
      Start processing HTTP request GET https://www.ssp.sp.gov.br/v1/OcorrenciasMensais/RecuperaDadosMensaisAgrupados?*
info: System.Net.Http.HttpClient.SspSpCrimeService.ClientHandler[100]
      Sending HTTP request GET https://www.ssp.sp.gov.br/v1/OcorrenciasMensais/RecuperaDadosMensaisAgrupados?*
info: System.Net.Http.HttpClient.SspSpCrimeService.LogicalHandler[100]
      Start processing HTTP request GET https://www.ssp.sp.gov.br/v1/OcorrenciasMensais/RecuperaDadosMensaisAgrupados?*
info: System.Net.Http.HttpClient.SspSpCrimeService.ClientHandler[100]
      Sending HTTP request GET https://www.ssp.sp.gov.br/v1/OcorrenciasMensais/RecuperaDadosMensaisAgrupados?*
info: System.Net.Http.HttpClient.SspSpCrimeService.LogicalHandler[100]
      Start processing HTTP request GET https://www.ssp.sp.gov.br/v1/OcorrenciasMensais/RecuperaDadosMensaisAgrupados?*
info: System.Net.Http.HttpClient.SspSpCrimeService.ClientHandler[100]
      Sending HTTP request GET https://www.ssp.sp.gov.br/v1/OcorrenciasMensais/RecuperaDadosMensaisAgrupados?*
info: System.Net.Http.HttpClient.SspSpCrimeService.LogicalHandler[100]
      Start processing HTTP request GET https://www.ssp.sp.gov.br/v1/OcorrenciasMensais/RecuperaDadosMensaisAgrupados?*
info: System.Net.Http.HttpClient.SspSpCrimeService.ClientHandler[100]
      Sending HTTP request GET https://www.ssp.sp.gov.br/v1/OcorrenciasMensais/RecuperaDadosMensaisAgrupados?*
info: System.Net.Http.HttpClient.SspSpCrimeService.LogicalHandler[100]
      Start processing HTTP request GET https://www.ssp.sp.gov.br/v1/OcorrenciasMensais/RecuperaDadosMensaisAgrupados?*
info: System.Net.Http.HttpClient.SspSpCrimeService.ClientHandler[100]
      Sending HTTP request GET https://www.ssp.sp.gov.br/v1/OcorrenciasMensais/RecuperaDadosMensaisAgrupados?*
info: System.Net.Http.HttpClient.SspSpCrimeService.LogicalHandler[100]
      Start processing HTTP request GET https://www.ssp.sp.gov.br/v1/OcorrenciasMensais/RecuperaDadosMensaisAgrupados?*
info: System.Net.Http.HttpClient.SspSpCrimeService.ClientHandler[100]
      Sending HTTP request GET https://www.ssp.sp.gov.br/v1/OcorrenciasMensais/RecuperaDadosMensaisAgrupados?*
info: System.Net.Http.HttpClient.SspSpCrimeService.LogicalHandler[100]
      Start processing HTTP request GET https://www.ssp.sp.gov.br/v1/OcorrenciasMensais/RecuperaDadosMensaisAgrupados?*
info: System.Net.Http.HttpClient.SspSpCrimeService.ClientHandler[100]
      Sending HTTP request GET https://www.ssp.sp.gov.br/v1/OcorrenciasMensais/RecuperaDadosMensaisAgrupados?*
info: System.Net.Http.HttpClient.SspSpCrimeService.LogicalHandler[100]
      Start processing HTTP request GET https://www.ssp.sp.gov.br/v1/OcorrenciasMensais/RecuperaDadosMensaisAgrupados?*
info: System.Net.Http.HttpClient.SspSpCrimeService.ClientHandler[100]
      Sending HTTP request GET https://www.ssp.sp.gov.br/v1/OcorrenciasMensais/RecuperaDadosMensaisAgrupados?*
info: System.Net.Http.HttpClient.SspSpCrimeService.LogicalHandler[100]
      Start processing HTTP request GET https://www.ssp.sp.gov.br/v1/OcorrenciasMensais/RecuperaDadosMensaisAgrupados?*
info: System.Net.Http.HttpClient.SspSpCrimeService.ClientHandler[100]
      Sending HTTP request GET https://www.ssp.sp.gov.br/v1/OcorrenciasMensais/RecuperaDadosMensaisAgrupados?*
info: System.Net.Http.HttpClient.SspSpCrimeService.LogicalHandler[100]
      Start processing HTTP request GET https://www.ssp.sp.gov.br/v1/OcorrenciasMensais/RecuperaDadosMensaisAgrupados?*
info: System.Net.Http.HttpClient.SspSpCrimeService.ClientHandler[100]
      Sending HTTP request GET https://www.ssp.sp.gov.br/v1/OcorrenciasMensais/RecuperaDadosMensaisAgrupados?*
info: System.Net.Http.HttpClient.SspSpCrimeService.LogicalHandler[100]
      Start processing HTTP request GET https://www.ssp.sp.gov.br/v1/OcorrenciasMensais/RecuperaDadosMensaisAgrupados?*
info: System.Net.Http.HttpClient.SspSpCrimeService.ClientHandler[100]
      Sending HTTP request GET https://www.ssp.sp.gov.br/v1/OcorrenciasMensais/RecuperaDadosMensaisAgrupados?*
info: System.Net.Http.HttpClient.SspSpCrimeService.LogicalHandler[100]
      Start processing HTTP request GET https://www.ssp.sp.gov.br/v1/OcorrenciasMensais/RecuperaDadosMensaisAgrupados?*
info: System.Net.Http.HttpClient.SspSpCrimeService.ClientHandler[100]
      Sending HTTP request GET https://www.ssp.sp.gov.br/v1/OcorrenciasMensais/RecuperaDadosMensaisAgrupados?*
info: System.Net.Http.HttpClient.SspSpCrimeService.LogicalHandler[100]
      Start processing HTTP request GET https://www.ssp.sp.gov.br/v1/OcorrenciasMensais/RecuperaDadosMensaisAgrupados?*
info: System.Net.Http.HttpClient.SspSpCrimeService.ClientHandler[100]
      Sending HTTP request GET https://www.ssp.sp.gov.br/v1/OcorrenciasMensais/RecuperaDadosMensaisAgrupados?*
info: System.Net.Http.HttpClient.SspSpCrimeService.ClientHandler[101]
      Received HTTP response headers after 1015.2975ms - 200
info: System.Net.Http.HttpClient.SspSpCrimeService.LogicalHandler[101]
      End processing HTTP request after 1015.3535ms - 200
info: System.Net.Http.HttpClient.SspSpCrimeService.ClientHandler[101]
      Received HTTP response headers after 1032.3044ms - 200
info: System.Net.Http.HttpClient.SspSpCrimeService.LogicalHandler[101]
      End processing HTTP request after 1032.3318ms - 200
info: System.Net.Http.HttpClient.SspSpCrimeService.ClientHandler[101]
      Received HTTP response headers after 1036.1352ms - 200
info: System.Net.Http.HttpClient.SspSpCrimeService.LogicalHandler[101]
      End processing HTTP request after 1036.1656ms - 200
info: System.Net.Http.HttpClient.SspSpCrimeService.ClientHandler[101]
      Received HTTP response headers after 1052.5425ms - 200
info: System.Net.Http.HttpClient.SspSpCrimeService.LogicalHandler[101]
      End processing HTTP request after 1052.6023ms - 200
info: System.Net.Http.HttpClient.SspSpCrimeService.ClientHandler[101]
      Received HTTP response headers after 1054.5882ms - 200
info: System.Net.Http.HttpClient.SspSpCrimeService.LogicalHandler[101]
      End processing HTTP request after 1054.6333ms - 200
info: System.Net.Http.HttpClient.SspSpCrimeService.ClientHandler[101]
      Received HTTP response headers after 1072.3489ms - 200
info: System.Net.Http.HttpClient.SspSpCrimeService.LogicalHandler[101]
      End processing HTTP request after 1072.3775ms - 200
info: System.Net.Http.HttpClient.SspSpCrimeService.ClientHandler[101]
      Received HTTP response headers after 1089.0496ms - 200
info: System.Net.Http.HttpClient.SspSpCrimeService.LogicalHandler[101]
      End processing HTTP request after 1089.0788ms - 200
info: System.Net.Http.HttpClient.SspSpCrimeService.ClientHandler[101]
      Received HTTP response headers after 1181.9042ms - 200
info: System.Net.Http.HttpClient.SspSpCrimeService.LogicalHandler[101]
      End processing HTTP request after 1181.9604ms - 200
info: System.Net.Http.HttpClient.SspSpCrimeService.ClientHandler[101]
      Received HTTP response headers after 1187.8007ms - 200
info: System.Net.Http.HttpClient.SspSpCrimeService.LogicalHandler[101]
      End processing HTTP request after 1187.8264ms - 200
info: System.Net.Http.HttpClient.SspSpCrimeService.ClientHandler[101]
      Received HTTP response headers after 1225.2481ms - 200
info: System.Net.Http.HttpClient.SspSpCrimeService.LogicalHandler[101]
      End processing HTTP request after 1225.2794ms - 200
info: System.Net.Http.HttpClient.SspSpCrimeService.ClientHandler[101]
      Received HTTP response headers after 1236.8633ms - 200
info: System.Net.Http.HttpClient.SspSpCrimeService.LogicalHandler[101]
      End processing HTTP request after 1236.8899ms - 200
info: System.Net.Http.HttpClient.SspSpCrimeService.ClientHandler[101]
      Received HTTP response headers after 1248.4909ms - 200
info: System.Net.Http.HttpClient.SspSpCrimeService.LogicalHandler[101]
      End processing HTTP request after 1248.5468ms - 200
info: System.Net.Http.HttpClient.SspSpCrimeService.ClientHandler[101]
      Received HTTP response headers after 1251.2534ms - 200
info: System.Net.Http.HttpClient.SspSpCrimeService.LogicalHandler[101]
      End processing HTTP request after 1251.3062ms - 200
info: System.Net.Http.HttpClient.SspSpCrimeService.ClientHandler[101]
      Received HTTP response headers after 1251.7312ms - 200
info: System.Net.Http.HttpClient.SspSpCrimeService.LogicalHandler[101]
      End processing HTTP request after 1251.7566ms - 200
info: System.Net.Http.HttpClient.SspSpCrimeService.ClientHandler[101]
      Received HTTP response headers after 1253.6663ms - 200
info: System.Net.Http.HttpClient.SspSpCrimeService.LogicalHandler[101]
      End processing HTTP request after 1253.6917ms - 200
info: System.Net.Http.HttpClient.SspSpCrimeService.ClientHandler[101]
      Received HTTP response headers after 1254.0002ms - 200
info: System.Net.Http.HttpClient.SspSpCrimeService.LogicalHandler[101]
      End processing HTTP request after 1254.033ms - 200
info: System.Net.Http.HttpClient.SspSpCrimeService.ClientHandler[101]
      Received HTTP response headers after 1258.7329ms - 200
info: System.Net.Http.HttpClient.SspSpCrimeService.LogicalHandler[101]
      End processing HTTP request after 1258.7525ms - 200
info: System.Net.Http.HttpClient.SspSpCrimeService.ClientHandler[101]
      Received HTTP response headers after 1264.1741ms - 200
info: System.Net.Http.HttpClient.SspSpCrimeService.LogicalHandler[101]
      End processing HTTP request after 1264.2196ms - 200
info: System.Net.Http.HttpClient.SspSpCrimeService.ClientHandler[101]
      Received HTTP response headers after 1266.4147ms - 200
info: System.Net.Http.HttpClient.SspSpCrimeService.LogicalHandler[101]
      End processing HTTP request after 1266.4295ms - 200
info: System.Net.Http.HttpClient.SspSpCrimeService.ClientHandler[101]
      Received HTTP response headers after 1283.12ms - 200
info: System.Net.Http.HttpClient.SspSpCrimeService.LogicalHandler[101]
      End processing HTTP request after 1283.1536ms - 200
info: System.Net.Http.HttpClient.SspSpCrimeService.ClientHandler[101]
      Received HTTP response headers after 1298.3544ms - 200
info: System.Net.Http.HttpClient.SspSpCrimeService.LogicalHandler[101]
      End processing HTTP request after 1298.4281ms - 200
info: System.Net.Http.HttpClient.SspSpCrimeService.ClientHandler[101]
      Received HTTP response headers after 1298.3644ms - 200
info: System.Net.Http.HttpClient.SspSpCrimeService.LogicalHandler[101]
      End processing HTTP request after 1298.3961ms - 200
info: System.Net.Http.HttpClient.SspSpCrimeService.ClientHandler[101]
      Received HTTP response headers after 1299.3502ms - 200
info: System.Net.Http.HttpClient.SspSpCrimeService.LogicalHandler[101]
      End processing HTTP request after 1299.3903ms - 200
info: System.Net.Http.HttpClient.SspSpCrimeService.ClientHandler[101]
      Received HTTP response headers after 1387.1859ms - 200
info: System.Net.Http.HttpClient.SspSpCrimeService.LogicalHandler[101]
      End processing HTTP request after 1387.2749ms - 200
info: System.Net.Http.HttpClient.SspSpCrimeService.ClientHandler[101]
      Received HTTP response headers after 1400.3854ms - 200
info: System.Net.Http.HttpClient.SspSpCrimeService.LogicalHandler[101]
      End processing HTTP request after 1400.4672ms - 200
info: System.Net.Http.HttpClient.SspSpCrimeService.ClientHandler[101]
      Received HTTP response headers after 1403.2029ms - 200
info: System.Net.Http.HttpClient.SspSpCrimeService.LogicalHandler[101]
      End processing HTTP request after 1403.225ms - 200
info: System.Net.Http.HttpClient.SspSpCrimeService.ClientHandler[101]
      Received HTTP response headers after 1405.2902ms - 200
info: System.Net.Http.HttpClient.SspSpCrimeService.LogicalHandler[101]
      End processing HTTP request after 1405.3182ms - 200
info: System.Net.Http.HttpClient.SspSpCrimeService.ClientHandler[101]
      Received HTTP response headers after 1410.0447ms - 200
info: System.Net.Http.HttpClient.SspSpCrimeService.LogicalHandler[101]
      End processing HTTP request after 1410.0745ms - 200
info: System.Net.Http.HttpClient.SspSpCrimeService.ClientHandler[101]
      Received HTTP response headers after 1430.6674ms - 200
info: System.Net.Http.HttpClient.SspSpCrimeService.LogicalHandler[101]
      End processing HTTP request after 1430.6975ms - 200
info: System.Net.Http.HttpClient.SspSpCrimeService.ClientHandler[101]
      Received HTTP response headers after 1431.6517ms - 200
info: System.Net.Http.HttpClient.SspSpCrimeService.LogicalHandler[101]
      End processing HTTP request after 1431.6893ms - 200
info: System.Net.Http.HttpClient.SspSpCrimeService.ClientHandler[101]
      Received HTTP response headers after 1434.9087ms - 200
info: System.Net.Http.HttpClient.SspSpCrimeService.LogicalHandler[101]
      End processing HTTP request after 1434.9358ms - 200
info: System.Net.Http.HttpClient.SspSpCrimeService.ClientHandler[101]
      Received HTTP response headers after 1435.8285ms - 200
info: System.Net.Http.HttpClient.SspSpCrimeService.LogicalHandler[101]
      End processing HTTP request after 1435.8686ms - 200
info: Microsoft.AspNetCore.Http.Result.OkObjectResult[1]
      Setting HTTP status code 200.
info: Microsoft.AspNetCore.Http.Result.OkObjectResult[3]
      Writing value of type '<>f__AnonymousType17`5' as Json.
info: Microsoft.AspNetCore.Routing.EndpointMiddleware[1]
      Executed endpoint 'HTTP: GET /api/seguranca/distritos-proximos'
info: Microsoft.AspNetCore.Hosting.Diagnostics[2]
      Request finished HTTP/1.1 GET http://localhost:5209/api/seguranca/distritos-proximos?ano=2026&atualizar=false - 200 - application/json;+charset=utf-8 1538.7889ms
info: Microsoft.AspNetCore.Hosting.Diagnostics[1]
      Request starting HTTP/1.1 GET http://localhost:5209/api/bairros - - -
info: Microsoft.AspNetCore.Hosting.Diagnostics[1]
      Request starting HTTP/1.1 GET http://localhost:5209/api/imoveis?page=1&pageSize=200 - - -
info: Microsoft.AspNetCore.Cors.Infrastructure.CorsService[4]
      CORS policy execution successful.
info: Microsoft.AspNetCore.Routing.EndpointMiddleware[0]
      Executing endpoint 'HTTP: GET /api/imoveis'
info: Microsoft.AspNetCore.Cors.Infrastructure.CorsService[4]
      CORS policy execution successful.
info: Microsoft.AspNetCore.Routing.EndpointMiddleware[0]
      Executing endpoint 'HTTP: GET /api/bairros'
fail: Microsoft.EntityFrameworkCore.Database.Command[20102]
      Failed executing DbCommand (142ms) [Parameters=[], CommandType='Text', CommandTimeout='30']
      SELECT b.id, b.cidade, b.estado, b.nome, b.populacao_estimada
      FROM bairros AS b
      ORDER BY b.nome
fail: Microsoft.EntityFrameworkCore.Query[10100]
      An exception occurred while iterating over the results of a query for context type 'AppImoveis.Infrastructure.Persistence.AppDbContext'.
      Npgsql.PostgresException (0x80004005): 42703: column b.populacao_estimada does not exist
      
      POSITION: 42
         at Npgsql.Internal.NpgsqlConnector.ReadMessageLong(Boolean async, DataRowLoadingMode dataRowLoadingMode, Boolean readingNotifications, Boolean isReadingPrependedMessage)
         at System.Runtime.CompilerServices.PoolingAsyncValueTaskMethodBuilder`1.StateMachineBox`1.System.Threading.Tasks.Sources.IValueTaskSource<TResult>.GetResult(Int16 token)
         at Npgsql.NpgsqlDataReader.NextResult(Boolean async, Boolean isConsuming, CancellationToken cancellationToken)
         at Npgsql.NpgsqlDataReader.NextResult(Boolean async, Boolean isConsuming, CancellationToken cancellationToken)
         at Npgsql.NpgsqlCommand.ExecuteReader(Boolean async, CommandBehavior behavior, CancellationToken cancellationToken)
         at Npgsql.NpgsqlCommand.ExecuteReader(Boolean async, CommandBehavior behavior, CancellationToken cancellationToken)
         at Npgsql.NpgsqlCommand.ExecuteDbDataReaderAsync(CommandBehavior behavior, CancellationToken cancellationToken)
         at Microsoft.EntityFrameworkCore.Storage.RelationalCommand.ExecuteReaderAsync(RelationalCommandParameterObject parameterObject, CancellationToken cancellationToken)
         at Microsoft.EntityFrameworkCore.Storage.RelationalCommand.ExecuteReaderAsync(RelationalCommandParameterObject parameterObject, CancellationToken cancellationToken)
         at Microsoft.EntityFrameworkCore.Query.Internal.SingleQueryingEnumerable`1.AsyncEnumerator.InitializeReaderAsync(AsyncEnumerator enumerator, CancellationToken cancellationToken)
         at Npgsql.EntityFrameworkCore.PostgreSQL.Storage.Internal.NpgsqlExecutionStrategy.ExecuteAsync[TState,TResult](TState state, Func`4 operation, Func`4 verifySucceeded, CancellationToken cancellationToken)
         at Microsoft.EntityFrameworkCore.Query.Internal.SingleQueryingEnumerable`1.AsyncEnumerator.MoveNextAsync()
        Exception data:
          Severity: ERROR
          SqlState: 42703
          MessageText: column b.populacao_estimada does not exist
          Position: 42
          File: parse_relation.c
          Line: 3854
          Routine: errorMissingColumn
      Npgsql.PostgresException (0x80004005): 42703: column b.populacao_estimada does not exist
      
      POSITION: 42
         at Npgsql.Internal.NpgsqlConnector.ReadMessageLong(Boolean async, DataRowLoadingMode dataRowLoadingMode, Boolean readingNotifications, Boolean isReadingPrependedMessage)
         at System.Runtime.CompilerServices.PoolingAsyncValueTaskMethodBuilder`1.StateMachineBox`1.System.Threading.Tasks.Sources.IValueTaskSource<TResult>.GetResult(Int16 token)
         at Npgsql.NpgsqlDataReader.NextResult(Boolean async, Boolean isConsuming, CancellationToken cancellationToken)
         at Npgsql.NpgsqlDataReader.NextResult(Boolean async, Boolean isConsuming, CancellationToken cancellationToken)
         at Npgsql.NpgsqlCommand.ExecuteReader(Boolean async, CommandBehavior behavior, CancellationToken cancellationToken)
         at Npgsql.NpgsqlCommand.ExecuteReader(Boolean async, CommandBehavior behavior, CancellationToken cancellationToken)
         at Npgsql.NpgsqlCommand.ExecuteDbDataReaderAsync(CommandBehavior behavior, CancellationToken cancellationToken)
         at Microsoft.EntityFrameworkCore.Storage.RelationalCommand.ExecuteReaderAsync(RelationalCommandParameterObject parameterObject, CancellationToken cancellationToken)
         at Microsoft.EntityFrameworkCore.Storage.RelationalCommand.ExecuteReaderAsync(RelationalCommandParameterObject parameterObject, CancellationToken cancellationToken)
         at Microsoft.EntityFrameworkCore.Query.Internal.SingleQueryingEnumerable`1.AsyncEnumerator.InitializeReaderAsync(AsyncEnumerator enumerator, CancellationToken cancellationToken)
         at Npgsql.EntityFrameworkCore.PostgreSQL.Storage.Internal.NpgsqlExecutionStrategy.ExecuteAsync[TState,TResult](TState state, Func`4 operation, Func`4 verifySucceeded, CancellationToken cancellationToken)
         at Microsoft.EntityFrameworkCore.Query.Internal.SingleQueryingEnumerable`1.AsyncEnumerator.MoveNextAsync()
        Exception data:
          Severity: ERROR
          SqlState: 42703
          MessageText: column b.populacao_estimada does not exist
          Position: 42
          File: parse_relation.c
          Line: 3854
          Routine: errorMissingColumn
info: Microsoft.AspNetCore.Routing.EndpointMiddleware[1]
      Executed endpoint 'HTTP: GET /api/bairros'
fail: Microsoft.AspNetCore.Server.Kestrel[13]
      Connection id "0HNOGVSBB1MD3", Request id "0HNOGVSBB1MD3:00000003": An unhandled exception was thrown by the application.
      Npgsql.PostgresException (0x80004005): 42703: column b.populacao_estimada does not exist
      
      POSITION: 42
         at Npgsql.Internal.NpgsqlConnector.ReadMessageLong(Boolean async, DataRowLoadingMode dataRowLoadingMode, Boolean readingNotifications, Boolean isReadingPrependedMessage)
         at System.Runtime.CompilerServices.PoolingAsyncValueTaskMethodBuilder`1.StateMachineBox`1.System.Threading.Tasks.Sources.IValueTaskSource<TResult>.GetResult(Int16 token)
         at Npgsql.NpgsqlDataReader.NextResult(Boolean async, Boolean isConsuming, CancellationToken cancellationToken)
         at Npgsql.NpgsqlDataReader.NextResult(Boolean async, Boolean isConsuming, CancellationToken cancellationToken)
         at Npgsql.NpgsqlCommand.ExecuteReader(Boolean async, CommandBehavior behavior, CancellationToken cancellationToken)
         at Npgsql.NpgsqlCommand.ExecuteReader(Boolean async, CommandBehavior behavior, CancellationToken cancellationToken)
         at Npgsql.NpgsqlCommand.ExecuteDbDataReaderAsync(CommandBehavior behavior, CancellationToken cancellationToken)
         at Microsoft.EntityFrameworkCore.Storage.RelationalCommand.ExecuteReaderAsync(RelationalCommandParameterObject parameterObject, CancellationToken cancellationToken)
         at Microsoft.EntityFrameworkCore.Storage.RelationalCommand.ExecuteReaderAsync(RelationalCommandParameterObject parameterObject, CancellationToken cancellationToken)
         at Microsoft.EntityFrameworkCore.Query.Internal.SingleQueryingEnumerable`1.AsyncEnumerator.InitializeReaderAsync(AsyncEnumerator enumerator, CancellationToken cancellationToken)
         at Npgsql.EntityFrameworkCore.PostgreSQL.Storage.Internal.NpgsqlExecutionStrategy.ExecuteAsync[TState,TResult](TState state, Func`4 operation, Func`4 verifySucceeded, CancellationToken cancellationToken)
         at Microsoft.EntityFrameworkCore.Query.Internal.SingleQueryingEnumerable`1.AsyncEnumerator.MoveNextAsync()
         at Microsoft.EntityFrameworkCore.EntityFrameworkQueryableExtensions.ToListAsync[TSource](IQueryable`1 source, CancellationToken cancellationToken)
         at Microsoft.EntityFrameworkCore.EntityFrameworkQueryableExtensions.ToListAsync[TSource](IQueryable`1 source, CancellationToken cancellationToken)
         at Program.<>c.<<<Main>$>b__0_4>d.MoveNext() in /home/vinicius/git/pi2-univesp-imoveis/backend/src/AppImoveis.Api/Program.cs:line 107
      --- End of stack trace from previous location ---
         at Microsoft.AspNetCore.Http.RequestDelegateFactory.ExecuteTaskResult[T](Task`1 task, HttpContext httpContext)
         at Microsoft.AspNetCore.Routing.EndpointMiddleware.<Invoke>g__AwaitRequestTask|7_0(Endpoint endpoint, Task requestTask, ILogger logger)
         at Microsoft.AspNetCore.Server.Kestrel.Core.Internal.Http.HttpProtocol.ProcessRequests[TContext](IHttpApplication`1 application)
        Exception data:
          Severity: ERROR
          SqlState: 42703
          MessageText: column b.populacao_estimada does not exist
          Position: 42
          File: parse_relation.c
          Line: 3854
          Routine: errorMissingColumn
info: Microsoft.AspNetCore.Hosting.Diagnostics[2]
      Request finished HTTP/1.1 GET http://localhost:5209/api/bairros - 500 0 - 152.0571ms
info: Microsoft.AspNetCore.Hosting.Diagnostics[1]
      Request starting HTTP/1.1 GET http://localhost:5209/api/bairros - - -
info: Microsoft.AspNetCore.Cors.Infrastructure.CorsService[4]
      CORS policy execution successful.
info: Microsoft.AspNetCore.Routing.EndpointMiddleware[0]
      Executing endpoint 'HTTP: GET /api/bairros'
info: Microsoft.EntityFrameworkCore.Database.Command[20101]
      Executed DbCommand (157ms) [Parameters=[], CommandType='Text', CommandTimeout='30']
      SELECT count(*)::int
      FROM imoveis AS i
fail: Microsoft.EntityFrameworkCore.Database.Command[20102]
      Failed executing DbCommand (138ms) [Parameters=[], CommandType='Text', CommandTimeout='30']
      SELECT b.id, b.cidade, b.estado, b.nome, b.populacao_estimada
      FROM bairros AS b
      ORDER BY b.nome
fail: Microsoft.EntityFrameworkCore.Query[10100]
      An exception occurred while iterating over the results of a query for context type 'AppImoveis.Infrastructure.Persistence.AppDbContext'.
      Npgsql.PostgresException (0x80004005): 42703: column b.populacao_estimada does not exist
      
      POSITION: 42
         at Npgsql.Internal.NpgsqlConnector.ReadMessageLong(Boolean async, DataRowLoadingMode dataRowLoadingMode, Boolean readingNotifications, Boolean isReadingPrependedMessage)
         at System.Runtime.CompilerServices.PoolingAsyncValueTaskMethodBuilder`1.StateMachineBox`1.System.Threading.Tasks.Sources.IValueTaskSource<TResult>.GetResult(Int16 token)
         at Npgsql.NpgsqlDataReader.NextResult(Boolean async, Boolean isConsuming, CancellationToken cancellationToken)
         at Npgsql.NpgsqlDataReader.NextResult(Boolean async, Boolean isConsuming, CancellationToken cancellationToken)
         at Npgsql.NpgsqlCommand.ExecuteReader(Boolean async, CommandBehavior behavior, CancellationToken cancellationToken)
         at Npgsql.NpgsqlCommand.ExecuteReader(Boolean async, CommandBehavior behavior, CancellationToken cancellationToken)
         at Npgsql.NpgsqlCommand.ExecuteDbDataReaderAsync(CommandBehavior behavior, CancellationToken cancellationToken)
         at Microsoft.EntityFrameworkCore.Storage.RelationalCommand.ExecuteReaderAsync(RelationalCommandParameterObject parameterObject, CancellationToken cancellationToken)
         at Microsoft.EntityFrameworkCore.Storage.RelationalCommand.ExecuteReaderAsync(RelationalCommandParameterObject parameterObject, CancellationToken cancellationToken)
         at Microsoft.EntityFrameworkCore.Query.Internal.SingleQueryingEnumerable`1.AsyncEnumerator.InitializeReaderAsync(AsyncEnumerator enumerator, CancellationToken cancellationToken)
         at Npgsql.EntityFrameworkCore.PostgreSQL.Storage.Internal.NpgsqlExecutionStrategy.ExecuteAsync[TState,TResult](TState state, Func`4 operation, Func`4 verifySucceeded, CancellationToken cancellationToken)
         at Microsoft.EntityFrameworkCore.Query.Internal.SingleQueryingEnumerable`1.AsyncEnumerator.MoveNextAsync()
        Exception data:
          Severity: ERROR
          SqlState: 42703
          MessageText: column b.populacao_estimada does not exist
          Position: 42
          File: parse_relation.c
          Line: 3854
          Routine: errorMissingColumn
      Npgsql.PostgresException (0x80004005): 42703: column b.populacao_estimada does not exist
      
      POSITION: 42
         at Npgsql.Internal.NpgsqlConnector.ReadMessageLong(Boolean async, DataRowLoadingMode dataRowLoadingMode, Boolean readingNotifications, Boolean isReadingPrependedMessage)
         at System.Runtime.CompilerServices.PoolingAsyncValueTaskMethodBuilder`1.StateMachineBox`1.System.Threading.Tasks.Sources.IValueTaskSource<TResult>.GetResult(Int16 token)
         at Npgsql.NpgsqlDataReader.NextResult(Boolean async, Boolean isConsuming, CancellationToken cancellationToken)
         at Npgsql.NpgsqlDataReader.NextResult(Boolean async, Boolean isConsuming, CancellationToken cancellationToken)
         at Npgsql.NpgsqlCommand.ExecuteReader(Boolean async, CommandBehavior behavior, CancellationToken cancellationToken)
         at Npgsql.NpgsqlCommand.ExecuteReader(Boolean async, CommandBehavior behavior, CancellationToken cancellationToken)
         at Npgsql.NpgsqlCommand.ExecuteDbDataReaderAsync(CommandBehavior behavior, CancellationToken cancellationToken)
         at Microsoft.EntityFrameworkCore.Storage.RelationalCommand.ExecuteReaderAsync(RelationalCommandParameterObject parameterObject, CancellationToken cancellationToken)
         at Microsoft.EntityFrameworkCore.Storage.RelationalCommand.ExecuteReaderAsync(RelationalCommandParameterObject parameterObject, CancellationToken cancellationToken)
         at Microsoft.EntityFrameworkCore.Query.Internal.SingleQueryingEnumerable`1.AsyncEnumerator.InitializeReaderAsync(AsyncEnumerator enumerator, CancellationToken cancellationToken)
         at Npgsql.EntityFrameworkCore.PostgreSQL.Storage.Internal.NpgsqlExecutionStrategy.ExecuteAsync[TState,TResult](TState state, Func`4 operation, Func`4 verifySucceeded, CancellationToken cancellationToken)
         at Microsoft.EntityFrameworkCore.Query.Internal.SingleQueryingEnumerable`1.AsyncEnumerator.MoveNextAsync()
        Exception data:
          Severity: ERROR
          SqlState: 42703
          MessageText: column b.populacao_estimada does not exist
          Position: 42
          File: parse_relation.c
          Line: 3854
          Routine: errorMissingColumn
info: Microsoft.AspNetCore.Routing.EndpointMiddleware[1]
      Executed endpoint 'HTTP: GET /api/bairros'
fail: Microsoft.AspNetCore.Server.Kestrel[13]
      Connection id "0HNOGVSBB1MD4", Request id "0HNOGVSBB1MD4:00000004": An unhandled exception was thrown by the application.
      Npgsql.PostgresException (0x80004005): 42703: column b.populacao_estimada does not exist
      
      POSITION: 42
         at Npgsql.Internal.NpgsqlConnector.ReadMessageLong(Boolean async, DataRowLoadingMode dataRowLoadingMode, Boolean readingNotifications, Boolean isReadingPrependedMessage)
         at System.Runtime.CompilerServices.PoolingAsyncValueTaskMethodBuilder`1.StateMachineBox`1.System.Threading.Tasks.Sources.IValueTaskSource<TResult>.GetResult(Int16 token)
         at Npgsql.NpgsqlDataReader.NextResult(Boolean async, Boolean isConsuming, CancellationToken cancellationToken)
         at Npgsql.NpgsqlDataReader.NextResult(Boolean async, Boolean isConsuming, CancellationToken cancellationToken)
         at Npgsql.NpgsqlCommand.ExecuteReader(Boolean async, CommandBehavior behavior, CancellationToken cancellationToken)
         at Npgsql.NpgsqlCommand.ExecuteReader(Boolean async, CommandBehavior behavior, CancellationToken cancellationToken)
         at Npgsql.NpgsqlCommand.ExecuteDbDataReaderAsync(CommandBehavior behavior, CancellationToken cancellationToken)
         at Microsoft.EntityFrameworkCore.Storage.RelationalCommand.ExecuteReaderAsync(RelationalCommandParameterObject parameterObject, CancellationToken cancellationToken)
         at Microsoft.EntityFrameworkCore.Storage.RelationalCommand.ExecuteReaderAsync(RelationalCommandParameterObject parameterObject, CancellationToken cancellationToken)
         at Microsoft.EntityFrameworkCore.Query.Internal.SingleQueryingEnumerable`1.AsyncEnumerator.InitializeReaderAsync(AsyncEnumerator enumerator, CancellationToken cancellationToken)
         at Npgsql.EntityFrameworkCore.PostgreSQL.Storage.Internal.NpgsqlExecutionStrategy.ExecuteAsync[TState,TResult](TState state, Func`4 operation, Func`4 verifySucceeded, CancellationToken cancellationToken)
         at Microsoft.EntityFrameworkCore.Query.Internal.SingleQueryingEnumerable`1.AsyncEnumerator.MoveNextAsync()
         at Microsoft.EntityFrameworkCore.EntityFrameworkQueryableExtensions.ToListAsync[TSource](IQueryable`1 source, CancellationToken cancellationToken)
         at Microsoft.EntityFrameworkCore.EntityFrameworkQueryableExtensions.ToListAsync[TSource](IQueryable`1 source, CancellationToken cancellationToken)
         at Program.<>c.<<<Main>$>b__0_4>d.MoveNext() in /home/vinicius/git/pi2-univesp-imoveis/backend/src/AppImoveis.Api/Program.cs:line 107
      --- End of stack trace from previous location ---
         at Microsoft.AspNetCore.Http.RequestDelegateFactory.ExecuteTaskResult[T](Task`1 task, HttpContext httpContext)
         at Microsoft.AspNetCore.Routing.EndpointMiddleware.<Invoke>g__AwaitRequestTask|7_0(Endpoint endpoint, Task requestTask, ILogger logger)
         at Microsoft.AspNetCore.Server.Kestrel.Core.Internal.Http.HttpProtocol.ProcessRequests[TContext](IHttpApplication`1 application)
        Exception data:
          Severity: ERROR
          SqlState: 42703
          MessageText: column b.populacao_estimada does not exist
          Position: 42
          File: parse_relation.c
          Line: 3854
          Routine: errorMissingColumn
info: Microsoft.AspNetCore.Hosting.Diagnostics[2]
      Request finished HTTP/1.1 GET http://localhost:5209/api/bairros - 500 0 - 142.5964ms
info: Microsoft.AspNetCore.Hosting.Diagnostics[1]
      Request starting HTTP/1.1 GET http://localhost:5209/api/bairros - - -
info: Microsoft.AspNetCore.Cors.Infrastructure.CorsService[4]
      CORS policy execution successful.
info: Microsoft.AspNetCore.Routing.EndpointMiddleware[0]
      Executing endpoint 'HTTP: GET /api/bairros'
fail: Microsoft.EntityFrameworkCore.Database.Command[20102]
      Failed executing DbCommand (149ms) [Parameters=[@p0='?' (DbType = Int32), @p='?' (DbType = Int32)], CommandType='Text', CommandTimeout='30']
      SELECT i0.id, i0.amenidades, i0.area_m2, i0.bairro_id, i0.banheiros, i0.capturado_em, i0.cep, i0.cidade, i0.condominio, i0.descricao, i0.endereco_formatado, i0.estado, i0.external_id, i0.fonte, i0.imagem_principal_url, i0.imagens_urls, i0.iptu, i0.latitude, i0.longitude, i0.numero, i0.preco, i0.quartos, i0.rua, i0.suites, i0.tipo_anuncio, i0.tipo_imovel, i0.tipo_negocio, i0.titulo, i0.url_original, i0.vagas, b.id, b.cidade, b.estado, b.nome, b.populacao_estimada
      FROM (
          SELECT i.id, i.amenidades, i.area_m2, i.bairro_id, i.banheiros, i.capturado_em, i.cep, i.cidade, i.condominio, i.descricao, i.endereco_formatado, i.estado, i.external_id, i.fonte, i.imagem_principal_url, i.imagens_urls, i.iptu, i.latitude, i.longitude, i.numero, i.preco, i.quartos, i.rua, i.suites, i.tipo_anuncio, i.tipo_imovel, i.tipo_negocio, i.titulo, i.url_original, i.vagas
          FROM imoveis AS i
          ORDER BY i.capturado_em DESC
          LIMIT @p0 OFFSET @p
      ) AS i0
      INNER JOIN bairros AS b ON i0.bairro_id = b.id
      ORDER BY i0.capturado_em DESC
fail: Microsoft.EntityFrameworkCore.Query[10100]
      An exception occurred while iterating over the results of a query for context type 'AppImoveis.Infrastructure.Persistence.AppDbContext'.
      Npgsql.PostgresException (0x80004005): 42703: column b.populacao_estimada does not exist
      
      POSITION: 447
         at Npgsql.Internal.NpgsqlConnector.ReadMessageLong(Boolean async, DataRowLoadingMode dataRowLoadingMode, Boolean readingNotifications, Boolean isReadingPrependedMessage)
         at System.Runtime.CompilerServices.PoolingAsyncValueTaskMethodBuilder`1.StateMachineBox`1.System.Threading.Tasks.Sources.IValueTaskSource<TResult>.GetResult(Int16 token)
         at Npgsql.NpgsqlDataReader.NextResult(Boolean async, Boolean isConsuming, CancellationToken cancellationToken)
         at Npgsql.NpgsqlDataReader.NextResult(Boolean async, Boolean isConsuming, CancellationToken cancellationToken)
         at Npgsql.NpgsqlCommand.ExecuteReader(Boolean async, CommandBehavior behavior, CancellationToken cancellationToken)
         at Npgsql.NpgsqlCommand.ExecuteReader(Boolean async, CommandBehavior behavior, CancellationToken cancellationToken)
         at Npgsql.NpgsqlCommand.ExecuteDbDataReaderAsync(CommandBehavior behavior, CancellationToken cancellationToken)
         at Microsoft.EntityFrameworkCore.Storage.RelationalCommand.ExecuteReaderAsync(RelationalCommandParameterObject parameterObject, CancellationToken cancellationToken)
         at Microsoft.EntityFrameworkCore.Storage.RelationalCommand.ExecuteReaderAsync(RelationalCommandParameterObject parameterObject, CancellationToken cancellationToken)
         at Microsoft.EntityFrameworkCore.Query.Internal.SingleQueryingEnumerable`1.AsyncEnumerator.InitializeReaderAsync(AsyncEnumerator enumerator, CancellationToken cancellationToken)
         at Npgsql.EntityFrameworkCore.PostgreSQL.Storage.Internal.NpgsqlExecutionStrategy.ExecuteAsync[TState,TResult](TState state, Func`4 operation, Func`4 verifySucceeded, CancellationToken cancellationToken)
         at Microsoft.EntityFrameworkCore.Query.Internal.SingleQueryingEnumerable`1.AsyncEnumerator.MoveNextAsync()
        Exception data:
          Severity: ERROR
          SqlState: 42703
          MessageText: column b.populacao_estimada does not exist
          Position: 447
          File: parse_relation.c
          Line: 3854
          Routine: errorMissingColumn
      Npgsql.PostgresException (0x80004005): 42703: column b.populacao_estimada does not exist
      
      POSITION: 447
         at Npgsql.Internal.NpgsqlConnector.ReadMessageLong(Boolean async, DataRowLoadingMode dataRowLoadingMode, Boolean readingNotifications, Boolean isReadingPrependedMessage)
         at System.Runtime.CompilerServices.PoolingAsyncValueTaskMethodBuilder`1.StateMachineBox`1.System.Threading.Tasks.Sources.IValueTaskSource<TResult>.GetResult(Int16 token)
         at Npgsql.NpgsqlDataReader.NextResult(Boolean async, Boolean isConsuming, CancellationToken cancellationToken)
         at Npgsql.NpgsqlDataReader.NextResult(Boolean async, Boolean isConsuming, CancellationToken cancellationToken)
         at Npgsql.NpgsqlCommand.ExecuteReader(Boolean async, CommandBehavior behavior, CancellationToken cancellationToken)
         at Npgsql.NpgsqlCommand.ExecuteReader(Boolean async, CommandBehavior behavior, CancellationToken cancellationToken)
         at Npgsql.NpgsqlCommand.ExecuteDbDataReaderAsync(CommandBehavior behavior, CancellationToken cancellationToken)
         at Microsoft.EntityFrameworkCore.Storage.RelationalCommand.ExecuteReaderAsync(RelationalCommandParameterObject parameterObject, CancellationToken cancellationToken)
         at Microsoft.EntityFrameworkCore.Storage.RelationalCommand.ExecuteReaderAsync(RelationalCommandParameterObject parameterObject, CancellationToken cancellationToken)
         at Microsoft.EntityFrameworkCore.Query.Internal.SingleQueryingEnumerable`1.AsyncEnumerator.InitializeReaderAsync(AsyncEnumerator enumerator, CancellationToken cancellationToken)
         at Npgsql.EntityFrameworkCore.PostgreSQL.Storage.Internal.NpgsqlExecutionStrategy.ExecuteAsync[TState,TResult](TState state, Func`4 operation, Func`4 verifySucceeded, CancellationToken cancellationToken)
         at Microsoft.EntityFrameworkCore.Query.Internal.SingleQueryingEnumerable`1.AsyncEnumerator.MoveNextAsync()
        Exception data:
          Severity: ERROR
          SqlState: 42703
          MessageText: column b.populacao_estimada does not exist
          Position: 447
          File: parse_relation.c
          Line: 3854
          Routine: errorMissingColumn
info: Microsoft.AspNetCore.Routing.EndpointMiddleware[1]
      Executed endpoint 'HTTP: GET /api/imoveis'
fail: Microsoft.AspNetCore.Server.Kestrel[13]
      Connection id "0HNOGVSBB1MD5", Request id "0HNOGVSBB1MD5:00000004": An unhandled exception was thrown by the application.
      Npgsql.PostgresException (0x80004005): 42703: column b.populacao_estimada does not exist
      
      POSITION: 447
         at Npgsql.Internal.NpgsqlConnector.ReadMessageLong(Boolean async, DataRowLoadingMode dataRowLoadingMode, Boolean readingNotifications, Boolean isReadingPrependedMessage)
         at System.Runtime.CompilerServices.PoolingAsyncValueTaskMethodBuilder`1.StateMachineBox`1.System.Threading.Tasks.Sources.IValueTaskSource<TResult>.GetResult(Int16 token)
         at Npgsql.NpgsqlDataReader.NextResult(Boolean async, Boolean isConsuming, CancellationToken cancellationToken)
         at Npgsql.NpgsqlDataReader.NextResult(Boolean async, Boolean isConsuming, CancellationToken cancellationToken)
         at Npgsql.NpgsqlCommand.ExecuteReader(Boolean async, CommandBehavior behavior, CancellationToken cancellationToken)
         at Npgsql.NpgsqlCommand.ExecuteReader(Boolean async, CommandBehavior behavior, CancellationToken cancellationToken)
         at Npgsql.NpgsqlCommand.ExecuteDbDataReaderAsync(CommandBehavior behavior, CancellationToken cancellationToken)
         at Microsoft.EntityFrameworkCore.Storage.RelationalCommand.ExecuteReaderAsync(RelationalCommandParameterObject parameterObject, CancellationToken cancellationToken)
         at Microsoft.EntityFrameworkCore.Storage.RelationalCommand.ExecuteReaderAsync(RelationalCommandParameterObject parameterObject, CancellationToken cancellationToken)
         at Microsoft.EntityFrameworkCore.Query.Internal.SingleQueryingEnumerable`1.AsyncEnumerator.InitializeReaderAsync(AsyncEnumerator enumerator, CancellationToken cancellationToken)
         at Npgsql.EntityFrameworkCore.PostgreSQL.Storage.Internal.NpgsqlExecutionStrategy.ExecuteAsync[TState,TResult](TState state, Func`4 operation, Func`4 verifySucceeded, CancellationToken cancellationToken)
         at Microsoft.EntityFrameworkCore.Query.Internal.SingleQueryingEnumerable`1.AsyncEnumerator.MoveNextAsync()
         at Microsoft.EntityFrameworkCore.EntityFrameworkQueryableExtensions.ToListAsync[TSource](IQueryable`1 source, CancellationToken cancellationToken)
         at Microsoft.EntityFrameworkCore.EntityFrameworkQueryableExtensions.ToListAsync[TSource](IQueryable`1 source, CancellationToken cancellationToken)
         at Program.<>c.<<<Main>$>b__0_12>d.MoveNext() in /home/vinicius/git/pi2-univesp-imoveis/backend/src/AppImoveis.Api/Program.cs:line 460
      --- End of stack trace from previous location ---
         at Microsoft.AspNetCore.Http.RequestDelegateFactory.ExecuteTaskResult[T](Task`1 task, HttpContext httpContext)
         at Microsoft.AspNetCore.Routing.EndpointMiddleware.<Invoke>g__AwaitRequestTask|7_0(Endpoint endpoint, Task requestTask, ILogger logger)
         at Microsoft.AspNetCore.Server.Kestrel.Core.Internal.Http.HttpProtocol.ProcessRequests[TContext](IHttpApplication`1 application)
        Exception data:
          Severity: ERROR
          SqlState: 42703
          MessageText: column b.populacao_estimada does not exist
          Position: 447
          File: parse_relation.c
          Line: 3854
          Routine: errorMissingColumn
info: Microsoft.AspNetCore.Hosting.Diagnostics[2]
      Request finished HTTP/1.1 GET http://localhost:5209/api/imoveis?page=1&pageSize=200 - 500 0 - 317.5068ms
info: Microsoft.AspNetCore.Hosting.Diagnostics[1]
      Request starting HTTP/1.1 GET http://localhost:5209/api/imoveis?page=1&pageSize=200 - - -
info: Microsoft.AspNetCore.Cors.Infrastructure.CorsService[4]
      CORS policy execution successful.
info: Microsoft.AspNetCore.Routing.EndpointMiddleware[0]
      Executing endpoint 'HTTP: GET /api/imoveis'
fail: Microsoft.EntityFrameworkCore.Database.Command[20102]
      Failed executing DbCommand (140ms) [Parameters=[], CommandType='Text', CommandTimeout='30']
      SELECT b.id, b.cidade, b.estado, b.nome, b.populacao_estimada
      FROM bairros AS b
      ORDER BY b.nome
fail: Microsoft.EntityFrameworkCore.Query[10100]
      An exception occurred while iterating over the results of a query for context type 'AppImoveis.Infrastructure.Persistence.AppDbContext'.
      Npgsql.PostgresException (0x80004005): 42703: column b.populacao_estimada does not exist
      
      POSITION: 42
         at Npgsql.Internal.NpgsqlConnector.ReadMessageLong(Boolean async, DataRowLoadingMode dataRowLoadingMode, Boolean readingNotifications, Boolean isReadingPrependedMessage)
         at System.Runtime.CompilerServices.PoolingAsyncValueTaskMethodBuilder`1.StateMachineBox`1.System.Threading.Tasks.Sources.IValueTaskSource<TResult>.GetResult(Int16 token)
         at Npgsql.NpgsqlDataReader.NextResult(Boolean async, Boolean isConsuming, CancellationToken cancellationToken)
         at Npgsql.NpgsqlDataReader.NextResult(Boolean async, Boolean isConsuming, CancellationToken cancellationToken)
         at Npgsql.NpgsqlCommand.ExecuteReader(Boolean async, CommandBehavior behavior, CancellationToken cancellationToken)
         at Npgsql.NpgsqlCommand.ExecuteReader(Boolean async, CommandBehavior behavior, CancellationToken cancellationToken)
         at Npgsql.NpgsqlCommand.ExecuteDbDataReaderAsync(CommandBehavior behavior, CancellationToken cancellationToken)
         at Microsoft.EntityFrameworkCore.Storage.RelationalCommand.ExecuteReaderAsync(RelationalCommandParameterObject parameterObject, CancellationToken cancellationToken)
         at Microsoft.EntityFrameworkCore.Storage.RelationalCommand.ExecuteReaderAsync(RelationalCommandParameterObject parameterObject, CancellationToken cancellationToken)
         at Microsoft.EntityFrameworkCore.Query.Internal.SingleQueryingEnumerable`1.AsyncEnumerator.InitializeReaderAsync(AsyncEnumerator enumerator, CancellationToken cancellationToken)
         at Npgsql.EntityFrameworkCore.PostgreSQL.Storage.Internal.NpgsqlExecutionStrategy.ExecuteAsync[TState,TResult](TState state, Func`4 operation, Func`4 verifySucceeded, CancellationToken cancellationToken)
         at Microsoft.EntityFrameworkCore.Query.Internal.SingleQueryingEnumerable`1.AsyncEnumerator.MoveNextAsync()
        Exception data:
          Severity: ERROR
          SqlState: 42703
          MessageText: column b.populacao_estimada does not exist
          Position: 42
          File: parse_relation.c
          Line: 3854
          Routine: errorMissingColumn
      Npgsql.PostgresException (0x80004005): 42703: column b.populacao_estimada does not exist
      
      POSITION: 42
         at Npgsql.Internal.NpgsqlConnector.ReadMessageLong(Boolean async, DataRowLoadingMode dataRowLoadingMode, Boolean readingNotifications, Boolean isReadingPrependedMessage)
         at System.Runtime.CompilerServices.PoolingAsyncValueTaskMethodBuilder`1.StateMachineBox`1.System.Threading.Tasks.Sources.IValueTaskSource<TResult>.GetResult(Int16 token)
         at Npgsql.NpgsqlDataReader.NextResult(Boolean async, Boolean isConsuming, CancellationToken cancellationToken)
         at Npgsql.NpgsqlDataReader.NextResult(Boolean async, Boolean isConsuming, CancellationToken cancellationToken)
         at Npgsql.NpgsqlCommand.ExecuteReader(Boolean async, CommandBehavior behavior, CancellationToken cancellationToken)
         at Npgsql.NpgsqlCommand.ExecuteReader(Boolean async, CommandBehavior behavior, CancellationToken cancellationToken)
         at Npgsql.NpgsqlCommand.ExecuteDbDataReaderAsync(CommandBehavior behavior, CancellationToken cancellationToken)
         at Microsoft.EntityFrameworkCore.Storage.RelationalCommand.ExecuteReaderAsync(RelationalCommandParameterObject parameterObject, CancellationToken cancellationToken)
         at Microsoft.EntityFrameworkCore.Storage.RelationalCommand.ExecuteReaderAsync(RelationalCommandParameterObject parameterObject, CancellationToken cancellationToken)
         at Microsoft.EntityFrameworkCore.Query.Internal.SingleQueryingEnumerable`1.AsyncEnumerator.InitializeReaderAsync(AsyncEnumerator enumerator, CancellationToken cancellationToken)
         at Npgsql.EntityFrameworkCore.PostgreSQL.Storage.Internal.NpgsqlExecutionStrategy.ExecuteAsync[TState,TResult](TState state, Func`4 operation, Func`4 verifySucceeded, CancellationToken cancellationToken)
         at Microsoft.EntityFrameworkCore.Query.Internal.SingleQueryingEnumerable`1.AsyncEnumerator.MoveNextAsync()
        Exception data:
          Severity: ERROR
          SqlState: 42703
          MessageText: column b.populacao_estimada does not exist
          Position: 42
          File: parse_relation.c
          Line: 3854
          Routine: errorMissingColumn
info: Microsoft.AspNetCore.Routing.EndpointMiddleware[1]
      Executed endpoint 'HTTP: GET /api/bairros'
fail: Microsoft.AspNetCore.Server.Kestrel[13]
      Connection id "0HNOGVSBB1MD4", Request id "0HNOGVSBB1MD4:00000005": An unhandled exception was thrown by the application.
      Npgsql.PostgresException (0x80004005): 42703: column b.populacao_estimada does not exist
      
      POSITION: 42
         at Npgsql.Internal.NpgsqlConnector.ReadMessageLong(Boolean async, DataRowLoadingMode dataRowLoadingMode, Boolean readingNotifications, Boolean isReadingPrependedMessage)
         at System.Runtime.CompilerServices.PoolingAsyncValueTaskMethodBuilder`1.StateMachineBox`1.System.Threading.Tasks.Sources.IValueTaskSource<TResult>.GetResult(Int16 token)
         at Npgsql.NpgsqlDataReader.NextResult(Boolean async, Boolean isConsuming, CancellationToken cancellationToken)
         at Npgsql.NpgsqlDataReader.NextResult(Boolean async, Boolean isConsuming, CancellationToken cancellationToken)
         at Npgsql.NpgsqlCommand.ExecuteReader(Boolean async, CommandBehavior behavior, CancellationToken cancellationToken)
         at Npgsql.NpgsqlCommand.ExecuteReader(Boolean async, CommandBehavior behavior, CancellationToken cancellationToken)
         at Npgsql.NpgsqlCommand.ExecuteDbDataReaderAsync(CommandBehavior behavior, CancellationToken cancellationToken)
         at Microsoft.EntityFrameworkCore.Storage.RelationalCommand.ExecuteReaderAsync(RelationalCommandParameterObject parameterObject, CancellationToken cancellationToken)
         at Microsoft.EntityFrameworkCore.Storage.RelationalCommand.ExecuteReaderAsync(RelationalCommandParameterObject parameterObject, CancellationToken cancellationToken)
         at Microsoft.EntityFrameworkCore.Query.Internal.SingleQueryingEnumerable`1.AsyncEnumerator.InitializeReaderAsync(AsyncEnumerator enumerator, CancellationToken cancellationToken)
         at Npgsql.EntityFrameworkCore.PostgreSQL.Storage.Internal.NpgsqlExecutionStrategy.ExecuteAsync[TState,TResult](TState state, Func`4 operation, Func`4 verifySucceeded, CancellationToken cancellationToken)
         at Microsoft.EntityFrameworkCore.Query.Internal.SingleQueryingEnumerable`1.AsyncEnumerator.MoveNextAsync()
         at Microsoft.EntityFrameworkCore.EntityFrameworkQueryableExtensions.ToListAsync[TSource](IQueryable`1 source, CancellationToken cancellationToken)
         at Microsoft.EntityFrameworkCore.EntityFrameworkQueryableExtensions.ToListAsync[TSource](IQueryable`1 source, CancellationToken cancellationToken)
         at Program.<>c.<<<Main>$>b__0_4>d.MoveNext() in /home/vinicius/git/pi2-univesp-imoveis/backend/src/AppImoveis.Api/Program.cs:line 107
      --- End of stack trace from previous location ---
         at Microsoft.AspNetCore.Http.RequestDelegateFactory.ExecuteTaskResult[T](Task`1 task, HttpContext httpContext)
         at Microsoft.AspNetCore.Routing.EndpointMiddleware.<Invoke>g__AwaitRequestTask|7_0(Endpoint endpoint, Task requestTask, ILogger logger)
         at Microsoft.AspNetCore.Server.Kestrel.Core.Internal.Http.HttpProtocol.ProcessRequests[TContext](IHttpApplication`1 application)
        Exception data:
          Severity: ERROR
          SqlState: 42703
          MessageText: column b.populacao_estimada does not exist
          Position: 42
          File: parse_relation.c
          Line: 3854
          Routine: errorMissingColumn
info: Microsoft.AspNetCore.Hosting.Diagnostics[2]
      Request finished HTTP/1.1 GET http://localhost:5209/api/bairros - 500 0 - 146.2921ms
info: Microsoft.EntityFrameworkCore.Database.Command[20101]
      Executed DbCommand (159ms) [Parameters=[], CommandType='Text', CommandTimeout='30']
      SELECT count(*)::int
      FROM imoveis AS i
fail: Microsoft.EntityFrameworkCore.Database.Command[20102]
      Failed executing DbCommand (141ms) [Parameters=[@p0='?' (DbType = Int32), @p='?' (DbType = Int32)], CommandType='Text', CommandTimeout='30']
      SELECT i0.id, i0.amenidades, i0.area_m2, i0.bairro_id, i0.banheiros, i0.capturado_em, i0.cep, i0.cidade, i0.condominio, i0.descricao, i0.endereco_formatado, i0.estado, i0.external_id, i0.fonte, i0.imagem_principal_url, i0.imagens_urls, i0.iptu, i0.latitude, i0.longitude, i0.numero, i0.preco, i0.quartos, i0.rua, i0.suites, i0.tipo_anuncio, i0.tipo_imovel, i0.tipo_negocio, i0.titulo, i0.url_original, i0.vagas, b.id, b.cidade, b.estado, b.nome, b.populacao_estimada
      FROM (
          SELECT i.id, i.amenidades, i.area_m2, i.bairro_id, i.banheiros, i.capturado_em, i.cep, i.cidade, i.condominio, i.descricao, i.endereco_formatado, i.estado, i.external_id, i.fonte, i.imagem_principal_url, i.imagens_urls, i.iptu, i.latitude, i.longitude, i.numero, i.preco, i.quartos, i.rua, i.suites, i.tipo_anuncio, i.tipo_imovel, i.tipo_negocio, i.titulo, i.url_original, i.vagas
          FROM imoveis AS i
          ORDER BY i.capturado_em DESC
          LIMIT @p0 OFFSET @p
      ) AS i0
      INNER JOIN bairros AS b ON i0.bairro_id = b.id
      ORDER BY i0.capturado_em DESC
fail: Microsoft.EntityFrameworkCore.Query[10100]
      An exception occurred while iterating over the results of a query for context type 'AppImoveis.Infrastructure.Persistence.AppDbContext'.
      Npgsql.PostgresException (0x80004005): 42703: column b.populacao_estimada does not exist
      
      POSITION: 447
         at Npgsql.Internal.NpgsqlConnector.ReadMessageLong(Boolean async, DataRowLoadingMode dataRowLoadingMode, Boolean readingNotifications, Boolean isReadingPrependedMessage)
         at System.Runtime.CompilerServices.PoolingAsyncValueTaskMethodBuilder`1.StateMachineBox`1.System.Threading.Tasks.Sources.IValueTaskSource<TResult>.GetResult(Int16 token)
         at Npgsql.NpgsqlDataReader.NextResult(Boolean async, Boolean isConsuming, CancellationToken cancellationToken)
         at Npgsql.NpgsqlDataReader.NextResult(Boolean async, Boolean isConsuming, CancellationToken cancellationToken)
         at Npgsql.NpgsqlCommand.ExecuteReader(Boolean async, CommandBehavior behavior, CancellationToken cancellationToken)
         at Npgsql.NpgsqlCommand.ExecuteReader(Boolean async, CommandBehavior behavior, CancellationToken cancellationToken)
         at Npgsql.NpgsqlCommand.ExecuteDbDataReaderAsync(CommandBehavior behavior, CancellationToken cancellationToken)
         at Microsoft.EntityFrameworkCore.Storage.RelationalCommand.ExecuteReaderAsync(RelationalCommandParameterObject parameterObject, CancellationToken cancellationToken)
         at Microsoft.EntityFrameworkCore.Storage.RelationalCommand.ExecuteReaderAsync(RelationalCommandParameterObject parameterObject, CancellationToken cancellationToken)
         at Microsoft.EntityFrameworkCore.Query.Internal.SingleQueryingEnumerable`1.AsyncEnumerator.InitializeReaderAsync(AsyncEnumerator enumerator, CancellationToken cancellationToken)
         at Npgsql.EntityFrameworkCore.PostgreSQL.Storage.Internal.NpgsqlExecutionStrategy.ExecuteAsync[TState,TResult](TState state, Func`4 operation, Func`4 verifySucceeded, CancellationToken cancellationToken)
         at Microsoft.EntityFrameworkCore.Query.Internal.SingleQueryingEnumerable`1.AsyncEnumerator.MoveNextAsync()
        Exception data:
          Severity: ERROR
          SqlState: 42703
          MessageText: column b.populacao_estimada does not exist
          Position: 447
          File: parse_relation.c
          Line: 3854
          Routine: errorMissingColumn
      Npgsql.PostgresException (0x80004005): 42703: column b.populacao_estimada does not exist
      
      POSITION: 447
         at Npgsql.Internal.NpgsqlConnector.ReadMessageLong(Boolean async, DataRowLoadingMode dataRowLoadingMode, Boolean readingNotifications, Boolean isReadingPrependedMessage)
         at System.Runtime.CompilerServices.PoolingAsyncValueTaskMethodBuilder`1.StateMachineBox`1.System.Threading.Tasks.Sources.IValueTaskSource<TResult>.GetResult(Int16 token)
         at Npgsql.NpgsqlDataReader.NextResult(Boolean async, Boolean isConsuming, CancellationToken cancellationToken)
         at Npgsql.NpgsqlDataReader.NextResult(Boolean async, Boolean isConsuming, CancellationToken cancellationToken)
         at Npgsql.NpgsqlCommand.ExecuteReader(Boolean async, CommandBehavior behavior, CancellationToken cancellationToken)
         at Npgsql.NpgsqlCommand.ExecuteReader(Boolean async, CommandBehavior behavior, CancellationToken cancellationToken)
         at Npgsql.NpgsqlCommand.ExecuteDbDataReaderAsync(CommandBehavior behavior, CancellationToken cancellationToken)
         at Microsoft.EntityFrameworkCore.Storage.RelationalCommand.ExecuteReaderAsync(RelationalCommandParameterObject parameterObject, CancellationToken cancellationToken)
         at Microsoft.EntityFrameworkCore.Storage.RelationalCommand.ExecuteReaderAsync(RelationalCommandParameterObject parameterObject, CancellationToken cancellationToken)
         at Microsoft.EntityFrameworkCore.Query.Internal.SingleQueryingEnumerable`1.AsyncEnumerator.InitializeReaderAsync(AsyncEnumerator enumerator, CancellationToken cancellationToken)
         at Npgsql.EntityFrameworkCore.PostgreSQL.Storage.Internal.NpgsqlExecutionStrategy.ExecuteAsync[TState,TResult](TState state, Func`4 operation, Func`4 verifySucceeded, CancellationToken cancellationToken)
         at Microsoft.EntityFrameworkCore.Query.Internal.SingleQueryingEnumerable`1.AsyncEnumerator.MoveNextAsync()
        Exception data:
          Severity: ERROR
          SqlState: 42703
          MessageText: column b.populacao_estimada does not exist
          Position: 447
          File: parse_relation.c
          Line: 3854
          Routine: errorMissingColumn
info: Microsoft.AspNetCore.Routing.EndpointMiddleware[1]
      Executed endpoint 'HTTP: GET /api/imoveis'
fail: Microsoft.AspNetCore.Server.Kestrel[13]
      Connection id "0HNOGVSBB1MD3", Request id "0HNOGVSBB1MD3:00000004": An unhandled exception was thrown by the application.
      Npgsql.PostgresException (0x80004005): 42703: column b.populacao_estimada does not exist
      
      POSITION: 447
         at Npgsql.Internal.NpgsqlConnector.ReadMessageLong(Boolean async, DataRowLoadingMode dataRowLoadingMode, Boolean readingNotifications, Boolean isReadingPrependedMessage)
         at System.Runtime.CompilerServices.PoolingAsyncValueTaskMethodBuilder`1.StateMachineBox`1.System.Threading.Tasks.Sources.IValueTaskSource<TResult>.GetResult(Int16 token)
         at Npgsql.NpgsqlDataReader.NextResult(Boolean async, Boolean isConsuming, CancellationToken cancellationToken)
         at Npgsql.NpgsqlDataReader.NextResult(Boolean async, Boolean isConsuming, CancellationToken cancellationToken)
         at Npgsql.NpgsqlCommand.ExecuteReader(Boolean async, CommandBehavior behavior, CancellationToken cancellationToken)
         at Npgsql.NpgsqlCommand.ExecuteReader(Boolean async, CommandBehavior behavior, CancellationToken cancellationToken)
         at Npgsql.NpgsqlCommand.ExecuteDbDataReaderAsync(CommandBehavior behavior, CancellationToken cancellationToken)
         at Microsoft.EntityFrameworkCore.Storage.RelationalCommand.ExecuteReaderAsync(RelationalCommandParameterObject parameterObject, CancellationToken cancellationToken)
         at Microsoft.EntityFrameworkCore.Storage.RelationalCommand.ExecuteReaderAsync(RelationalCommandParameterObject parameterObject, CancellationToken cancellationToken)
         at Microsoft.EntityFrameworkCore.Query.Internal.SingleQueryingEnumerable`1.AsyncEnumerator.InitializeReaderAsync(AsyncEnumerator enumerator, CancellationToken cancellationToken)
         at Npgsql.EntityFrameworkCore.PostgreSQL.Storage.Internal.NpgsqlExecutionStrategy.ExecuteAsync[TState,TResult](TState state, Func`4 operation, Func`4 verifySucceeded, CancellationToken cancellationToken)
         at Microsoft.EntityFrameworkCore.Query.Internal.SingleQueryingEnumerable`1.AsyncEnumerator.MoveNextAsync()
         at Microsoft.EntityFrameworkCore.EntityFrameworkQueryableExtensions.ToListAsync[TSource](IQueryable`1 source, CancellationToken cancellationToken)
         at Microsoft.EntityFrameworkCore.EntityFrameworkQueryableExtensions.ToListAsync[TSource](IQueryable`1 source, CancellationToken cancellationToken)
         at Program.<>c.<<<Main>$>b__0_12>d.MoveNext() in /home/vinicius/git/pi2-univesp-imoveis/backend/src/AppImoveis.Api/Program.cs:line 460
      --- End of stack trace from previous location ---
         at Microsoft.AspNetCore.Http.RequestDelegateFactory.ExecuteTaskResult[T](Task`1 task, HttpContext httpContext)
         at Microsoft.AspNetCore.Routing.EndpointMiddleware.<Invoke>g__AwaitRequestTask|7_0(Endpoint endpoint, Task requestTask, ILogger logger)
         at Microsoft.AspNetCore.Server.Kestrel.Core.Internal.Http.HttpProtocol.ProcessRequests[TContext](IHttpApplication`1 application)
        Exception data:
          Severity: ERROR
          SqlState: 42703
          MessageText: column b.populacao_estimada does not exist
          Position: 447
          File: parse_relation.c
          Line: 3854
          Routine: errorMissingColumn
info: Microsoft.AspNetCore.Hosting.Diagnostics[2]
      Request finished HTTP/1.1 GET http://localhost:5209/api/imoveis?page=1&pageSize=200 - 500 0 - 307.6552ms
info: Microsoft.AspNetCore.Hosting.Diagnostics[1]
      Request starting HTTP/1.1 GET http://localhost:5209/api/imoveis?page=1&pageSize=200 - - -
info: Microsoft.AspNetCore.Cors.Infrastructure.CorsService[4]
      CORS policy execution successful.
info: Microsoft.AspNetCore.Routing.EndpointMiddleware[0]
      Executing endpoint 'HTTP: GET /api/imoveis'
info: Microsoft.EntityFrameworkCore.Database.Command[20101]
      Executed DbCommand (159ms) [Parameters=[], CommandType='Text', CommandTimeout='30']
      SELECT count(*)::int
      FROM imoveis AS i
fail: Microsoft.EntityFrameworkCore.Database.Command[20102]
      Failed executing DbCommand (143ms) [Parameters=[@p0='?' (DbType = Int32), @p='?' (DbType = Int32)], CommandType='Text', CommandTimeout='30']
      SELECT i0.id, i0.amenidades, i0.area_m2, i0.bairro_id, i0.banheiros, i0.capturado_em, i0.cep, i0.cidade, i0.condominio, i0.descricao, i0.endereco_formatado, i0.estado, i0.external_id, i0.fonte, i0.imagem_principal_url, i0.imagens_urls, i0.iptu, i0.latitude, i0.longitude, i0.numero, i0.preco, i0.quartos, i0.rua, i0.suites, i0.tipo_anuncio, i0.tipo_imovel, i0.tipo_negocio, i0.titulo, i0.url_original, i0.vagas, b.id, b.cidade, b.estado, b.nome, b.populacao_estimada
      FROM (
          SELECT i.id, i.amenidades, i.area_m2, i.bairro_id, i.banheiros, i.capturado_em, i.cep, i.cidade, i.condominio, i.descricao, i.endereco_formatado, i.estado, i.external_id, i.fonte, i.imagem_principal_url, i.imagens_urls, i.iptu, i.latitude, i.longitude, i.numero, i.preco, i.quartos, i.rua, i.suites, i.tipo_anuncio, i.tipo_imovel, i.tipo_negocio, i.titulo, i.url_original, i.vagas
          FROM imoveis AS i
          ORDER BY i.capturado_em DESC
          LIMIT @p0 OFFSET @p
      ) AS i0
      INNER JOIN bairros AS b ON i0.bairro_id = b.id
      ORDER BY i0.capturado_em DESC
fail: Microsoft.EntityFrameworkCore.Query[10100]
      An exception occurred while iterating over the results of a query for context type 'AppImoveis.Infrastructure.Persistence.AppDbContext'.
      Npgsql.PostgresException (0x80004005): 42703: column b.populacao_estimada does not exist
      
      POSITION: 447
         at Npgsql.Internal.NpgsqlConnector.ReadMessageLong(Boolean async, DataRowLoadingMode dataRowLoadingMode, Boolean readingNotifications, Boolean isReadingPrependedMessage)
         at System.Runtime.CompilerServices.PoolingAsyncValueTaskMethodBuilder`1.StateMachineBox`1.System.Threading.Tasks.Sources.IValueTaskSource<TResult>.GetResult(Int16 token)
         at Npgsql.NpgsqlDataReader.NextResult(Boolean async, Boolean isConsuming, CancellationToken cancellationToken)
         at Npgsql.NpgsqlDataReader.NextResult(Boolean async, Boolean isConsuming, CancellationToken cancellationToken)
         at Npgsql.NpgsqlCommand.ExecuteReader(Boolean async, CommandBehavior behavior, CancellationToken cancellationToken)
         at Npgsql.NpgsqlCommand.ExecuteReader(Boolean async, CommandBehavior behavior, CancellationToken cancellationToken)
         at Npgsql.NpgsqlCommand.ExecuteDbDataReaderAsync(CommandBehavior behavior, CancellationToken cancellationToken)
         at Microsoft.EntityFrameworkCore.Storage.RelationalCommand.ExecuteReaderAsync(RelationalCommandParameterObject parameterObject, CancellationToken cancellationToken)
         at Microsoft.EntityFrameworkCore.Storage.RelationalCommand.ExecuteReaderAsync(RelationalCommandParameterObject parameterObject, CancellationToken cancellationToken)
         at Microsoft.EntityFrameworkCore.Query.Internal.SingleQueryingEnumerable`1.AsyncEnumerator.InitializeReaderAsync(AsyncEnumerator enumerator, CancellationToken cancellationToken)
         at Npgsql.EntityFrameworkCore.PostgreSQL.Storage.Internal.NpgsqlExecutionStrategy.ExecuteAsync[TState,TResult](TState state, Func`4 operation, Func`4 verifySucceeded, CancellationToken cancellationToken)
         at Microsoft.EntityFrameworkCore.Query.Internal.SingleQueryingEnumerable`1.AsyncEnumerator.MoveNextAsync()
        Exception data:
          Severity: ERROR
          SqlState: 42703
          MessageText: column b.populacao_estimada does not exist
          Position: 447
          File: parse_relation.c
          Line: 3854
          Routine: errorMissingColumn
      Npgsql.PostgresException (0x80004005): 42703: column b.populacao_estimada does not exist
      
      POSITION: 447
         at Npgsql.Internal.NpgsqlConnector.ReadMessageLong(Boolean async, DataRowLoadingMode dataRowLoadingMode, Boolean readingNotifications, Boolean isReadingPrependedMessage)
         at System.Runtime.CompilerServices.PoolingAsyncValueTaskMethodBuilder`1.StateMachineBox`1.System.Threading.Tasks.Sources.IValueTaskSource<TResult>.GetResult(Int16 token)
         at Npgsql.NpgsqlDataReader.NextResult(Boolean async, Boolean isConsuming, CancellationToken cancellationToken)
         at Npgsql.NpgsqlDataReader.NextResult(Boolean async, Boolean isConsuming, CancellationToken cancellationToken)
         at Npgsql.NpgsqlCommand.ExecuteReader(Boolean async, CommandBehavior behavior, CancellationToken cancellationToken)
         at Npgsql.NpgsqlCommand.ExecuteReader(Boolean async, CommandBehavior behavior, CancellationToken cancellationToken)
         at Npgsql.NpgsqlCommand.ExecuteDbDataReaderAsync(CommandBehavior behavior, CancellationToken cancellationToken)
         at Microsoft.EntityFrameworkCore.Storage.RelationalCommand.ExecuteReaderAsync(RelationalCommandParameterObject parameterObject, CancellationToken cancellationToken)
         at Microsoft.EntityFrameworkCore.Storage.RelationalCommand.ExecuteReaderAsync(RelationalCommandParameterObject parameterObject, CancellationToken cancellationToken)
         at Microsoft.EntityFrameworkCore.Query.Internal.SingleQueryingEnumerable`1.AsyncEnumerator.InitializeReaderAsync(AsyncEnumerator enumerator, CancellationToken cancellationToken)
         at Npgsql.EntityFrameworkCore.PostgreSQL.Storage.Internal.NpgsqlExecutionStrategy.ExecuteAsync[TState,TResult](TState state, Func`4 operation, Func`4 verifySucceeded, CancellationToken cancellationToken)
         at Microsoft.EntityFrameworkCore.Query.Internal.SingleQueryingEnumerable`1.AsyncEnumerator.MoveNextAsync()
        Exception data:
          Severity: ERROR
          SqlState: 42703
          MessageText: column b.populacao_estimada does not exist
          Position: 447
          File: parse_relation.c
          Line: 3854
          Routine: errorMissingColumn
info: Microsoft.AspNetCore.Routing.EndpointMiddleware[1]
      Executed endpoint 'HTTP: GET /api/imoveis'
fail: Microsoft.AspNetCore.Server.Kestrel[13]
      Connection id "0HNOGVSBB1MD3", Request id "0HNOGVSBB1MD3:00000005": An unhandled exception was thrown by the application.
      Npgsql.PostgresException (0x80004005): 42703: column b.populacao_estimada does not exist
      
      POSITION: 447
         at Npgsql.Internal.NpgsqlConnector.ReadMessageLong(Boolean async, DataRowLoadingMode dataRowLoadingMode, Boolean readingNotifications, Boolean isReadingPrependedMessage)
         at System.Runtime.CompilerServices.PoolingAsyncValueTaskMethodBuilder`1.StateMachineBox`1.System.Threading.Tasks.Sources.IValueTaskSource<TResult>.GetResult(Int16 token)
         at Npgsql.NpgsqlDataReader.NextResult(Boolean async, Boolean isConsuming, CancellationToken cancellationToken)
         at Npgsql.NpgsqlDataReader.NextResult(Boolean async, Boolean isConsuming, CancellationToken cancellationToken)
         at Npgsql.NpgsqlCommand.ExecuteReader(Boolean async, CommandBehavior behavior, CancellationToken cancellationToken)
         at Npgsql.NpgsqlCommand.ExecuteReader(Boolean async, CommandBehavior behavior, CancellationToken cancellationToken)
         at Npgsql.NpgsqlCommand.ExecuteDbDataReaderAsync(CommandBehavior behavior, CancellationToken cancellationToken)
         at Microsoft.EntityFrameworkCore.Storage.RelationalCommand.ExecuteReaderAsync(RelationalCommandParameterObject parameterObject, CancellationToken cancellationToken)
         at Microsoft.EntityFrameworkCore.Storage.RelationalCommand.ExecuteReaderAsync(RelationalCommandParameterObject parameterObject, CancellationToken cancellationToken)
         at Microsoft.EntityFrameworkCore.Query.Internal.SingleQueryingEnumerable`1.AsyncEnumerator.InitializeReaderAsync(AsyncEnumerator enumerator, CancellationToken cancellationToken)
         at Npgsql.EntityFrameworkCore.PostgreSQL.Storage.Internal.NpgsqlExecutionStrategy.ExecuteAsync[TState,TResult](TState state, Func`4 operation, Func`4 verifySucceeded, CancellationToken cancellationToken)
         at Microsoft.EntityFrameworkCore.Query.Internal.SingleQueryingEnumerable`1.AsyncEnumerator.MoveNextAsync()
         at Microsoft.EntityFrameworkCore.EntityFrameworkQueryableExtensions.ToListAsync[TSource](IQueryable`1 source, CancellationToken cancellationToken)
         at Microsoft.EntityFrameworkCore.EntityFrameworkQueryableExtensions.ToListAsync[TSource](IQueryable`1 source, CancellationToken cancellationToken)
         at Program.<>c.<<<Main>$>b__0_12>d.MoveNext() in /home/vinicius/git/pi2-univesp-imoveis/backend/src/AppImoveis.Api/Program.cs:line 460
      --- End of stack trace from previous location ---
         at Microsoft.AspNetCore.Http.RequestDelegateFactory.ExecuteTaskResult[T](Task`1 task, HttpContext httpContext)
         at Microsoft.AspNetCore.Routing.EndpointMiddleware.<Invoke>g__AwaitRequestTask|7_0(Endpoint endpoint, Task requestTask, ILogger logger)
         at Microsoft.AspNetCore.Server.Kestrel.Core.Internal.Http.HttpProtocol.ProcessRequests[TContext](IHttpApplication`1 application)
        Exception data:
          Severity: ERROR
          SqlState: 42703
          MessageText: column b.populacao_estimada does not exist
          Position: 447
          File: parse_relation.c
          Line: 3854
          Routine: errorMissingColumn
info: Microsoft.AspNetCore.Hosting.Diagnostics[2]
      Request finished HTTP/1.1 GET http://localhost:5209/api/imoveis?page=1&pageSize=200 - 500 0 - 308.8861ms
info: Microsoft.AspNetCore.Hosting.Diagnostics[1]
      Request starting HTTP/1.1 GET http://localhost:5209/api/seguranca/distritos-proximos?ano=2026&atualizar=false - - -
info: Microsoft.AspNetCore.Cors.Infrastructure.CorsService[4]
      CORS policy execution successful.
info: Microsoft.AspNetCore.Routing.EndpointMiddleware[0]
      Executing endpoint 'HTTP: GET /api/seguranca/distritos-proximos'
info: Microsoft.AspNetCore.Http.Result.OkObjectResult[1]
      Setting HTTP status code 200.
info: Microsoft.AspNetCore.Http.Result.OkObjectResult[3]
      Writing value of type '<>f__AnonymousType17`5' as Json.
info: Microsoft.AspNetCore.Routing.EndpointMiddleware[1]
      Executed endpoint 'HTTP: GET /api/seguranca/distritos-proximos'
info: Microsoft.AspNetCore.Hosting.Diagnostics[2]
      Request finished HTTP/1.1 GET http://localhost:5209/api/seguranca/distritos-proximos?ano=2026&atualizar=false - 200 - application/json;+charset=utf-8 0.4092ms
info: Microsoft.AspNetCore.Hosting.Diagnostics[1]
      Request starting HTTP/1.1 GET http://localhost:5209/api/seguranca/distritos-proximos?ano=2026&atualizar=false - - -
info: Microsoft.AspNetCore.Cors.Infrastructure.CorsService[4]
      CORS policy execution successful.
info: Microsoft.AspNetCore.Routing.EndpointMiddleware[0]
      Executing endpoint 'HTTP: GET /api/seguranca/distritos-proximos'
info: Microsoft.AspNetCore.Http.Result.OkObjectResult[1]
      Setting HTTP status code 200.
info: Microsoft.AspNetCore.Http.Result.OkObjectResult[3]
      Writing value of type '<>f__AnonymousType17`5' as Json.
info: Microsoft.AspNetCore.Routing.EndpointMiddleware[1]
      Executed endpoint 'HTTP: GET /api/seguranca/distritos-proximos'
info: Microsoft.AspNetCore.Hosting.Diagnostics[2]
      Request finished HTTP/1.1 GET http://localhost:5209/api/seguranca/distritos-proximos?ano=2026&atualizar=false - 200 - application/json;+charset=utf-8 0.2845ms
info: Microsoft.AspNetCore.Hosting.Diagnostics[1]
      Request starting HTTP/1.1 GET http://localhost:5209/api/seguranca/distritos-proximos?ano=2016&atualizar=true - - -
info: Microsoft.AspNetCore.Cors.Infrastructure.CorsService[4]
      CORS policy execution successful.
info: Microsoft.AspNetCore.Routing.EndpointMiddleware[0]
      Executing endpoint 'HTTP: GET /api/seguranca/distritos-proximos'
info: System.Net.Http.HttpClient.SspSpCrimeService.LogicalHandler[100]
      Start processing HTTP request GET https://www.ssp.sp.gov.br/v1/Distritos/RecuperaDistritos
info: System.Net.Http.HttpClient.SspSpCrimeService.ClientHandler[100]
      Sending HTTP request GET https://www.ssp.sp.gov.br/v1/Distritos/RecuperaDistritos
info: System.Net.Http.HttpClient.SspSpCrimeService.ClientHandler[101]
      Received HTTP response headers after 34.9333ms - 200
info: System.Net.Http.HttpClient.SspSpCrimeService.LogicalHandler[101]
      End processing HTTP request after 35.0128ms - 200
info: System.Net.Http.HttpClient.SspSpCrimeService.LogicalHandler[100]
      Start processing HTTP request GET https://www.ssp.sp.gov.br/v1/OcorrenciasMensais/RecuperaDadosMensaisAgrupados?*
info: System.Net.Http.HttpClient.SspSpCrimeService.ClientHandler[100]
      Sending HTTP request GET https://www.ssp.sp.gov.br/v1/OcorrenciasMensais/RecuperaDadosMensaisAgrupados?*
info: System.Net.Http.HttpClient.SspSpCrimeService.LogicalHandler[100]
      Start processing HTTP request GET https://www.ssp.sp.gov.br/v1/OcorrenciasMensais/RecuperaDadosMensaisAgrupados?*
info: System.Net.Http.HttpClient.SspSpCrimeService.ClientHandler[100]
      Sending HTTP request GET https://www.ssp.sp.gov.br/v1/OcorrenciasMensais/RecuperaDadosMensaisAgrupados?*
info: System.Net.Http.HttpClient.SspSpCrimeService.LogicalHandler[100]
      Start processing HTTP request GET https://www.ssp.sp.gov.br/v1/OcorrenciasMensais/RecuperaDadosMensaisAgrupados?*
info: System.Net.Http.HttpClient.SspSpCrimeService.ClientHandler[100]
      Sending HTTP request GET https://www.ssp.sp.gov.br/v1/OcorrenciasMensais/RecuperaDadosMensaisAgrupados?*
info: System.Net.Http.HttpClient.SspSpCrimeService.LogicalHandler[100]
      Start processing HTTP request GET https://www.ssp.sp.gov.br/v1/OcorrenciasMensais/RecuperaDadosMensaisAgrupados?*
info: System.Net.Http.HttpClient.SspSpCrimeService.ClientHandler[100]
      Sending HTTP request GET https://www.ssp.sp.gov.br/v1/OcorrenciasMensais/RecuperaDadosMensaisAgrupados?*
info: System.Net.Http.HttpClient.SspSpCrimeService.LogicalHandler[100]
      Start processing HTTP request GET https://www.ssp.sp.gov.br/v1/OcorrenciasMensais/RecuperaDadosMensaisAgrupados?*
info: System.Net.Http.HttpClient.SspSpCrimeService.ClientHandler[100]
      Sending HTTP request GET https://www.ssp.sp.gov.br/v1/OcorrenciasMensais/RecuperaDadosMensaisAgrupados?*
info: System.Net.Http.HttpClient.SspSpCrimeService.LogicalHandler[100]
      Start processing HTTP request GET https://www.ssp.sp.gov.br/v1/OcorrenciasMensais/RecuperaDadosMensaisAgrupados?*
info: System.Net.Http.HttpClient.SspSpCrimeService.ClientHandler[100]
      Sending HTTP request GET https://www.ssp.sp.gov.br/v1/OcorrenciasMensais/RecuperaDadosMensaisAgrupados?*
info: System.Net.Http.HttpClient.SspSpCrimeService.LogicalHandler[100]
      Start processing HTTP request GET https://www.ssp.sp.gov.br/v1/OcorrenciasMensais/RecuperaDadosMensaisAgrupados?*
info: System.Net.Http.HttpClient.SspSpCrimeService.ClientHandler[100]
      Sending HTTP request GET https://www.ssp.sp.gov.br/v1/OcorrenciasMensais/RecuperaDadosMensaisAgrupados?*
info: System.Net.Http.HttpClient.SspSpCrimeService.LogicalHandler[100]
      Start processing HTTP request GET https://www.ssp.sp.gov.br/v1/OcorrenciasMensais/RecuperaDadosMensaisAgrupados?*
info: System.Net.Http.HttpClient.SspSpCrimeService.ClientHandler[100]
      Sending HTTP request GET https://www.ssp.sp.gov.br/v1/OcorrenciasMensais/RecuperaDadosMensaisAgrupados?*
info: System.Net.Http.HttpClient.SspSpCrimeService.LogicalHandler[100]
      Start processing HTTP request GET https://www.ssp.sp.gov.br/v1/OcorrenciasMensais/RecuperaDadosMensaisAgrupados?*
info: System.Net.Http.HttpClient.SspSpCrimeService.ClientHandler[100]
      Sending HTTP request GET https://www.ssp.sp.gov.br/v1/OcorrenciasMensais/RecuperaDadosMensaisAgrupados?*
info: System.Net.Http.HttpClient.SspSpCrimeService.LogicalHandler[100]
      Start processing HTTP request GET https://www.ssp.sp.gov.br/v1/OcorrenciasMensais/RecuperaDadosMensaisAgrupados?*
info: System.Net.Http.HttpClient.SspSpCrimeService.ClientHandler[100]
      Sending HTTP request GET https://www.ssp.sp.gov.br/v1/OcorrenciasMensais/RecuperaDadosMensaisAgrupados?*
info: System.Net.Http.HttpClient.SspSpCrimeService.LogicalHandler[100]
      Start processing HTTP request GET https://www.ssp.sp.gov.br/v1/OcorrenciasMensais/RecuperaDadosMensaisAgrupados?*
info: System.Net.Http.HttpClient.SspSpCrimeService.ClientHandler[100]
      Sending HTTP request GET https://www.ssp.sp.gov.br/v1/OcorrenciasMensais/RecuperaDadosMensaisAgrupados?*
info: System.Net.Http.HttpClient.SspSpCrimeService.LogicalHandler[100]
      Start processing HTTP request GET https://www.ssp.sp.gov.br/v1/OcorrenciasMensais/RecuperaDadosMensaisAgrupados?*
info: System.Net.Http.HttpClient.SspSpCrimeService.ClientHandler[100]
      Sending HTTP request GET https://www.ssp.sp.gov.br/v1/OcorrenciasMensais/RecuperaDadosMensaisAgrupados?*
info: System.Net.Http.HttpClient.SspSpCrimeService.LogicalHandler[100]
      Start processing HTTP request GET https://www.ssp.sp.gov.br/v1/OcorrenciasMensais/RecuperaDadosMensaisAgrupados?*
info: System.Net.Http.HttpClient.SspSpCrimeService.ClientHandler[100]
      Sending HTTP request GET https://www.ssp.sp.gov.br/v1/OcorrenciasMensais/RecuperaDadosMensaisAgrupados?*
info: System.Net.Http.HttpClient.SspSpCrimeService.LogicalHandler[100]
      Start processing HTTP request GET https://www.ssp.sp.gov.br/v1/OcorrenciasMensais/RecuperaDadosMensaisAgrupados?*
info: System.Net.Http.HttpClient.SspSpCrimeService.ClientHandler[100]
      Sending HTTP request GET https://www.ssp.sp.gov.br/v1/OcorrenciasMensais/RecuperaDadosMensaisAgrupados?*
info: System.Net.Http.HttpClient.SspSpCrimeService.LogicalHandler[100]
      Start processing HTTP request GET https://www.ssp.sp.gov.br/v1/OcorrenciasMensais/RecuperaDadosMensaisAgrupados?*
info: System.Net.Http.HttpClient.SspSpCrimeService.ClientHandler[100]
      Sending HTTP request GET https://www.ssp.sp.gov.br/v1/OcorrenciasMensais/RecuperaDadosMensaisAgrupados?*
info: System.Net.Http.HttpClient.SspSpCrimeService.LogicalHandler[100]
      Start processing HTTP request GET https://www.ssp.sp.gov.br/v1/OcorrenciasMensais/RecuperaDadosMensaisAgrupados?*
info: System.Net.Http.HttpClient.SspSpCrimeService.ClientHandler[100]
      Sending HTTP request GET https://www.ssp.sp.gov.br/v1/OcorrenciasMensais/RecuperaDadosMensaisAgrupados?*
info: System.Net.Http.HttpClient.SspSpCrimeService.LogicalHandler[100]
      Start processing HTTP request GET https://www.ssp.sp.gov.br/v1/OcorrenciasMensais/RecuperaDadosMensaisAgrupados?*
info: System.Net.Http.HttpClient.SspSpCrimeService.ClientHandler[100]
      Sending HTTP request GET https://www.ssp.sp.gov.br/v1/OcorrenciasMensais/RecuperaDadosMensaisAgrupados?*
info: System.Net.Http.HttpClient.SspSpCrimeService.LogicalHandler[100]
      Start processing HTTP request GET https://www.ssp.sp.gov.br/v1/OcorrenciasMensais/RecuperaDadosMensaisAgrupados?*
info: System.Net.Http.HttpClient.SspSpCrimeService.ClientHandler[100]
      Sending HTTP request GET https://www.ssp.sp.gov.br/v1/OcorrenciasMensais/RecuperaDadosMensaisAgrupados?*
info: System.Net.Http.HttpClient.SspSpCrimeService.LogicalHandler[100]
      Start processing HTTP request GET https://www.ssp.sp.gov.br/v1/OcorrenciasMensais/RecuperaDadosMensaisAgrupados?*
info: System.Net.Http.HttpClient.SspSpCrimeService.ClientHandler[100]
      Sending HTTP request GET https://www.ssp.sp.gov.br/v1/OcorrenciasMensais/RecuperaDadosMensaisAgrupados?*
info: System.Net.Http.HttpClient.SspSpCrimeService.LogicalHandler[100]
      Start processing HTTP request GET https://www.ssp.sp.gov.br/v1/OcorrenciasMensais/RecuperaDadosMensaisAgrupados?*
info: System.Net.Http.HttpClient.SspSpCrimeService.ClientHandler[100]
      Sending HTTP request GET https://www.ssp.sp.gov.br/v1/OcorrenciasMensais/RecuperaDadosMensaisAgrupados?*
info: System.Net.Http.HttpClient.SspSpCrimeService.LogicalHandler[100]
      Start processing HTTP request GET https://www.ssp.sp.gov.br/v1/OcorrenciasMensais/RecuperaDadosMensaisAgrupados?*
info: System.Net.Http.HttpClient.SspSpCrimeService.ClientHandler[100]
      Sending HTTP request GET https://www.ssp.sp.gov.br/v1/OcorrenciasMensais/RecuperaDadosMensaisAgrupados?*
info: System.Net.Http.HttpClient.SspSpCrimeService.LogicalHandler[100]
      Start processing HTTP request GET https://www.ssp.sp.gov.br/v1/OcorrenciasMensais/RecuperaDadosMensaisAgrupados?*
info: System.Net.Http.HttpClient.SspSpCrimeService.ClientHandler[100]
      Sending HTTP request GET https://www.ssp.sp.gov.br/v1/OcorrenciasMensais/RecuperaDadosMensaisAgrupados?*
info: System.Net.Http.HttpClient.SspSpCrimeService.LogicalHandler[100]
      Start processing HTTP request GET https://www.ssp.sp.gov.br/v1/OcorrenciasMensais/RecuperaDadosMensaisAgrupados?*
info: System.Net.Http.HttpClient.SspSpCrimeService.ClientHandler[100]
      Sending HTTP request GET https://www.ssp.sp.gov.br/v1/OcorrenciasMensais/RecuperaDadosMensaisAgrupados?*
info: System.Net.Http.HttpClient.SspSpCrimeService.LogicalHandler[100]
      Start processing HTTP request GET https://www.ssp.sp.gov.br/v1/OcorrenciasMensais/RecuperaDadosMensaisAgrupados?*
info: System.Net.Http.HttpClient.SspSpCrimeService.ClientHandler[100]
      Sending HTTP request GET https://www.ssp.sp.gov.br/v1/OcorrenciasMensais/RecuperaDadosMensaisAgrupados?*
info: System.Net.Http.HttpClient.SspSpCrimeService.LogicalHandler[100]
      Start processing HTTP request GET https://www.ssp.sp.gov.br/v1/OcorrenciasMensais/RecuperaDadosMensaisAgrupados?*
info: System.Net.Http.HttpClient.SspSpCrimeService.ClientHandler[100]
      Sending HTTP request GET https://www.ssp.sp.gov.br/v1/OcorrenciasMensais/RecuperaDadosMensaisAgrupados?*
info: System.Net.Http.HttpClient.SspSpCrimeService.LogicalHandler[100]
      Start processing HTTP request GET https://www.ssp.sp.gov.br/v1/OcorrenciasMensais/RecuperaDadosMensaisAgrupados?*
info: System.Net.Http.HttpClient.SspSpCrimeService.ClientHandler[100]
      Sending HTTP request GET https://www.ssp.sp.gov.br/v1/OcorrenciasMensais/RecuperaDadosMensaisAgrupados?*
info: System.Net.Http.HttpClient.SspSpCrimeService.LogicalHandler[100]
      Start processing HTTP request GET https://www.ssp.sp.gov.br/v1/OcorrenciasMensais/RecuperaDadosMensaisAgrupados?*
info: System.Net.Http.HttpClient.SspSpCrimeService.ClientHandler[100]
      Sending HTTP request GET https://www.ssp.sp.gov.br/v1/OcorrenciasMensais/RecuperaDadosMensaisAgrupados?*
info: System.Net.Http.HttpClient.SspSpCrimeService.LogicalHandler[100]
      Start processing HTTP request GET https://www.ssp.sp.gov.br/v1/OcorrenciasMensais/RecuperaDadosMensaisAgrupados?*
info: System.Net.Http.HttpClient.SspSpCrimeService.ClientHandler[100]
      Sending HTTP request GET https://www.ssp.sp.gov.br/v1/OcorrenciasMensais/RecuperaDadosMensaisAgrupados?*
info: System.Net.Http.HttpClient.SspSpCrimeService.LogicalHandler[100]
      Start processing HTTP request GET https://www.ssp.sp.gov.br/v1/OcorrenciasMensais/RecuperaDadosMensaisAgrupados?*
info: System.Net.Http.HttpClient.SspSpCrimeService.ClientHandler[100]
      Sending HTTP request GET https://www.ssp.sp.gov.br/v1/OcorrenciasMensais/RecuperaDadosMensaisAgrupados?*
info: System.Net.Http.HttpClient.SspSpCrimeService.LogicalHandler[100]
      Start processing HTTP request GET https://www.ssp.sp.gov.br/v1/OcorrenciasMensais/RecuperaDadosMensaisAgrupados?*
info: System.Net.Http.HttpClient.SspSpCrimeService.ClientHandler[100]
      Sending HTTP request GET https://www.ssp.sp.gov.br/v1/OcorrenciasMensais/RecuperaDadosMensaisAgrupados?*
info: System.Net.Http.HttpClient.SspSpCrimeService.LogicalHandler[100]
      Start processing HTTP request GET https://www.ssp.sp.gov.br/v1/OcorrenciasMensais/RecuperaDadosMensaisAgrupados?*
info: System.Net.Http.HttpClient.SspSpCrimeService.ClientHandler[100]
      Sending HTTP request GET https://www.ssp.sp.gov.br/v1/OcorrenciasMensais/RecuperaDadosMensaisAgrupados?*
info: System.Net.Http.HttpClient.SspSpCrimeService.LogicalHandler[100]
      Start processing HTTP request GET https://www.ssp.sp.gov.br/v1/OcorrenciasMensais/RecuperaDadosMensaisAgrupados?*
info: System.Net.Http.HttpClient.SspSpCrimeService.ClientHandler[100]
      Sending HTTP request GET https://www.ssp.sp.gov.br/v1/OcorrenciasMensais/RecuperaDadosMensaisAgrupados?*
info: System.Net.Http.HttpClient.SspSpCrimeService.ClientHandler[101]
      Received HTTP response headers after 959.4066ms - 200
info: System.Net.Http.HttpClient.SspSpCrimeService.LogicalHandler[101]
      End processing HTTP request after 959.4598ms - 200
info: System.Net.Http.HttpClient.SspSpCrimeService.ClientHandler[101]
      Received HTTP response headers after 959.5783ms - 200
info: System.Net.Http.HttpClient.SspSpCrimeService.LogicalHandler[101]
      End processing HTTP request after 959.6141ms - 200
info: System.Net.Http.HttpClient.SspSpCrimeService.ClientHandler[101]
      Received HTTP response headers after 959.2971ms - 200
info: System.Net.Http.HttpClient.SspSpCrimeService.LogicalHandler[101]
      End processing HTTP request after 959.3074ms - 200
info: System.Net.Http.HttpClient.SspSpCrimeService.ClientHandler[101]
      Received HTTP response headers after 959.2416ms - 200
info: System.Net.Http.HttpClient.SspSpCrimeService.LogicalHandler[101]
      End processing HTTP request after 959.2896ms - 200
info: System.Net.Http.HttpClient.SspSpCrimeService.ClientHandler[101]
      Received HTTP response headers after 958.9673ms - 200
info: System.Net.Http.HttpClient.SspSpCrimeService.LogicalHandler[101]
      End processing HTTP request after 958.9897ms - 200
info: System.Net.Http.HttpClient.SspSpCrimeService.ClientHandler[101]
      Received HTTP response headers after 960.1618ms - 200
info: System.Net.Http.HttpClient.SspSpCrimeService.ClientHandler[101]
      Received HTTP response headers after 959.1339ms - 200
info: System.Net.Http.HttpClient.SspSpCrimeService.LogicalHandler[101]
      End processing HTTP request after 960.1809ms - 200
info: System.Net.Http.HttpClient.SspSpCrimeService.LogicalHandler[101]
      End processing HTTP request after 959.1561ms - 200
info: System.Net.Http.HttpClient.SspSpCrimeService.ClientHandler[101]
      Received HTTP response headers after 964.4211ms - 200
info: System.Net.Http.HttpClient.SspSpCrimeService.LogicalHandler[101]
      End processing HTTP request after 964.4715ms - 200
info: System.Net.Http.HttpClient.SspSpCrimeService.ClientHandler[101]
      Received HTTP response headers after 984.596ms - 200
info: System.Net.Http.HttpClient.SspSpCrimeService.LogicalHandler[101]
      End processing HTTP request after 984.6375ms - 200
info: System.Net.Http.HttpClient.SspSpCrimeService.ClientHandler[101]
      Received HTTP response headers after 989.7699ms - 200
info: System.Net.Http.HttpClient.SspSpCrimeService.LogicalHandler[101]
      End processing HTTP request after 989.868ms - 200
info: System.Net.Http.HttpClient.SspSpCrimeService.ClientHandler[101]
      Received HTTP response headers after 999.6779ms - 200
info: System.Net.Http.HttpClient.SspSpCrimeService.LogicalHandler[101]
      End processing HTTP request after 999.6955ms - 200
info: System.Net.Http.HttpClient.SspSpCrimeService.ClientHandler[101]
      Received HTTP response headers after 1002.805ms - 200
info: System.Net.Http.HttpClient.SspSpCrimeService.LogicalHandler[101]
      End processing HTTP request after 1002.822ms - 200
info: System.Net.Http.HttpClient.SspSpCrimeService.ClientHandler[101]
      Received HTTP response headers after 1013.5016ms - 200
info: System.Net.Http.HttpClient.SspSpCrimeService.LogicalHandler[101]
      End processing HTTP request after 1013.5445ms - 200
info: System.Net.Http.HttpClient.SspSpCrimeService.ClientHandler[101]
      Received HTTP response headers after 1015.2054ms - 200
info: System.Net.Http.HttpClient.SspSpCrimeService.LogicalHandler[101]
      End processing HTTP request after 1015.2325ms - 200
info: System.Net.Http.HttpClient.SspSpCrimeService.ClientHandler[101]
      Received HTTP response headers after 1113.7732ms - 200
info: System.Net.Http.HttpClient.SspSpCrimeService.LogicalHandler[101]
      End processing HTTP request after 1113.8084ms - 200
info: System.Net.Http.HttpClient.SspSpCrimeService.ClientHandler[101]
      Received HTTP response headers after 1117.414ms - 200
info: System.Net.Http.HttpClient.SspSpCrimeService.LogicalHandler[101]
      End processing HTTP request after 1117.4652ms - 200
info: System.Net.Http.HttpClient.SspSpCrimeService.ClientHandler[101]
      Received HTTP response headers after 1118.9969ms - 200
info: System.Net.Http.HttpClient.SspSpCrimeService.LogicalHandler[101]
      End processing HTTP request after 1119.0156ms - 200
info: System.Net.Http.HttpClient.SspSpCrimeService.ClientHandler[101]
      Received HTTP response headers after 1120.0156ms - 200
info: System.Net.Http.HttpClient.SspSpCrimeService.LogicalHandler[101]
      End processing HTTP request after 1120.0516ms - 200
info: System.Net.Http.HttpClient.SspSpCrimeService.ClientHandler[101]
      Received HTTP response headers after 1129.2331ms - 200
info: System.Net.Http.HttpClient.SspSpCrimeService.LogicalHandler[101]
      End processing HTTP request after 1129.2528ms - 200
info: System.Net.Http.HttpClient.SspSpCrimeService.ClientHandler[101]
      Received HTTP response headers after 1145.1344ms - 200
info: System.Net.Http.HttpClient.SspSpCrimeService.LogicalHandler[101]
      End processing HTTP request after 1145.1539ms - 200
info: System.Net.Http.HttpClient.SspSpCrimeService.ClientHandler[101]
      Received HTTP response headers after 1145.358ms - 200
info: System.Net.Http.HttpClient.SspSpCrimeService.LogicalHandler[101]
      End processing HTTP request after 1145.3842ms - 200
info: System.Net.Http.HttpClient.SspSpCrimeService.ClientHandler[101]
      Received HTTP response headers after 1157.5969ms - 200
info: System.Net.Http.HttpClient.SspSpCrimeService.LogicalHandler[101]
      End processing HTTP request after 1157.6613ms - 200
info: System.Net.Http.HttpClient.SspSpCrimeService.ClientHandler[101]
      Received HTTP response headers after 1250.9277ms - 200
info: System.Net.Http.HttpClient.SspSpCrimeService.LogicalHandler[101]
      End processing HTTP request after 1250.9706ms - 200
info: System.Net.Http.HttpClient.SspSpCrimeService.ClientHandler[101]
      Received HTTP response headers after 1253.6907ms - 200
info: System.Net.Http.HttpClient.SspSpCrimeService.LogicalHandler[101]
      End processing HTTP request after 1253.744ms - 200
info: System.Net.Http.HttpClient.SspSpCrimeService.ClientHandler[101]
      Received HTTP response headers after 1254.167ms - 200
info: System.Net.Http.HttpClient.SspSpCrimeService.LogicalHandler[101]
      End processing HTTP request after 1254.2848ms - 200
info: System.Net.Http.HttpClient.SspSpCrimeService.ClientHandler[101]
      Received HTTP response headers after 1254.8884ms - 200
info: System.Net.Http.HttpClient.SspSpCrimeService.LogicalHandler[101]
      End processing HTTP request after 1254.9176ms - 200
info: System.Net.Http.HttpClient.SspSpCrimeService.ClientHandler[101]
      Received HTTP response headers after 1255.7678ms - 200
info: System.Net.Http.HttpClient.SspSpCrimeService.LogicalHandler[101]
      End processing HTTP request after 1255.7871ms - 200
info: System.Net.Http.HttpClient.SspSpCrimeService.ClientHandler[101]
      Received HTTP response headers after 1277.7831ms - 200
info: System.Net.Http.HttpClient.SspSpCrimeService.LogicalHandler[101]
      End processing HTTP request after 1277.8023ms - 200
info: System.Net.Http.HttpClient.SspSpCrimeService.ClientHandler[101]
      Received HTTP response headers after 1279.5752ms - 200
info: System.Net.Http.HttpClient.SspSpCrimeService.LogicalHandler[101]
      End processing HTTP request after 1279.5965ms - 200
info: System.Net.Http.HttpClient.SspSpCrimeService.ClientHandler[101]
      Received HTTP response headers after 1282.2607ms - 200
info: System.Net.Http.HttpClient.SspSpCrimeService.LogicalHandler[101]
      End processing HTTP request after 1282.3066ms - 200
info: System.Net.Http.HttpClient.SspSpCrimeService.ClientHandler[101]
      Received HTTP response headers after 1283.4802ms - 200
info: System.Net.Http.HttpClient.SspSpCrimeService.LogicalHandler[101]
      End processing HTTP request after 1283.5153ms - 200
info: System.Net.Http.HttpClient.SspSpCrimeService.ClientHandler[101]
      Received HTTP response headers after 1284.0926ms - 200
info: System.Net.Http.HttpClient.SspSpCrimeService.LogicalHandler[101]
      End processing HTTP request after 1284.1121ms - 200
info: Microsoft.AspNetCore.Http.Result.OkObjectResult[1]
      Setting HTTP status code 200.
info: Microsoft.AspNetCore.Http.Result.OkObjectResult[3]
      Writing value of type '<>f__AnonymousType17`5' as Json.
info: Microsoft.AspNetCore.Routing.EndpointMiddleware[1]
      Executed endpoint 'HTTP: GET /api/seguranca/distritos-proximos'
info: Microsoft.AspNetCore.Hosting.Diagnostics[2]
      Request finished HTTP/1.1 GET http://localhost:5209/api/seguranca/distritos-proximos?ano=2016&atualizar=true - 200 - application/json;+charset=utf-8 1354.9435ms
info: Microsoft.AspNetCore.Hosting.Diagnostics[1]
      Request starting HTTP/1.1 GET http://localhost:5209/api/seguranca/distritos-proximos?ano=2026&atualizar=true - - -
info: Microsoft.AspNetCore.Cors.Infrastructure.CorsService[4]
      CORS policy execution successful.
info: Microsoft.AspNetCore.Routing.EndpointMiddleware[0]
      Executing endpoint 'HTTP: GET /api/seguranca/distritos-proximos'
info: System.Net.Http.HttpClient.SspSpCrimeService.LogicalHandler[100]
      Start processing HTTP request GET https://www.ssp.sp.gov.br/v1/Distritos/RecuperaDistritos
info: System.Net.Http.HttpClient.SspSpCrimeService.ClientHandler[100]
      Sending HTTP request GET https://www.ssp.sp.gov.br/v1/Distritos/RecuperaDistritos
info: System.Net.Http.HttpClient.SspSpCrimeService.ClientHandler[101]
      Received HTTP response headers after 38.8827ms - 200
info: System.Net.Http.HttpClient.SspSpCrimeService.LogicalHandler[101]
      End processing HTTP request after 38.9083ms - 200
info: System.Net.Http.HttpClient.SspSpCrimeService.LogicalHandler[100]
      Start processing HTTP request GET https://www.ssp.sp.gov.br/v1/OcorrenciasMensais/RecuperaDadosMensaisAgrupados?*
info: System.Net.Http.HttpClient.SspSpCrimeService.ClientHandler[100]
      Sending HTTP request GET https://www.ssp.sp.gov.br/v1/OcorrenciasMensais/RecuperaDadosMensaisAgrupados?*
info: System.Net.Http.HttpClient.SspSpCrimeService.LogicalHandler[100]
      Start processing HTTP request GET https://www.ssp.sp.gov.br/v1/OcorrenciasMensais/RecuperaDadosMensaisAgrupados?*
info: System.Net.Http.HttpClient.SspSpCrimeService.ClientHandler[100]
      Sending HTTP request GET https://www.ssp.sp.gov.br/v1/OcorrenciasMensais/RecuperaDadosMensaisAgrupados?*
info: System.Net.Http.HttpClient.SspSpCrimeService.LogicalHandler[100]
      Start processing HTTP request GET https://www.ssp.sp.gov.br/v1/OcorrenciasMensais/RecuperaDadosMensaisAgrupados?*
info: System.Net.Http.HttpClient.SspSpCrimeService.ClientHandler[100]
      Sending HTTP request GET https://www.ssp.sp.gov.br/v1/OcorrenciasMensais/RecuperaDadosMensaisAgrupados?*
info: System.Net.Http.HttpClient.SspSpCrimeService.LogicalHandler[100]
      Start processing HTTP request GET https://www.ssp.sp.gov.br/v1/OcorrenciasMensais/RecuperaDadosMensaisAgrupados?*
info: System.Net.Http.HttpClient.SspSpCrimeService.ClientHandler[100]
      Sending HTTP request GET https://www.ssp.sp.gov.br/v1/OcorrenciasMensais/RecuperaDadosMensaisAgrupados?*
info: System.Net.Http.HttpClient.SspSpCrimeService.LogicalHandler[100]
      Start processing HTTP request GET https://www.ssp.sp.gov.br/v1/OcorrenciasMensais/RecuperaDadosMensaisAgrupados?*
info: System.Net.Http.HttpClient.SspSpCrimeService.ClientHandler[100]
      Sending HTTP request GET https://www.ssp.sp.gov.br/v1/OcorrenciasMensais/RecuperaDadosMensaisAgrupados?*
info: System.Net.Http.HttpClient.SspSpCrimeService.LogicalHandler[100]
      Start processing HTTP request GET https://www.ssp.sp.gov.br/v1/OcorrenciasMensais/RecuperaDadosMensaisAgrupados?*
info: System.Net.Http.HttpClient.SspSpCrimeService.ClientHandler[100]
      Sending HTTP request GET https://www.ssp.sp.gov.br/v1/OcorrenciasMensais/RecuperaDadosMensaisAgrupados?*
info: System.Net.Http.HttpClient.SspSpCrimeService.LogicalHandler[100]
      Start processing HTTP request GET https://www.ssp.sp.gov.br/v1/OcorrenciasMensais/RecuperaDadosMensaisAgrupados?*
info: System.Net.Http.HttpClient.SspSpCrimeService.ClientHandler[100]
      Sending HTTP request GET https://www.ssp.sp.gov.br/v1/OcorrenciasMensais/RecuperaDadosMensaisAgrupados?*
info: System.Net.Http.HttpClient.SspSpCrimeService.LogicalHandler[100]
      Start processing HTTP request GET https://www.ssp.sp.gov.br/v1/OcorrenciasMensais/RecuperaDadosMensaisAgrupados?*
info: System.Net.Http.HttpClient.SspSpCrimeService.ClientHandler[100]
      Sending HTTP request GET https://www.ssp.sp.gov.br/v1/OcorrenciasMensais/RecuperaDadosMensaisAgrupados?*
info: System.Net.Http.HttpClient.SspSpCrimeService.LogicalHandler[100]
      Start processing HTTP request GET https://www.ssp.sp.gov.br/v1/OcorrenciasMensais/RecuperaDadosMensaisAgrupados?*
info: System.Net.Http.HttpClient.SspSpCrimeService.ClientHandler[100]
      Sending HTTP request GET https://www.ssp.sp.gov.br/v1/OcorrenciasMensais/RecuperaDadosMensaisAgrupados?*
info: System.Net.Http.HttpClient.SspSpCrimeService.LogicalHandler[100]
      Start processing HTTP request GET https://www.ssp.sp.gov.br/v1/OcorrenciasMensais/RecuperaDadosMensaisAgrupados?*
info: System.Net.Http.HttpClient.SspSpCrimeService.ClientHandler[100]
      Sending HTTP request GET https://www.ssp.sp.gov.br/v1/OcorrenciasMensais/RecuperaDadosMensaisAgrupados?*
info: System.Net.Http.HttpClient.SspSpCrimeService.LogicalHandler[100]
      Start processing HTTP request GET https://www.ssp.sp.gov.br/v1/OcorrenciasMensais/RecuperaDadosMensaisAgrupados?*
info: System.Net.Http.HttpClient.SspSpCrimeService.ClientHandler[100]
      Sending HTTP request GET https://www.ssp.sp.gov.br/v1/OcorrenciasMensais/RecuperaDadosMensaisAgrupados?*
info: System.Net.Http.HttpClient.SspSpCrimeService.LogicalHandler[100]
      Start processing HTTP request GET https://www.ssp.sp.gov.br/v1/OcorrenciasMensais/RecuperaDadosMensaisAgrupados?*
info: System.Net.Http.HttpClient.SspSpCrimeService.ClientHandler[100]
      Sending HTTP request GET https://www.ssp.sp.gov.br/v1/OcorrenciasMensais/RecuperaDadosMensaisAgrupados?*
info: System.Net.Http.HttpClient.SspSpCrimeService.LogicalHandler[100]
      Start processing HTTP request GET https://www.ssp.sp.gov.br/v1/OcorrenciasMensais/RecuperaDadosMensaisAgrupados?*
info: System.Net.Http.HttpClient.SspSpCrimeService.ClientHandler[100]
      Sending HTTP request GET https://www.ssp.sp.gov.br/v1/OcorrenciasMensais/RecuperaDadosMensaisAgrupados?*
info: System.Net.Http.HttpClient.SspSpCrimeService.LogicalHandler[100]
      Start processing HTTP request GET https://www.ssp.sp.gov.br/v1/OcorrenciasMensais/RecuperaDadosMensaisAgrupados?*
info: System.Net.Http.HttpClient.SspSpCrimeService.ClientHandler[100]
      Sending HTTP request GET https://www.ssp.sp.gov.br/v1/OcorrenciasMensais/RecuperaDadosMensaisAgrupados?*
info: System.Net.Http.HttpClient.SspSpCrimeService.LogicalHandler[100]
      Start processing HTTP request GET https://www.ssp.sp.gov.br/v1/OcorrenciasMensais/RecuperaDadosMensaisAgrupados?*
info: System.Net.Http.HttpClient.SspSpCrimeService.ClientHandler[100]
      Sending HTTP request GET https://www.ssp.sp.gov.br/v1/OcorrenciasMensais/RecuperaDadosMensaisAgrupados?*
info: System.Net.Http.HttpClient.SspSpCrimeService.LogicalHandler[100]
      Start processing HTTP request GET https://www.ssp.sp.gov.br/v1/OcorrenciasMensais/RecuperaDadosMensaisAgrupados?*
info: System.Net.Http.HttpClient.SspSpCrimeService.ClientHandler[100]
      Sending HTTP request GET https://www.ssp.sp.gov.br/v1/OcorrenciasMensais/RecuperaDadosMensaisAgrupados?*
info: System.Net.Http.HttpClient.SspSpCrimeService.LogicalHandler[100]
      Start processing HTTP request GET https://www.ssp.sp.gov.br/v1/OcorrenciasMensais/RecuperaDadosMensaisAgrupados?*
info: System.Net.Http.HttpClient.SspSpCrimeService.ClientHandler[100]
      Sending HTTP request GET https://www.ssp.sp.gov.br/v1/OcorrenciasMensais/RecuperaDadosMensaisAgrupados?*
info: System.Net.Http.HttpClient.SspSpCrimeService.LogicalHandler[100]
      Start processing HTTP request GET https://www.ssp.sp.gov.br/v1/OcorrenciasMensais/RecuperaDadosMensaisAgrupados?*
info: System.Net.Http.HttpClient.SspSpCrimeService.ClientHandler[100]
      Sending HTTP request GET https://www.ssp.sp.gov.br/v1/OcorrenciasMensais/RecuperaDadosMensaisAgrupados?*
info: System.Net.Http.HttpClient.SspSpCrimeService.LogicalHandler[100]
      Start processing HTTP request GET https://www.ssp.sp.gov.br/v1/OcorrenciasMensais/RecuperaDadosMensaisAgrupados?*
info: System.Net.Http.HttpClient.SspSpCrimeService.ClientHandler[100]
      Sending HTTP request GET https://www.ssp.sp.gov.br/v1/OcorrenciasMensais/RecuperaDadosMensaisAgrupados?*
info: System.Net.Http.HttpClient.SspSpCrimeService.LogicalHandler[100]
      Start processing HTTP request GET https://www.ssp.sp.gov.br/v1/OcorrenciasMensais/RecuperaDadosMensaisAgrupados?*
info: System.Net.Http.HttpClient.SspSpCrimeService.ClientHandler[100]
      Sending HTTP request GET https://www.ssp.sp.gov.br/v1/OcorrenciasMensais/RecuperaDadosMensaisAgrupados?*
info: System.Net.Http.HttpClient.SspSpCrimeService.LogicalHandler[100]
      Start processing HTTP request GET https://www.ssp.sp.gov.br/v1/OcorrenciasMensais/RecuperaDadosMensaisAgrupados?*
info: System.Net.Http.HttpClient.SspSpCrimeService.ClientHandler[100]
      Sending HTTP request GET https://www.ssp.sp.gov.br/v1/OcorrenciasMensais/RecuperaDadosMensaisAgrupados?*
info: System.Net.Http.HttpClient.SspSpCrimeService.LogicalHandler[100]
      Start processing HTTP request GET https://www.ssp.sp.gov.br/v1/OcorrenciasMensais/RecuperaDadosMensaisAgrupados?*
info: System.Net.Http.HttpClient.SspSpCrimeService.ClientHandler[100]
      Sending HTTP request GET https://www.ssp.sp.gov.br/v1/OcorrenciasMensais/RecuperaDadosMensaisAgrupados?*
info: System.Net.Http.HttpClient.SspSpCrimeService.LogicalHandler[100]
      Start processing HTTP request GET https://www.ssp.sp.gov.br/v1/OcorrenciasMensais/RecuperaDadosMensaisAgrupados?*
info: System.Net.Http.HttpClient.SspSpCrimeService.ClientHandler[100]
      Sending HTTP request GET https://www.ssp.sp.gov.br/v1/OcorrenciasMensais/RecuperaDadosMensaisAgrupados?*
info: System.Net.Http.HttpClient.SspSpCrimeService.LogicalHandler[100]
      Start processing HTTP request GET https://www.ssp.sp.gov.br/v1/OcorrenciasMensais/RecuperaDadosMensaisAgrupados?*
info: System.Net.Http.HttpClient.SspSpCrimeService.ClientHandler[100]
      Sending HTTP request GET https://www.ssp.sp.gov.br/v1/OcorrenciasMensais/RecuperaDadosMensaisAgrupados?*
info: System.Net.Http.HttpClient.SspSpCrimeService.LogicalHandler[100]
      Start processing HTTP request GET https://www.ssp.sp.gov.br/v1/OcorrenciasMensais/RecuperaDadosMensaisAgrupados?*
info: System.Net.Http.HttpClient.SspSpCrimeService.ClientHandler[100]
      Sending HTTP request GET https://www.ssp.sp.gov.br/v1/OcorrenciasMensais/RecuperaDadosMensaisAgrupados?*
info: System.Net.Http.HttpClient.SspSpCrimeService.LogicalHandler[100]
      Start processing HTTP request GET https://www.ssp.sp.gov.br/v1/OcorrenciasMensais/RecuperaDadosMensaisAgrupados?*
info: System.Net.Http.HttpClient.SspSpCrimeService.ClientHandler[100]
      Sending HTTP request GET https://www.ssp.sp.gov.br/v1/OcorrenciasMensais/RecuperaDadosMensaisAgrupados?*
info: System.Net.Http.HttpClient.SspSpCrimeService.LogicalHandler[100]
      Start processing HTTP request GET https://www.ssp.sp.gov.br/v1/OcorrenciasMensais/RecuperaDadosMensaisAgrupados?*
info: System.Net.Http.HttpClient.SspSpCrimeService.ClientHandler[100]
      Sending HTTP request GET https://www.ssp.sp.gov.br/v1/OcorrenciasMensais/RecuperaDadosMensaisAgrupados?*
info: System.Net.Http.HttpClient.SspSpCrimeService.LogicalHandler[100]
      Start processing HTTP request GET https://www.ssp.sp.gov.br/v1/OcorrenciasMensais/RecuperaDadosMensaisAgrupados?*
info: System.Net.Http.HttpClient.SspSpCrimeService.ClientHandler[100]
      Sending HTTP request GET https://www.ssp.sp.gov.br/v1/OcorrenciasMensais/RecuperaDadosMensaisAgrupados?*
info: System.Net.Http.HttpClient.SspSpCrimeService.LogicalHandler[100]
      Start processing HTTP request GET https://www.ssp.sp.gov.br/v1/OcorrenciasMensais/RecuperaDadosMensaisAgrupados?*
info: System.Net.Http.HttpClient.SspSpCrimeService.ClientHandler[100]
      Sending HTTP request GET https://www.ssp.sp.gov.br/v1/OcorrenciasMensais/RecuperaDadosMensaisAgrupados?*
info: System.Net.Http.HttpClient.SspSpCrimeService.LogicalHandler[100]
      Start processing HTTP request GET https://www.ssp.sp.gov.br/v1/OcorrenciasMensais/RecuperaDadosMensaisAgrupados?*
info: System.Net.Http.HttpClient.SspSpCrimeService.ClientHandler[100]
      Sending HTTP request GET https://www.ssp.sp.gov.br/v1/OcorrenciasMensais/RecuperaDadosMensaisAgrupados?*
info: System.Net.Http.HttpClient.SspSpCrimeService.LogicalHandler[100]
      Start processing HTTP request GET https://www.ssp.sp.gov.br/v1/OcorrenciasMensais/RecuperaDadosMensaisAgrupados?*
info: System.Net.Http.HttpClient.SspSpCrimeService.ClientHandler[100]
      Sending HTTP request GET https://www.ssp.sp.gov.br/v1/OcorrenciasMensais/RecuperaDadosMensaisAgrupados?*
info: System.Net.Http.HttpClient.SspSpCrimeService.LogicalHandler[100]
      Start processing HTTP request GET https://www.ssp.sp.gov.br/v1/OcorrenciasMensais/RecuperaDadosMensaisAgrupados?*
info: System.Net.Http.HttpClient.SspSpCrimeService.ClientHandler[100]
      Sending HTTP request GET https://www.ssp.sp.gov.br/v1/OcorrenciasMensais/RecuperaDadosMensaisAgrupados?*
info: System.Net.Http.HttpClient.SspSpCrimeService.ClientHandler[101]
      Received HTTP response headers after 914.9377ms - 200
info: System.Net.Http.HttpClient.SspSpCrimeService.LogicalHandler[101]
      End processing HTTP request after 914.9877ms - 200
info: System.Net.Http.HttpClient.SspSpCrimeService.ClientHandler[101]
      Received HTTP response headers after 1009.1793ms - 200
info: System.Net.Http.HttpClient.SspSpCrimeService.LogicalHandler[101]
      End processing HTTP request after 1009.2294ms - 200
info: System.Net.Http.HttpClient.SspSpCrimeService.ClientHandler[101]
      Received HTTP response headers after 1016.4118ms - 200
info: System.Net.Http.HttpClient.SspSpCrimeService.LogicalHandler[101]
      End processing HTTP request after 1016.4486ms - 200
info: System.Net.Http.HttpClient.SspSpCrimeService.ClientHandler[101]
      Received HTTP response headers after 1019.4241ms - 200
info: System.Net.Http.HttpClient.SspSpCrimeService.LogicalHandler[101]
      End processing HTTP request after 1019.4764ms - 200
info: System.Net.Http.HttpClient.SspSpCrimeService.ClientHandler[101]
      Received HTTP response headers after 1019.9216ms - 200
info: System.Net.Http.HttpClient.SspSpCrimeService.LogicalHandler[101]
      End processing HTTP request after 1019.9401ms - 200
info: System.Net.Http.HttpClient.SspSpCrimeService.ClientHandler[101]
      Received HTTP response headers after 1025.1832ms - 200
info: System.Net.Http.HttpClient.SspSpCrimeService.LogicalHandler[101]
      End processing HTTP request after 1025.2215ms - 200
info: System.Net.Http.HttpClient.SspSpCrimeService.ClientHandler[101]
      Received HTTP response headers after 1026.8834ms - 200
info: System.Net.Http.HttpClient.SspSpCrimeService.LogicalHandler[101]
      End processing HTTP request after 1026.9181ms - 200
info: System.Net.Http.HttpClient.SspSpCrimeService.ClientHandler[101]
      Received HTTP response headers after 1116.3779ms - 200
info: System.Net.Http.HttpClient.SspSpCrimeService.LogicalHandler[101]
      End processing HTTP request after 1116.4495ms - 200
info: System.Net.Http.HttpClient.SspSpCrimeService.ClientHandler[101]
      Received HTTP response headers after 1117.7329ms - 200
info: System.Net.Http.HttpClient.SspSpCrimeService.LogicalHandler[101]
      End processing HTTP request after 1117.787ms - 200
info: System.Net.Http.HttpClient.SspSpCrimeService.ClientHandler[101]
      Received HTTP response headers after 1118.8843ms - 200
info: System.Net.Http.HttpClient.SspSpCrimeService.LogicalHandler[101]
      End processing HTTP request after 1118.9244ms - 200
info: System.Net.Http.HttpClient.SspSpCrimeService.ClientHandler[101]
      Received HTTP response headers after 1126.812ms - 200
info: System.Net.Http.HttpClient.SspSpCrimeService.LogicalHandler[101]
      End processing HTTP request after 1126.8503ms - 200
info: System.Net.Http.HttpClient.SspSpCrimeService.ClientHandler[101]
      Received HTTP response headers after 1137.4936ms - 200
info: System.Net.Http.HttpClient.SspSpCrimeService.LogicalHandler[101]
      End processing HTTP request after 1137.5276ms - 200
info: System.Net.Http.HttpClient.SspSpCrimeService.ClientHandler[101]
      Received HTTP response headers after 1140.8816ms - 200
info: System.Net.Http.HttpClient.SspSpCrimeService.LogicalHandler[101]
      End processing HTTP request after 1140.907ms - 200
info: System.Net.Http.HttpClient.SspSpCrimeService.ClientHandler[101]
      Received HTTP response headers after 1142.4688ms - 200
info: System.Net.Http.HttpClient.SspSpCrimeService.LogicalHandler[101]
      End processing HTTP request after 1142.5003ms - 200
info: System.Net.Http.HttpClient.SspSpCrimeService.ClientHandler[101]
      Received HTTP response headers after 1144.763ms - 200
info: System.Net.Http.HttpClient.SspSpCrimeService.LogicalHandler[101]
      End processing HTTP request after 1144.8068ms - 200
info: System.Net.Http.HttpClient.SspSpCrimeService.ClientHandler[101]
      Received HTTP response headers after 1145.5884ms - 200
info: System.Net.Http.HttpClient.SspSpCrimeService.LogicalHandler[101]
      End processing HTTP request after 1145.6001ms - 200
info: System.Net.Http.HttpClient.SspSpCrimeService.ClientHandler[101]
      Received HTTP response headers after 1148.4159ms - 200
info: System.Net.Http.HttpClient.SspSpCrimeService.LogicalHandler[101]
      End processing HTTP request after 1148.4274ms - 200
info: System.Net.Http.HttpClient.SspSpCrimeService.ClientHandler[101]
      Received HTTP response headers after 1165.3637ms - 200
info: System.Net.Http.HttpClient.SspSpCrimeService.LogicalHandler[101]
      End processing HTTP request after 1165.4093ms - 200
info: System.Net.Http.HttpClient.SspSpCrimeService.ClientHandler[101]
      Received HTTP response headers after 1173.0206ms - 200
info: System.Net.Http.HttpClient.SspSpCrimeService.LogicalHandler[101]
      End processing HTTP request after 1173.0403ms - 200
info: System.Net.Http.HttpClient.SspSpCrimeService.ClientHandler[101]
      Received HTTP response headers after 1175.3999ms - 200
info: System.Net.Http.HttpClient.SspSpCrimeService.LogicalHandler[101]
      End processing HTTP request after 1175.4141ms - 200
info: System.Net.Http.HttpClient.SspSpCrimeService.ClientHandler[101]
      Received HTTP response headers after 1180.6405ms - 200
info: System.Net.Http.HttpClient.SspSpCrimeService.LogicalHandler[101]
      End processing HTTP request after 1180.6524ms - 200
info: System.Net.Http.HttpClient.SspSpCrimeService.ClientHandler[101]
      Received HTTP response headers after 1181.72ms - 200
info: System.Net.Http.HttpClient.SspSpCrimeService.LogicalHandler[101]
      End processing HTTP request after 1181.7455ms - 200
info: System.Net.Http.HttpClient.SspSpCrimeService.ClientHandler[101]
      Received HTTP response headers after 1380.4399ms - 200
info: System.Net.Http.HttpClient.SspSpCrimeService.LogicalHandler[101]
      End processing HTTP request after 1380.4868ms - 200
info: System.Net.Http.HttpClient.SspSpCrimeService.ClientHandler[101]
      Received HTTP response headers after 1416.7062ms - 200
info: System.Net.Http.HttpClient.SspSpCrimeService.LogicalHandler[101]
      End processing HTTP request after 1416.7538ms - 200
info: System.Net.Http.HttpClient.SspSpCrimeService.ClientHandler[101]
      Received HTTP response headers after 1417.1688ms - 200
info: System.Net.Http.HttpClient.SspSpCrimeService.LogicalHandler[101]
      End processing HTTP request after 1417.1887ms - 200
info: System.Net.Http.HttpClient.SspSpCrimeService.ClientHandler[101]
      Received HTTP response headers after 1434.6457ms - 200
info: System.Net.Http.HttpClient.SspSpCrimeService.LogicalHandler[101]
      End processing HTTP request after 1434.6843ms - 200
info: System.Net.Http.HttpClient.SspSpCrimeService.ClientHandler[101]
      Received HTTP response headers after 1436.7843ms - 200
info: System.Net.Http.HttpClient.SspSpCrimeService.LogicalHandler[101]
      End processing HTTP request after 1436.8152ms - 200
info: System.Net.Http.HttpClient.SspSpCrimeService.ClientHandler[101]
      Received HTTP response headers after 1446.115ms - 200
info: System.Net.Http.HttpClient.SspSpCrimeService.LogicalHandler[101]
      End processing HTTP request after 1446.1502ms - 200
info: System.Net.Http.HttpClient.SspSpCrimeService.ClientHandler[101]
      Received HTTP response headers after 1449.275ms - 200
info: System.Net.Http.HttpClient.SspSpCrimeService.LogicalHandler[101]
      End processing HTTP request after 1449.3049ms - 200
info: System.Net.Http.HttpClient.SspSpCrimeService.ClientHandler[101]
      Received HTTP response headers after 1456.2927ms - 200
info: System.Net.Http.HttpClient.SspSpCrimeService.LogicalHandler[101]
      End processing HTTP request after 1456.3279ms - 200
info: System.Net.Http.HttpClient.SspSpCrimeService.ClientHandler[101]
      Received HTTP response headers after 1458.4327ms - 200
info: System.Net.Http.HttpClient.SspSpCrimeService.LogicalHandler[101]
      End processing HTTP request after 1458.467ms - 200
info: System.Net.Http.HttpClient.SspSpCrimeService.ClientHandler[101]
      Received HTTP response headers after 1462.9548ms - 200
info: System.Net.Http.HttpClient.SspSpCrimeService.LogicalHandler[101]
      End processing HTTP request after 1462.9732ms - 200
info: Microsoft.AspNetCore.Http.Result.OkObjectResult[1]
      Setting HTTP status code 200.
info: Microsoft.AspNetCore.Http.Result.OkObjectResult[3]
      Writing value of type '<>f__AnonymousType17`5' as Json.
info: Microsoft.AspNetCore.Routing.EndpointMiddleware[1]
      Executed endpoint 'HTTP: GET /api/seguranca/distritos-proximos'
info: Microsoft.AspNetCore.Hosting.Diagnostics[2]
      Request finished HTTP/1.1 GET http://localhost:5209/api/seguranca/distritos-proximos?ano=2026&atualizar=true - 200 - application/json;+charset=utf-8 1537.2949ms
info: Microsoft.AspNetCore.Hosting.Diagnostics[1]
      Request starting HTTP/1.1 GET http://localhost:5209/api/seguranca/distritos-proximos?ano=2026&atualizar=false - - -
info: Microsoft.AspNetCore.Cors.Infrastructure.CorsService[4]
      CORS policy execution successful.
info: Microsoft.AspNetCore.Routing.EndpointMiddleware[0]
      Executing endpoint 'HTTP: GET /api/seguranca/distritos-proximos'
info: Microsoft.AspNetCore.Http.Result.OkObjectResult[1]
      Setting HTTP status code 200.
info: Microsoft.AspNetCore.Http.Result.OkObjectResult[3]
      Writing value of type '<>f__AnonymousType17`5' as Json.
info: Microsoft.AspNetCore.Routing.EndpointMiddleware[1]
      Executed endpoint 'HTTP: GET /api/seguranca/distritos-proximos'
info: Microsoft.AspNetCore.Hosting.Diagnostics[2]
      Request finished HTTP/1.1 GET http://localhost:5209/api/seguranca/distritos-proximos?ano=2026&atualizar=false - 200 - application/json;+charset=utf-8 0.5506ms
info: Microsoft.AspNetCore.Hosting.Diagnostics[1]
      Request starting HTTP/1.1 GET http://localhost:5209/api/seguranca/distritos-proximos?ano=2026&atualizar=false - - -
info: Microsoft.AspNetCore.Cors.Infrastructure.CorsService[4]
      CORS policy execution successful.
info: Microsoft.AspNetCore.Routing.EndpointMiddleware[0]
      Executing endpoint 'HTTP: GET /api/seguranca/distritos-proximos'
info: Microsoft.AspNetCore.Http.Result.OkObjectResult[1]
      Setting HTTP status code 200.
info: Microsoft.AspNetCore.Http.Result.OkObjectResult[3]
      Writing value of type '<>f__AnonymousType17`5' as Json.
info: Microsoft.AspNetCore.Routing.EndpointMiddleware[1]
      Executed endpoint 'HTTP: GET /api/seguranca/distritos-proximos'
info: Microsoft.AspNetCore.Hosting.Diagnostics[2]
      Request finished HTTP/1.1 GET http://localhost:5209/api/seguranca/distritos-proximos?ano=2026&atualizar=false - 200 - application/json;+charset=utf-8 0.2994ms
info: Microsoft.AspNetCore.Hosting.Diagnostics[1]
      Request starting HTTP/1.1 GET http://localhost:5209/api/seguranca/distritos-proximos?ano=2026&atualizar=true - - -
info: Microsoft.AspNetCore.Cors.Infrastructure.CorsService[4]
      CORS policy execution successful.
info: Microsoft.AspNetCore.Routing.EndpointMiddleware[0]
      Executing endpoint 'HTTP: GET /api/seguranca/distritos-proximos'
info: System.Net.Http.HttpClient.SspSpCrimeService.LogicalHandler[100]
      Start processing HTTP request GET https://www.ssp.sp.gov.br/v1/Distritos/RecuperaDistritos
info: System.Net.Http.HttpClient.SspSpCrimeService.ClientHandler[100]
      Sending HTTP request GET https://www.ssp.sp.gov.br/v1/Distritos/RecuperaDistritos
info: System.Net.Http.HttpClient.SspSpCrimeService.ClientHandler[101]
      Received HTTP response headers after 107.698ms - 200
info: System.Net.Http.HttpClient.SspSpCrimeService.LogicalHandler[101]
      End processing HTTP request after 107.7615ms - 200
info: System.Net.Http.HttpClient.SspSpCrimeService.LogicalHandler[100]
      Start processing HTTP request GET https://www.ssp.sp.gov.br/v1/OcorrenciasMensais/RecuperaDadosMensaisAgrupados?*
info: System.Net.Http.HttpClient.SspSpCrimeService.ClientHandler[100]
      Sending HTTP request GET https://www.ssp.sp.gov.br/v1/OcorrenciasMensais/RecuperaDadosMensaisAgrupados?*
info: System.Net.Http.HttpClient.SspSpCrimeService.LogicalHandler[100]
      Start processing HTTP request GET https://www.ssp.sp.gov.br/v1/OcorrenciasMensais/RecuperaDadosMensaisAgrupados?*
info: System.Net.Http.HttpClient.SspSpCrimeService.ClientHandler[100]
      Sending HTTP request GET https://www.ssp.sp.gov.br/v1/OcorrenciasMensais/RecuperaDadosMensaisAgrupados?*
info: System.Net.Http.HttpClient.SspSpCrimeService.LogicalHandler[100]
      Start processing HTTP request GET https://www.ssp.sp.gov.br/v1/OcorrenciasMensais/RecuperaDadosMensaisAgrupados?*
info: System.Net.Http.HttpClient.SspSpCrimeService.ClientHandler[100]
      Sending HTTP request GET https://www.ssp.sp.gov.br/v1/OcorrenciasMensais/RecuperaDadosMensaisAgrupados?*
info: System.Net.Http.HttpClient.SspSpCrimeService.LogicalHandler[100]
      Start processing HTTP request GET https://www.ssp.sp.gov.br/v1/OcorrenciasMensais/RecuperaDadosMensaisAgrupados?*
info: System.Net.Http.HttpClient.SspSpCrimeService.ClientHandler[100]
      Sending HTTP request GET https://www.ssp.sp.gov.br/v1/OcorrenciasMensais/RecuperaDadosMensaisAgrupados?*
info: System.Net.Http.HttpClient.SspSpCrimeService.LogicalHandler[100]
      Start processing HTTP request GET https://www.ssp.sp.gov.br/v1/OcorrenciasMensais/RecuperaDadosMensaisAgrupados?*
info: System.Net.Http.HttpClient.SspSpCrimeService.ClientHandler[100]
      Sending HTTP request GET https://www.ssp.sp.gov.br/v1/OcorrenciasMensais/RecuperaDadosMensaisAgrupados?*
info: System.Net.Http.HttpClient.SspSpCrimeService.LogicalHandler[100]
      Start processing HTTP request GET https://www.ssp.sp.gov.br/v1/OcorrenciasMensais/RecuperaDadosMensaisAgrupados?*
info: System.Net.Http.HttpClient.SspSpCrimeService.ClientHandler[100]
      Sending HTTP request GET https://www.ssp.sp.gov.br/v1/OcorrenciasMensais/RecuperaDadosMensaisAgrupados?*
info: System.Net.Http.HttpClient.SspSpCrimeService.LogicalHandler[100]
      Start processing HTTP request GET https://www.ssp.sp.gov.br/v1/OcorrenciasMensais/RecuperaDadosMensaisAgrupados?*
info: System.Net.Http.HttpClient.SspSpCrimeService.ClientHandler[100]
      Sending HTTP request GET https://www.ssp.sp.gov.br/v1/OcorrenciasMensais/RecuperaDadosMensaisAgrupados?*
info: System.Net.Http.HttpClient.SspSpCrimeService.LogicalHandler[100]
      Start processing HTTP request GET https://www.ssp.sp.gov.br/v1/OcorrenciasMensais/RecuperaDadosMensaisAgrupados?*
info: System.Net.Http.HttpClient.SspSpCrimeService.ClientHandler[100]
      Sending HTTP request GET https://www.ssp.sp.gov.br/v1/OcorrenciasMensais/RecuperaDadosMensaisAgrupados?*
info: System.Net.Http.HttpClient.SspSpCrimeService.LogicalHandler[100]
      Start processing HTTP request GET https://www.ssp.sp.gov.br/v1/OcorrenciasMensais/RecuperaDadosMensaisAgrupados?*
info: System.Net.Http.HttpClient.SspSpCrimeService.ClientHandler[100]
      Sending HTTP request GET https://www.ssp.sp.gov.br/v1/OcorrenciasMensais/RecuperaDadosMensaisAgrupados?*
info: System.Net.Http.HttpClient.SspSpCrimeService.LogicalHandler[100]
      Start processing HTTP request GET https://www.ssp.sp.gov.br/v1/OcorrenciasMensais/RecuperaDadosMensaisAgrupados?*
info: System.Net.Http.HttpClient.SspSpCrimeService.ClientHandler[100]
      Sending HTTP request GET https://www.ssp.sp.gov.br/v1/OcorrenciasMensais/RecuperaDadosMensaisAgrupados?*
info: System.Net.Http.HttpClient.SspSpCrimeService.LogicalHandler[100]
      Start processing HTTP request GET https://www.ssp.sp.gov.br/v1/OcorrenciasMensais/RecuperaDadosMensaisAgrupados?*
info: System.Net.Http.HttpClient.SspSpCrimeService.ClientHandler[100]
      Sending HTTP request GET https://www.ssp.sp.gov.br/v1/OcorrenciasMensais/RecuperaDadosMensaisAgrupados?*
info: System.Net.Http.HttpClient.SspSpCrimeService.LogicalHandler[100]
      Start processing HTTP request GET https://www.ssp.sp.gov.br/v1/OcorrenciasMensais/RecuperaDadosMensaisAgrupados?*
info: System.Net.Http.HttpClient.SspSpCrimeService.ClientHandler[100]
      Sending HTTP request GET https://www.ssp.sp.gov.br/v1/OcorrenciasMensais/RecuperaDadosMensaisAgrupados?*
info: System.Net.Http.HttpClient.SspSpCrimeService.LogicalHandler[100]
      Start processing HTTP request GET https://www.ssp.sp.gov.br/v1/OcorrenciasMensais/RecuperaDadosMensaisAgrupados?*
info: System.Net.Http.HttpClient.SspSpCrimeService.ClientHandler[100]
      Sending HTTP request GET https://www.ssp.sp.gov.br/v1/OcorrenciasMensais/RecuperaDadosMensaisAgrupados?*
info: System.Net.Http.HttpClient.SspSpCrimeService.LogicalHandler[100]
      Start processing HTTP request GET https://www.ssp.sp.gov.br/v1/OcorrenciasMensais/RecuperaDadosMensaisAgrupados?*
info: System.Net.Http.HttpClient.SspSpCrimeService.ClientHandler[100]
      Sending HTTP request GET https://www.ssp.sp.gov.br/v1/OcorrenciasMensais/RecuperaDadosMensaisAgrupados?*
info: System.Net.Http.HttpClient.SspSpCrimeService.LogicalHandler[100]
      Start processing HTTP request GET https://www.ssp.sp.gov.br/v1/OcorrenciasMensais/RecuperaDadosMensaisAgrupados?*
info: System.Net.Http.HttpClient.SspSpCrimeService.ClientHandler[100]
      Sending HTTP request GET https://www.ssp.sp.gov.br/v1/OcorrenciasMensais/RecuperaDadosMensaisAgrupados?*
info: System.Net.Http.HttpClient.SspSpCrimeService.LogicalHandler[100]
      Start processing HTTP request GET https://www.ssp.sp.gov.br/v1/OcorrenciasMensais/RecuperaDadosMensaisAgrupados?*
info: System.Net.Http.HttpClient.SspSpCrimeService.ClientHandler[100]
      Sending HTTP request GET https://www.ssp.sp.gov.br/v1/OcorrenciasMensais/RecuperaDadosMensaisAgrupados?*
info: System.Net.Http.HttpClient.SspSpCrimeService.LogicalHandler[100]
      Start processing HTTP request GET https://www.ssp.sp.gov.br/v1/OcorrenciasMensais/RecuperaDadosMensaisAgrupados?*
info: System.Net.Http.HttpClient.SspSpCrimeService.ClientHandler[100]
      Sending HTTP request GET https://www.ssp.sp.gov.br/v1/OcorrenciasMensais/RecuperaDadosMensaisAgrupados?*
info: System.Net.Http.HttpClient.SspSpCrimeService.LogicalHandler[100]
      Start processing HTTP request GET https://www.ssp.sp.gov.br/v1/OcorrenciasMensais/RecuperaDadosMensaisAgrupados?*
info: System.Net.Http.HttpClient.SspSpCrimeService.ClientHandler[100]
      Sending HTTP request GET https://www.ssp.sp.gov.br/v1/OcorrenciasMensais/RecuperaDadosMensaisAgrupados?*
info: System.Net.Http.HttpClient.SspSpCrimeService.LogicalHandler[100]
      Start processing HTTP request GET https://www.ssp.sp.gov.br/v1/OcorrenciasMensais/RecuperaDadosMensaisAgrupados?*
info: System.Net.Http.HttpClient.SspSpCrimeService.ClientHandler[100]
      Sending HTTP request GET https://www.ssp.sp.gov.br/v1/OcorrenciasMensais/RecuperaDadosMensaisAgrupados?*
info: System.Net.Http.HttpClient.SspSpCrimeService.LogicalHandler[100]
      Start processing HTTP request GET https://www.ssp.sp.gov.br/v1/OcorrenciasMensais/RecuperaDadosMensaisAgrupados?*
info: System.Net.Http.HttpClient.SspSpCrimeService.ClientHandler[100]
      Sending HTTP request GET https://www.ssp.sp.gov.br/v1/OcorrenciasMensais/RecuperaDadosMensaisAgrupados?*
info: System.Net.Http.HttpClient.SspSpCrimeService.LogicalHandler[100]
      Start processing HTTP request GET https://www.ssp.sp.gov.br/v1/OcorrenciasMensais/RecuperaDadosMensaisAgrupados?*
info: System.Net.Http.HttpClient.SspSpCrimeService.ClientHandler[100]
      Sending HTTP request GET https://www.ssp.sp.gov.br/v1/OcorrenciasMensais/RecuperaDadosMensaisAgrupados?*
info: System.Net.Http.HttpClient.SspSpCrimeService.LogicalHandler[100]
      Start processing HTTP request GET https://www.ssp.sp.gov.br/v1/OcorrenciasMensais/RecuperaDadosMensaisAgrupados?*
info: System.Net.Http.HttpClient.SspSpCrimeService.ClientHandler[100]
      Sending HTTP request GET https://www.ssp.sp.gov.br/v1/OcorrenciasMensais/RecuperaDadosMensaisAgrupados?*
info: System.Net.Http.HttpClient.SspSpCrimeService.LogicalHandler[100]
      Start processing HTTP request GET https://www.ssp.sp.gov.br/v1/OcorrenciasMensais/RecuperaDadosMensaisAgrupados?*
info: System.Net.Http.HttpClient.SspSpCrimeService.ClientHandler[100]
      Sending HTTP request GET https://www.ssp.sp.gov.br/v1/OcorrenciasMensais/RecuperaDadosMensaisAgrupados?*
info: System.Net.Http.HttpClient.SspSpCrimeService.LogicalHandler[100]
      Start processing HTTP request GET https://www.ssp.sp.gov.br/v1/OcorrenciasMensais/RecuperaDadosMensaisAgrupados?*
info: System.Net.Http.HttpClient.SspSpCrimeService.ClientHandler[100]
      Sending HTTP request GET https://www.ssp.sp.gov.br/v1/OcorrenciasMensais/RecuperaDadosMensaisAgrupados?*
info: System.Net.Http.HttpClient.SspSpCrimeService.LogicalHandler[100]
      Start processing HTTP request GET https://www.ssp.sp.gov.br/v1/OcorrenciasMensais/RecuperaDadosMensaisAgrupados?*
info: System.Net.Http.HttpClient.SspSpCrimeService.ClientHandler[100]
      Sending HTTP request GET https://www.ssp.sp.gov.br/v1/OcorrenciasMensais/RecuperaDadosMensaisAgrupados?*
info: System.Net.Http.HttpClient.SspSpCrimeService.LogicalHandler[100]
      Start processing HTTP request GET https://www.ssp.sp.gov.br/v1/OcorrenciasMensais/RecuperaDadosMensaisAgrupados?*
info: System.Net.Http.HttpClient.SspSpCrimeService.ClientHandler[100]
      Sending HTTP request GET https://www.ssp.sp.gov.br/v1/OcorrenciasMensais/RecuperaDadosMensaisAgrupados?*
info: System.Net.Http.HttpClient.SspSpCrimeService.LogicalHandler[100]
      Start processing HTTP request GET https://www.ssp.sp.gov.br/v1/OcorrenciasMensais/RecuperaDadosMensaisAgrupados?*
info: System.Net.Http.HttpClient.SspSpCrimeService.ClientHandler[100]
      Sending HTTP request GET https://www.ssp.sp.gov.br/v1/OcorrenciasMensais/RecuperaDadosMensaisAgrupados?*
info: System.Net.Http.HttpClient.SspSpCrimeService.LogicalHandler[100]
      Start processing HTTP request GET https://www.ssp.sp.gov.br/v1/OcorrenciasMensais/RecuperaDadosMensaisAgrupados?*
info: System.Net.Http.HttpClient.SspSpCrimeService.ClientHandler[100]
      Sending HTTP request GET https://www.ssp.sp.gov.br/v1/OcorrenciasMensais/RecuperaDadosMensaisAgrupados?*
info: System.Net.Http.HttpClient.SspSpCrimeService.LogicalHandler[100]
      Start processing HTTP request GET https://www.ssp.sp.gov.br/v1/OcorrenciasMensais/RecuperaDadosMensaisAgrupados?*
info: System.Net.Http.HttpClient.SspSpCrimeService.ClientHandler[100]
      Sending HTTP request GET https://www.ssp.sp.gov.br/v1/OcorrenciasMensais/RecuperaDadosMensaisAgrupados?*
info: System.Net.Http.HttpClient.SspSpCrimeService.LogicalHandler[100]
      Start processing HTTP request GET https://www.ssp.sp.gov.br/v1/OcorrenciasMensais/RecuperaDadosMensaisAgrupados?*
info: System.Net.Http.HttpClient.SspSpCrimeService.ClientHandler[100]
      Sending HTTP request GET https://www.ssp.sp.gov.br/v1/OcorrenciasMensais/RecuperaDadosMensaisAgrupados?*
info: System.Net.Http.HttpClient.SspSpCrimeService.LogicalHandler[100]
      Start processing HTTP request GET https://www.ssp.sp.gov.br/v1/OcorrenciasMensais/RecuperaDadosMensaisAgrupados?*
info: System.Net.Http.HttpClient.SspSpCrimeService.ClientHandler[100]
      Sending HTTP request GET https://www.ssp.sp.gov.br/v1/OcorrenciasMensais/RecuperaDadosMensaisAgrupados?*
info: System.Net.Http.HttpClient.SspSpCrimeService.LogicalHandler[100]
      Start processing HTTP request GET https://www.ssp.sp.gov.br/v1/OcorrenciasMensais/RecuperaDadosMensaisAgrupados?*
info: System.Net.Http.HttpClient.SspSpCrimeService.ClientHandler[100]
      Sending HTTP request GET https://www.ssp.sp.gov.br/v1/OcorrenciasMensais/RecuperaDadosMensaisAgrupados?*
info: System.Net.Http.HttpClient.SspSpCrimeService.ClientHandler[101]
      Received HTTP response headers after 153.4877ms - 200
info: System.Net.Http.HttpClient.SspSpCrimeService.LogicalHandler[101]
      End processing HTTP request after 153.5446ms - 200
info: System.Net.Http.HttpClient.SspSpCrimeService.ClientHandler[101]
      Received HTTP response headers after 187.3492ms - 200
info: System.Net.Http.HttpClient.SspSpCrimeService.LogicalHandler[101]
      End processing HTTP request after 187.3767ms - 200
info: System.Net.Http.HttpClient.SspSpCrimeService.ClientHandler[101]
      Received HTTP response headers after 353.2487ms - 200
info: System.Net.Http.HttpClient.SspSpCrimeService.LogicalHandler[101]
      End processing HTTP request after 353.296ms - 200
info: System.Net.Http.HttpClient.SspSpCrimeService.ClientHandler[101]
      Received HTTP response headers after 353.4828ms - 200
info: System.Net.Http.HttpClient.SspSpCrimeService.LogicalHandler[101]
      End processing HTTP request after 353.565ms - 200
info: System.Net.Http.HttpClient.SspSpCrimeService.ClientHandler[101]
      Received HTTP response headers after 392.3914ms - 200
info: System.Net.Http.HttpClient.SspSpCrimeService.LogicalHandler[101]
      End processing HTTP request after 392.4313ms - 200
info: System.Net.Http.HttpClient.SspSpCrimeService.ClientHandler[101]
      Received HTTP response headers after 452.4597ms - 200
info: System.Net.Http.HttpClient.SspSpCrimeService.LogicalHandler[101]
      End processing HTTP request after 452.5175ms - 200
info: System.Net.Http.HttpClient.SspSpCrimeService.ClientHandler[101]
      Received HTTP response headers after 458.5908ms - 200
info: System.Net.Http.HttpClient.SspSpCrimeService.LogicalHandler[101]
      End processing HTTP request after 458.6331ms - 200
info: System.Net.Http.HttpClient.SspSpCrimeService.ClientHandler[101]
      Received HTTP response headers after 563.3319ms - 200
info: System.Net.Http.HttpClient.SspSpCrimeService.LogicalHandler[101]
      End processing HTTP request after 563.3657ms - 200
info: System.Net.Http.HttpClient.SspSpCrimeService.ClientHandler[101]
      Received HTTP response headers after 634.6102ms - 200
info: System.Net.Http.HttpClient.SspSpCrimeService.LogicalHandler[101]
      End processing HTTP request after 634.6425ms - 200
info: System.Net.Http.HttpClient.SspSpCrimeService.ClientHandler[101]
      Received HTTP response headers after 635.4944ms - 200
info: System.Net.Http.HttpClient.SspSpCrimeService.LogicalHandler[101]
      End processing HTTP request after 635.5038ms - 200
info: System.Net.Http.HttpClient.SspSpCrimeService.ClientHandler[101]
      Received HTTP response headers after 637.1424ms - 200
info: System.Net.Http.HttpClient.SspSpCrimeService.LogicalHandler[101]
      End processing HTTP request after 637.167ms - 200
info: System.Net.Http.HttpClient.SspSpCrimeService.ClientHandler[101]
      Received HTTP response headers after 638.6105ms - 200
info: System.Net.Http.HttpClient.SspSpCrimeService.LogicalHandler[101]
      End processing HTTP request after 638.6185ms - 200
info: System.Net.Http.HttpClient.SspSpCrimeService.ClientHandler[101]
      Received HTTP response headers after 640.9199ms - 200
info: System.Net.Http.HttpClient.SspSpCrimeService.LogicalHandler[101]
      End processing HTTP request after 640.9298ms - 200
info: System.Net.Http.HttpClient.SspSpCrimeService.ClientHandler[101]
      Received HTTP response headers after 704.4277ms - 200
info: System.Net.Http.HttpClient.SspSpCrimeService.LogicalHandler[101]
      End processing HTTP request after 704.4577ms - 200
info: System.Net.Http.HttpClient.SspSpCrimeService.ClientHandler[101]
      Received HTTP response headers after 741.0764ms - 200
info: System.Net.Http.HttpClient.SspSpCrimeService.LogicalHandler[101]
      End processing HTTP request after 741.1155ms - 200
info: System.Net.Http.HttpClient.SspSpCrimeService.ClientHandler[101]
      Received HTTP response headers after 770.4853ms - 200
info: System.Net.Http.HttpClient.SspSpCrimeService.LogicalHandler[101]
      End processing HTTP request after 770.509ms - 200
info: System.Net.Http.HttpClient.SspSpCrimeService.ClientHandler[101]
      Received HTTP response headers after 778.5367ms - 200
info: System.Net.Http.HttpClient.SspSpCrimeService.LogicalHandler[101]
      End processing HTTP request after 778.5639ms - 200
info: System.Net.Http.HttpClient.SspSpCrimeService.ClientHandler[101]
      Received HTTP response headers after 781.5218ms - 200
info: System.Net.Http.HttpClient.SspSpCrimeService.LogicalHandler[101]
      End processing HTTP request after 781.5378ms - 200
info: System.Net.Http.HttpClient.SspSpCrimeService.ClientHandler[101]
      Received HTTP response headers after 1025.5583ms - 200
info: System.Net.Http.HttpClient.SspSpCrimeService.LogicalHandler[101]
      End processing HTTP request after 1025.6057ms - 200
info: System.Net.Http.HttpClient.SspSpCrimeService.ClientHandler[101]
      Received HTTP response headers after 1032.7105ms - 200
info: System.Net.Http.HttpClient.SspSpCrimeService.LogicalHandler[101]
      End processing HTTP request after 1032.7434ms - 200
info: System.Net.Http.HttpClient.SspSpCrimeService.ClientHandler[101]
      Received HTTP response headers after 1060.691ms - 200
info: System.Net.Http.HttpClient.SspSpCrimeService.LogicalHandler[101]
      End processing HTTP request after 1060.7259ms - 200
info: System.Net.Http.HttpClient.SspSpCrimeService.ClientHandler[101]
      Received HTTP response headers after 1096.8035ms - 200
info: System.Net.Http.HttpClient.SspSpCrimeService.LogicalHandler[101]
      End processing HTTP request after 1096.8634ms - 200
info: System.Net.Http.HttpClient.SspSpCrimeService.ClientHandler[101]
      Received HTTP response headers after 1123.2558ms - 200
info: System.Net.Http.HttpClient.SspSpCrimeService.LogicalHandler[101]
      End processing HTTP request after 1123.2955ms - 200
info: System.Net.Http.HttpClient.SspSpCrimeService.ClientHandler[101]
      Received HTTP response headers after 1126.3512ms - 200
info: System.Net.Http.HttpClient.SspSpCrimeService.LogicalHandler[101]
      End processing HTTP request after 1126.3801ms - 200
info: System.Net.Http.HttpClient.SspSpCrimeService.ClientHandler[101]
      Received HTTP response headers after 1126.9137ms - 200
info: System.Net.Http.HttpClient.SspSpCrimeService.LogicalHandler[101]
      End processing HTTP request after 1126.928ms - 200
info: System.Net.Http.HttpClient.SspSpCrimeService.ClientHandler[101]
      Received HTTP response headers after 1134.1536ms - 200
info: System.Net.Http.HttpClient.SspSpCrimeService.LogicalHandler[101]
      End processing HTTP request after 1134.183ms - 200
info: System.Net.Http.HttpClient.SspSpCrimeService.ClientHandler[101]
      Received HTTP response headers after 1197.1534ms - 200
info: System.Net.Http.HttpClient.SspSpCrimeService.LogicalHandler[101]
      End processing HTTP request after 1197.2026ms - 200
info: System.Net.Http.HttpClient.SspSpCrimeService.ClientHandler[101]
      Received HTTP response headers after 1201.4418ms - 200
info: System.Net.Http.HttpClient.SspSpCrimeService.LogicalHandler[101]
      End processing HTTP request after 1201.4595ms - 200
info: System.Net.Http.HttpClient.SspSpCrimeService.ClientHandler[101]
      Received HTTP response headers after 1202.3256ms - 200
info: System.Net.Http.HttpClient.SspSpCrimeService.LogicalHandler[101]
      End processing HTTP request after 1202.3538ms - 200
info: System.Net.Http.HttpClient.SspSpCrimeService.ClientHandler[101]
      Received HTTP response headers after 1203.9789ms - 200
info: System.Net.Http.HttpClient.SspSpCrimeService.LogicalHandler[101]
      End processing HTTP request after 1203.9943ms - 200
info: System.Net.Http.HttpClient.SspSpCrimeService.ClientHandler[101]
      Received HTTP response headers after 1237.6908ms - 200
info: System.Net.Http.HttpClient.SspSpCrimeService.LogicalHandler[101]
      End processing HTTP request after 1237.7224ms - 200
info: System.Net.Http.HttpClient.SspSpCrimeService.ClientHandler[101]
      Received HTTP response headers after 1239.1756ms - 200
info: System.Net.Http.HttpClient.SspSpCrimeService.LogicalHandler[101]
      End processing HTTP request after 1239.1952ms - 200
info: Microsoft.AspNetCore.Http.Result.OkObjectResult[1]
      Setting HTTP status code 200.
info: Microsoft.AspNetCore.Http.Result.OkObjectResult[3]
      Writing value of type '<>f__AnonymousType17`5' as Json.
info: Microsoft.AspNetCore.Routing.EndpointMiddleware[1]
      Executed endpoint 'HTTP: GET /api/seguranca/distritos-proximos'
info: Microsoft.AspNetCore.Hosting.Diagnostics[2]
      Request finished HTTP/1.1 GET http://localhost:5209/api/seguranca/distritos-proximos?ano=2026&atualizar=true - 200 - application/json;+charset=utf-8 1383.2492ms
info: Microsoft.AspNetCore.Hosting.Diagnostics[1]
      Request starting HTTP/1.1 GET http://localhost:5209/api/seguranca/distritos-proximos?ano=2026&atualizar=true - - -
info: Microsoft.AspNetCore.Cors.Infrastructure.CorsService[4]
      CORS policy execution successful.
info: Microsoft.AspNetCore.Routing.EndpointMiddleware[0]
      Executing endpoint 'HTTP: GET /api/seguranca/distritos-proximos'
info: System.Net.Http.HttpClient.SspSpCrimeService.LogicalHandler[100]
      Start processing HTTP request GET https://www.ssp.sp.gov.br/v1/Distritos/RecuperaDistritos
info: System.Net.Http.HttpClient.SspSpCrimeService.ClientHandler[100]
      Sending HTTP request GET https://www.ssp.sp.gov.br/v1/Distritos/RecuperaDistritos
info: System.Net.Http.HttpClient.SspSpCrimeService.ClientHandler[101]
      Received HTTP response headers after 71.403ms - 200
info: System.Net.Http.HttpClient.SspSpCrimeService.LogicalHandler[101]
      End processing HTTP request after 71.4672ms - 200
info: System.Net.Http.HttpClient.SspSpCrimeService.LogicalHandler[100]
      Start processing HTTP request GET https://www.ssp.sp.gov.br/v1/OcorrenciasMensais/RecuperaDadosMensaisAgrupados?*
info: System.Net.Http.HttpClient.SspSpCrimeService.ClientHandler[100]
      Sending HTTP request GET https://www.ssp.sp.gov.br/v1/OcorrenciasMensais/RecuperaDadosMensaisAgrupados?*
info: System.Net.Http.HttpClient.SspSpCrimeService.LogicalHandler[100]
      Start processing HTTP request GET https://www.ssp.sp.gov.br/v1/OcorrenciasMensais/RecuperaDadosMensaisAgrupados?*
info: System.Net.Http.HttpClient.SspSpCrimeService.ClientHandler[100]
      Sending HTTP request GET https://www.ssp.sp.gov.br/v1/OcorrenciasMensais/RecuperaDadosMensaisAgrupados?*
info: System.Net.Http.HttpClient.SspSpCrimeService.LogicalHandler[100]
      Start processing HTTP request GET https://www.ssp.sp.gov.br/v1/OcorrenciasMensais/RecuperaDadosMensaisAgrupados?*
info: System.Net.Http.HttpClient.SspSpCrimeService.ClientHandler[100]
      Sending HTTP request GET https://www.ssp.sp.gov.br/v1/OcorrenciasMensais/RecuperaDadosMensaisAgrupados?*
info: System.Net.Http.HttpClient.SspSpCrimeService.LogicalHandler[100]
      Start processing HTTP request GET https://www.ssp.sp.gov.br/v1/OcorrenciasMensais/RecuperaDadosMensaisAgrupados?*
info: System.Net.Http.HttpClient.SspSpCrimeService.ClientHandler[100]
      Sending HTTP request GET https://www.ssp.sp.gov.br/v1/OcorrenciasMensais/RecuperaDadosMensaisAgrupados?*
info: System.Net.Http.HttpClient.SspSpCrimeService.LogicalHandler[100]
      Start processing HTTP request GET https://www.ssp.sp.gov.br/v1/OcorrenciasMensais/RecuperaDadosMensaisAgrupados?*
info: System.Net.Http.HttpClient.SspSpCrimeService.ClientHandler[100]
      Sending HTTP request GET https://www.ssp.sp.gov.br/v1/OcorrenciasMensais/RecuperaDadosMensaisAgrupados?*
info: System.Net.Http.HttpClient.SspSpCrimeService.LogicalHandler[100]
      Start processing HTTP request GET https://www.ssp.sp.gov.br/v1/OcorrenciasMensais/RecuperaDadosMensaisAgrupados?*
info: System.Net.Http.HttpClient.SspSpCrimeService.ClientHandler[100]
      Sending HTTP request GET https://www.ssp.sp.gov.br/v1/OcorrenciasMensais/RecuperaDadosMensaisAgrupados?*
info: System.Net.Http.HttpClient.SspSpCrimeService.LogicalHandler[100]
      Start processing HTTP request GET https://www.ssp.sp.gov.br/v1/OcorrenciasMensais/RecuperaDadosMensaisAgrupados?*
info: System.Net.Http.HttpClient.SspSpCrimeService.ClientHandler[100]
      Sending HTTP request GET https://www.ssp.sp.gov.br/v1/OcorrenciasMensais/RecuperaDadosMensaisAgrupados?*
info: System.Net.Http.HttpClient.SspSpCrimeService.LogicalHandler[100]
      Start processing HTTP request GET https://www.ssp.sp.gov.br/v1/OcorrenciasMensais/RecuperaDadosMensaisAgrupados?*
info: System.Net.Http.HttpClient.SspSpCrimeService.ClientHandler[100]
      Sending HTTP request GET https://www.ssp.sp.gov.br/v1/OcorrenciasMensais/RecuperaDadosMensaisAgrupados?*
info: System.Net.Http.HttpClient.SspSpCrimeService.LogicalHandler[100]
      Start processing HTTP request GET https://www.ssp.sp.gov.br/v1/OcorrenciasMensais/RecuperaDadosMensaisAgrupados?*
info: System.Net.Http.HttpClient.SspSpCrimeService.ClientHandler[100]
      Sending HTTP request GET https://www.ssp.sp.gov.br/v1/OcorrenciasMensais/RecuperaDadosMensaisAgrupados?*
info: System.Net.Http.HttpClient.SspSpCrimeService.LogicalHandler[100]
      Start processing HTTP request GET https://www.ssp.sp.gov.br/v1/OcorrenciasMensais/RecuperaDadosMensaisAgrupados?*
info: System.Net.Http.HttpClient.SspSpCrimeService.ClientHandler[100]
      Sending HTTP request GET https://www.ssp.sp.gov.br/v1/OcorrenciasMensais/RecuperaDadosMensaisAgrupados?*
info: System.Net.Http.HttpClient.SspSpCrimeService.LogicalHandler[100]
      Start processing HTTP request GET https://www.ssp.sp.gov.br/v1/OcorrenciasMensais/RecuperaDadosMensaisAgrupados?*
info: System.Net.Http.HttpClient.SspSpCrimeService.ClientHandler[100]
      Sending HTTP request GET https://www.ssp.sp.gov.br/v1/OcorrenciasMensais/RecuperaDadosMensaisAgrupados?*
info: System.Net.Http.HttpClient.SspSpCrimeService.LogicalHandler[100]
      Start processing HTTP request GET https://www.ssp.sp.gov.br/v1/OcorrenciasMensais/RecuperaDadosMensaisAgrupados?*
info: System.Net.Http.HttpClient.SspSpCrimeService.ClientHandler[100]
      Sending HTTP request GET https://www.ssp.sp.gov.br/v1/OcorrenciasMensais/RecuperaDadosMensaisAgrupados?*
info: System.Net.Http.HttpClient.SspSpCrimeService.LogicalHandler[100]
      Start processing HTTP request GET https://www.ssp.sp.gov.br/v1/OcorrenciasMensais/RecuperaDadosMensaisAgrupados?*
info: System.Net.Http.HttpClient.SspSpCrimeService.ClientHandler[100]
      Sending HTTP request GET https://www.ssp.sp.gov.br/v1/OcorrenciasMensais/RecuperaDadosMensaisAgrupados?*
info: System.Net.Http.HttpClient.SspSpCrimeService.LogicalHandler[100]
      Start processing HTTP request GET https://www.ssp.sp.gov.br/v1/OcorrenciasMensais/RecuperaDadosMensaisAgrupados?*
info: System.Net.Http.HttpClient.SspSpCrimeService.ClientHandler[100]
      Sending HTTP request GET https://www.ssp.sp.gov.br/v1/OcorrenciasMensais/RecuperaDadosMensaisAgrupados?*
info: System.Net.Http.HttpClient.SspSpCrimeService.LogicalHandler[100]
      Start processing HTTP request GET https://www.ssp.sp.gov.br/v1/OcorrenciasMensais/RecuperaDadosMensaisAgrupados?*
info: System.Net.Http.HttpClient.SspSpCrimeService.ClientHandler[100]
      Sending HTTP request GET https://www.ssp.sp.gov.br/v1/OcorrenciasMensais/RecuperaDadosMensaisAgrupados?*
info: System.Net.Http.HttpClient.SspSpCrimeService.LogicalHandler[100]
      Start processing HTTP request GET https://www.ssp.sp.gov.br/v1/OcorrenciasMensais/RecuperaDadosMensaisAgrupados?*
info: System.Net.Http.HttpClient.SspSpCrimeService.ClientHandler[100]
      Sending HTTP request GET https://www.ssp.sp.gov.br/v1/OcorrenciasMensais/RecuperaDadosMensaisAgrupados?*
info: System.Net.Http.HttpClient.SspSpCrimeService.LogicalHandler[100]
      Start processing HTTP request GET https://www.ssp.sp.gov.br/v1/OcorrenciasMensais/RecuperaDadosMensaisAgrupados?*
info: System.Net.Http.HttpClient.SspSpCrimeService.ClientHandler[100]
      Sending HTTP request GET https://www.ssp.sp.gov.br/v1/OcorrenciasMensais/RecuperaDadosMensaisAgrupados?*
info: System.Net.Http.HttpClient.SspSpCrimeService.LogicalHandler[100]
      Start processing HTTP request GET https://www.ssp.sp.gov.br/v1/OcorrenciasMensais/RecuperaDadosMensaisAgrupados?*
info: System.Net.Http.HttpClient.SspSpCrimeService.ClientHandler[100]
      Sending HTTP request GET https://www.ssp.sp.gov.br/v1/OcorrenciasMensais/RecuperaDadosMensaisAgrupados?*
info: System.Net.Http.HttpClient.SspSpCrimeService.LogicalHandler[100]
      Start processing HTTP request GET https://www.ssp.sp.gov.br/v1/OcorrenciasMensais/RecuperaDadosMensaisAgrupados?*
info: System.Net.Http.HttpClient.SspSpCrimeService.ClientHandler[100]
      Sending HTTP request GET https://www.ssp.sp.gov.br/v1/OcorrenciasMensais/RecuperaDadosMensaisAgrupados?*
info: System.Net.Http.HttpClient.SspSpCrimeService.LogicalHandler[100]
      Start processing HTTP request GET https://www.ssp.sp.gov.br/v1/OcorrenciasMensais/RecuperaDadosMensaisAgrupados?*
info: System.Net.Http.HttpClient.SspSpCrimeService.ClientHandler[100]
      Sending HTTP request GET https://www.ssp.sp.gov.br/v1/OcorrenciasMensais/RecuperaDadosMensaisAgrupados?*
info: System.Net.Http.HttpClient.SspSpCrimeService.LogicalHandler[100]
      Start processing HTTP request GET https://www.ssp.sp.gov.br/v1/OcorrenciasMensais/RecuperaDadosMensaisAgrupados?*
info: System.Net.Http.HttpClient.SspSpCrimeService.ClientHandler[100]
      Sending HTTP request GET https://www.ssp.sp.gov.br/v1/OcorrenciasMensais/RecuperaDadosMensaisAgrupados?*
info: System.Net.Http.HttpClient.SspSpCrimeService.LogicalHandler[100]
      Start processing HTTP request GET https://www.ssp.sp.gov.br/v1/OcorrenciasMensais/RecuperaDadosMensaisAgrupados?*
info: System.Net.Http.HttpClient.SspSpCrimeService.ClientHandler[100]
      Sending HTTP request GET https://www.ssp.sp.gov.br/v1/OcorrenciasMensais/RecuperaDadosMensaisAgrupados?*
info: System.Net.Http.HttpClient.SspSpCrimeService.LogicalHandler[100]
      Start processing HTTP request GET https://www.ssp.sp.gov.br/v1/OcorrenciasMensais/RecuperaDadosMensaisAgrupados?*
info: System.Net.Http.HttpClient.SspSpCrimeService.ClientHandler[100]
      Sending HTTP request GET https://www.ssp.sp.gov.br/v1/OcorrenciasMensais/RecuperaDadosMensaisAgrupados?*
info: System.Net.Http.HttpClient.SspSpCrimeService.LogicalHandler[100]
      Start processing HTTP request GET https://www.ssp.sp.gov.br/v1/OcorrenciasMensais/RecuperaDadosMensaisAgrupados?*
info: System.Net.Http.HttpClient.SspSpCrimeService.ClientHandler[100]
      Sending HTTP request GET https://www.ssp.sp.gov.br/v1/OcorrenciasMensais/RecuperaDadosMensaisAgrupados?*
info: System.Net.Http.HttpClient.SspSpCrimeService.LogicalHandler[100]
      Start processing HTTP request GET https://www.ssp.sp.gov.br/v1/OcorrenciasMensais/RecuperaDadosMensaisAgrupados?*
info: System.Net.Http.HttpClient.SspSpCrimeService.ClientHandler[100]
      Sending HTTP request GET https://www.ssp.sp.gov.br/v1/OcorrenciasMensais/RecuperaDadosMensaisAgrupados?*
info: System.Net.Http.HttpClient.SspSpCrimeService.LogicalHandler[100]
      Start processing HTTP request GET https://www.ssp.sp.gov.br/v1/OcorrenciasMensais/RecuperaDadosMensaisAgrupados?*
info: System.Net.Http.HttpClient.SspSpCrimeService.ClientHandler[100]
      Sending HTTP request GET https://www.ssp.sp.gov.br/v1/OcorrenciasMensais/RecuperaDadosMensaisAgrupados?*
info: System.Net.Http.HttpClient.SspSpCrimeService.LogicalHandler[100]
      Start processing HTTP request GET https://www.ssp.sp.gov.br/v1/OcorrenciasMensais/RecuperaDadosMensaisAgrupados?*
info: System.Net.Http.HttpClient.SspSpCrimeService.ClientHandler[100]
      Sending HTTP request GET https://www.ssp.sp.gov.br/v1/OcorrenciasMensais/RecuperaDadosMensaisAgrupados?*
info: System.Net.Http.HttpClient.SspSpCrimeService.LogicalHandler[100]
      Start processing HTTP request GET https://www.ssp.sp.gov.br/v1/OcorrenciasMensais/RecuperaDadosMensaisAgrupados?*
info: System.Net.Http.HttpClient.SspSpCrimeService.ClientHandler[100]
      Sending HTTP request GET https://www.ssp.sp.gov.br/v1/OcorrenciasMensais/RecuperaDadosMensaisAgrupados?*
info: System.Net.Http.HttpClient.SspSpCrimeService.LogicalHandler[100]
      Start processing HTTP request GET https://www.ssp.sp.gov.br/v1/OcorrenciasMensais/RecuperaDadosMensaisAgrupados?*
info: System.Net.Http.HttpClient.SspSpCrimeService.ClientHandler[100]
      Sending HTTP request GET https://www.ssp.sp.gov.br/v1/OcorrenciasMensais/RecuperaDadosMensaisAgrupados?*
info: System.Net.Http.HttpClient.SspSpCrimeService.LogicalHandler[100]
      Start processing HTTP request GET https://www.ssp.sp.gov.br/v1/OcorrenciasMensais/RecuperaDadosMensaisAgrupados?*
info: System.Net.Http.HttpClient.SspSpCrimeService.ClientHandler[100]
      Sending HTTP request GET https://www.ssp.sp.gov.br/v1/OcorrenciasMensais/RecuperaDadosMensaisAgrupados?*
info: System.Net.Http.HttpClient.SspSpCrimeService.LogicalHandler[100]
      Start processing HTTP request GET https://www.ssp.sp.gov.br/v1/OcorrenciasMensais/RecuperaDadosMensaisAgrupados?*
info: System.Net.Http.HttpClient.SspSpCrimeService.ClientHandler[100]
      Sending HTTP request GET https://www.ssp.sp.gov.br/v1/OcorrenciasMensais/RecuperaDadosMensaisAgrupados?*
info: System.Net.Http.HttpClient.SspSpCrimeService.LogicalHandler[100]
      Start processing HTTP request GET https://www.ssp.sp.gov.br/v1/OcorrenciasMensais/RecuperaDadosMensaisAgrupados?*
info: System.Net.Http.HttpClient.SspSpCrimeService.ClientHandler[100]
      Sending HTTP request GET https://www.ssp.sp.gov.br/v1/OcorrenciasMensais/RecuperaDadosMensaisAgrupados?*
info: System.Net.Http.HttpClient.SspSpCrimeService.ClientHandler[101]
      Received HTTP response headers after 143.3271ms - 200
info: System.Net.Http.HttpClient.SspSpCrimeService.LogicalHandler[101]
      End processing HTTP request after 143.3933ms - 200
info: System.Net.Http.HttpClient.SspSpCrimeService.ClientHandler[101]
      Received HTTP response headers after 197.2367ms - 200
info: System.Net.Http.HttpClient.SspSpCrimeService.LogicalHandler[101]
      End processing HTTP request after 197.275ms - 200
info: System.Net.Http.HttpClient.SspSpCrimeService.ClientHandler[101]
      Received HTTP response headers after 202.9168ms - 200
info: System.Net.Http.HttpClient.SspSpCrimeService.LogicalHandler[101]
      End processing HTTP request after 202.9487ms - 200
info: System.Net.Http.HttpClient.SspSpCrimeService.ClientHandler[101]
      Received HTTP response headers after 309.4402ms - 200
info: System.Net.Http.HttpClient.SspSpCrimeService.LogicalHandler[101]
      End processing HTTP request after 309.4803ms - 200
info: System.Net.Http.HttpClient.SspSpCrimeService.ClientHandler[101]
      Received HTTP response headers after 313.4605ms - 200
info: System.Net.Http.HttpClient.SspSpCrimeService.LogicalHandler[101]
      End processing HTTP request after 313.4914ms - 200
info: System.Net.Http.HttpClient.SspSpCrimeService.ClientHandler[101]
      Received HTTP response headers after 449.9607ms - 200
info: System.Net.Http.HttpClient.SspSpCrimeService.LogicalHandler[101]
      End processing HTTP request after 450.015ms - 200
info: System.Net.Http.HttpClient.SspSpCrimeService.ClientHandler[101]
      Received HTTP response headers after 455.2494ms - 200
info: System.Net.Http.HttpClient.SspSpCrimeService.LogicalHandler[101]
      End processing HTTP request after 455.286ms - 200
info: System.Net.Http.HttpClient.SspSpCrimeService.ClientHandler[101]
      Received HTTP response headers after 466.3465ms - 200
info: System.Net.Http.HttpClient.SspSpCrimeService.LogicalHandler[101]
      End processing HTTP request after 466.3904ms - 200
info: System.Net.Http.HttpClient.SspSpCrimeService.ClientHandler[101]
      Received HTTP response headers after 500.8064ms - 200
info: System.Net.Http.HttpClient.SspSpCrimeService.LogicalHandler[101]
      End processing HTTP request after 500.867ms - 200
info: System.Net.Http.HttpClient.SspSpCrimeService.ClientHandler[101]
      Received HTTP response headers after 500.8211ms - 200
info: System.Net.Http.HttpClient.SspSpCrimeService.LogicalHandler[101]
      End processing HTTP request after 500.8494ms - 200
info: System.Net.Http.HttpClient.SspSpCrimeService.ClientHandler[101]
      Received HTTP response headers after 638.6473ms - 200
info: System.Net.Http.HttpClient.SspSpCrimeService.LogicalHandler[101]
      End processing HTTP request after 638.6715ms - 200
info: System.Net.Http.HttpClient.SspSpCrimeService.ClientHandler[101]
      Received HTTP response headers after 641.7832ms - 200
info: System.Net.Http.HttpClient.SspSpCrimeService.LogicalHandler[101]
      End processing HTTP request after 641.8033ms - 200
info: System.Net.Http.HttpClient.SspSpCrimeService.ClientHandler[101]
      Received HTTP response headers after 761.8588ms - 200
info: System.Net.Http.HttpClient.SspSpCrimeService.LogicalHandler[101]
      End processing HTTP request after 761.914ms - 200
info: System.Net.Http.HttpClient.SspSpCrimeService.ClientHandler[101]
      Received HTTP response headers after 792.4299ms - 200
info: System.Net.Http.HttpClient.SspSpCrimeService.LogicalHandler[101]
      End processing HTTP request after 792.4957ms - 200
info: System.Net.Http.HttpClient.SspSpCrimeService.ClientHandler[101]
      Received HTTP response headers after 805.0036ms - 200
info: System.Net.Http.HttpClient.SspSpCrimeService.LogicalHandler[101]
      End processing HTTP request after 805.0375ms - 200
info: System.Net.Http.HttpClient.SspSpCrimeService.ClientHandler[101]
      Received HTTP response headers after 813.2461ms - 200
info: System.Net.Http.HttpClient.SspSpCrimeService.LogicalHandler[101]
      End processing HTTP request after 813.281ms - 200
info: System.Net.Http.HttpClient.SspSpCrimeService.ClientHandler[101]
      Received HTTP response headers after 814.4889ms - 200
info: System.Net.Http.HttpClient.SspSpCrimeService.LogicalHandler[101]
      End processing HTTP request after 814.5299ms - 200
info: System.Net.Http.HttpClient.SspSpCrimeService.ClientHandler[101]
      Received HTTP response headers after 870.1612ms - 200
info: System.Net.Http.HttpClient.SspSpCrimeService.LogicalHandler[101]
      End processing HTTP request after 870.1998ms - 200
info: System.Net.Http.HttpClient.SspSpCrimeService.ClientHandler[101]
      Received HTTP response headers after 874.4484ms - 200
info: System.Net.Http.HttpClient.SspSpCrimeService.LogicalHandler[101]
      End processing HTTP request after 874.4911ms - 200
info: System.Net.Http.HttpClient.SspSpCrimeService.ClientHandler[101]
      Received HTTP response headers after 940.2793ms - 200
info: System.Net.Http.HttpClient.SspSpCrimeService.LogicalHandler[101]
      End processing HTTP request after 940.3297ms - 200
info: System.Net.Http.HttpClient.SspSpCrimeService.ClientHandler[101]
      Received HTTP response headers after 941.7492ms - 200
info: System.Net.Http.HttpClient.SspSpCrimeService.LogicalHandler[101]
      End processing HTTP request after 941.7932ms - 200
info: System.Net.Http.HttpClient.SspSpCrimeService.ClientHandler[101]
      Received HTTP response headers after 942.0743ms - 200
info: System.Net.Http.HttpClient.SspSpCrimeService.LogicalHandler[101]
      End processing HTTP request after 942.1106ms - 200
info: System.Net.Http.HttpClient.SspSpCrimeService.ClientHandler[101]
      Received HTTP response headers after 966.7407ms - 200
info: System.Net.Http.HttpClient.SspSpCrimeService.LogicalHandler[101]
      End processing HTTP request after 966.7862ms - 200
info: System.Net.Http.HttpClient.SspSpCrimeService.ClientHandler[101]
      Received HTTP response headers after 1030.7023ms - 200
info: System.Net.Http.HttpClient.SspSpCrimeService.LogicalHandler[101]
      End processing HTTP request after 1030.7375ms - 200
info: System.Net.Http.HttpClient.SspSpCrimeService.ClientHandler[101]
      Received HTTP response headers after 1066.9564ms - 200
info: System.Net.Http.HttpClient.SspSpCrimeService.LogicalHandler[101]
      End processing HTTP request after 1067.002ms - 200
info: System.Net.Http.HttpClient.SspSpCrimeService.ClientHandler[101]
      Received HTTP response headers after 1086.6843ms - 200
info: System.Net.Http.HttpClient.SspSpCrimeService.LogicalHandler[101]
      End processing HTTP request after 1086.7327ms - 200
info: System.Net.Http.HttpClient.SspSpCrimeService.ClientHandler[101]
      Received HTTP response headers after 1093.6332ms - 200
info: System.Net.Http.HttpClient.SspSpCrimeService.LogicalHandler[101]
      End processing HTTP request after 1093.6657ms - 200
info: System.Net.Http.HttpClient.SspSpCrimeService.ClientHandler[101]
      Received HTTP response headers after 1126.152ms - 200
info: System.Net.Http.HttpClient.SspSpCrimeService.LogicalHandler[101]
      End processing HTTP request after 1126.1714ms - 200
info: System.Net.Http.HttpClient.SspSpCrimeService.ClientHandler[101]
      Received HTTP response headers after 1127.9908ms - 200
info: System.Net.Http.HttpClient.SspSpCrimeService.LogicalHandler[101]
      End processing HTTP request after 1128.0081ms - 200
info: System.Net.Http.HttpClient.SspSpCrimeService.ClientHandler[101]
      Received HTTP response headers after 1140.0157ms - 200
info: System.Net.Http.HttpClient.SspSpCrimeService.LogicalHandler[101]
      End processing HTTP request after 1140.0463ms - 200
info: System.Net.Http.HttpClient.SspSpCrimeService.ClientHandler[101]
      Received HTTP response headers after 1212.5374ms - 200
info: System.Net.Http.HttpClient.SspSpCrimeService.LogicalHandler[101]
      End processing HTTP request after 1212.5611ms - 200
info: System.Net.Http.HttpClient.SspSpCrimeService.ClientHandler[101]
      Received HTTP response headers after 1212.6841ms - 200
info: System.Net.Http.HttpClient.SspSpCrimeService.LogicalHandler[101]
      End processing HTTP request after 1212.7034ms - 200
info: Microsoft.AspNetCore.Http.Result.OkObjectResult[1]
      Setting HTTP status code 200.
info: Microsoft.AspNetCore.Http.Result.OkObjectResult[3]
      Writing value of type '<>f__AnonymousType17`5' as Json.
info: Microsoft.AspNetCore.Routing.EndpointMiddleware[1]
      Executed endpoint 'HTTP: GET /api/seguranca/distritos-proximos'
info: Microsoft.AspNetCore.Hosting.Diagnostics[2]
      Request finished HTTP/1.1 GET http://localhost:5209/api/seguranca/distritos-proximos?ano=2026&atualizar=true - 200 - application/json;+charset=utf-8 1317.2658ms
info: Microsoft.AspNetCore.Hosting.Diagnostics[1]
      Request starting HTTP/1.1 GET http://localhost:5209/api/seguranca/distritos-proximos?ano=2026&atualizar=true - - -
info: Microsoft.AspNetCore.Cors.Infrastructure.CorsService[4]
      CORS policy execution successful.
info: Microsoft.AspNetCore.Routing.EndpointMiddleware[0]
      Executing endpoint 'HTTP: GET /api/seguranca/distritos-proximos'
info: System.Net.Http.HttpClient.SspSpCrimeService.LogicalHandler[100]
      Start processing HTTP request GET https://www.ssp.sp.gov.br/v1/Distritos/RecuperaDistritos
info: System.Net.Http.HttpClient.SspSpCrimeService.ClientHandler[100]
      Sending HTTP request GET https://www.ssp.sp.gov.br/v1/Distritos/RecuperaDistritos
info: System.Net.Http.HttpClient.SspSpCrimeService.ClientHandler[101]
      Received HTTP response headers after 88.0147ms - 200
info: System.Net.Http.HttpClient.SspSpCrimeService.LogicalHandler[101]
      End processing HTTP request after 88.1185ms - 200
info: System.Net.Http.HttpClient.SspSpCrimeService.LogicalHandler[100]
      Start processing HTTP request GET https://www.ssp.sp.gov.br/v1/OcorrenciasMensais/RecuperaDadosMensaisAgrupados?*
info: System.Net.Http.HttpClient.SspSpCrimeService.ClientHandler[100]
      Sending HTTP request GET https://www.ssp.sp.gov.br/v1/OcorrenciasMensais/RecuperaDadosMensaisAgrupados?*
info: System.Net.Http.HttpClient.SspSpCrimeService.LogicalHandler[100]
      Start processing HTTP request GET https://www.ssp.sp.gov.br/v1/OcorrenciasMensais/RecuperaDadosMensaisAgrupados?*
info: System.Net.Http.HttpClient.SspSpCrimeService.ClientHandler[100]
      Sending HTTP request GET https://www.ssp.sp.gov.br/v1/OcorrenciasMensais/RecuperaDadosMensaisAgrupados?*
info: System.Net.Http.HttpClient.SspSpCrimeService.LogicalHandler[100]
      Start processing HTTP request GET https://www.ssp.sp.gov.br/v1/OcorrenciasMensais/RecuperaDadosMensaisAgrupados?*
info: System.Net.Http.HttpClient.SspSpCrimeService.ClientHandler[100]
      Sending HTTP request GET https://www.ssp.sp.gov.br/v1/OcorrenciasMensais/RecuperaDadosMensaisAgrupados?*
info: System.Net.Http.HttpClient.SspSpCrimeService.LogicalHandler[100]
      Start processing HTTP request GET https://www.ssp.sp.gov.br/v1/OcorrenciasMensais/RecuperaDadosMensaisAgrupados?*
info: System.Net.Http.HttpClient.SspSpCrimeService.ClientHandler[100]
      Sending HTTP request GET https://www.ssp.sp.gov.br/v1/OcorrenciasMensais/RecuperaDadosMensaisAgrupados?*
info: System.Net.Http.HttpClient.SspSpCrimeService.LogicalHandler[100]
      Start processing HTTP request GET https://www.ssp.sp.gov.br/v1/OcorrenciasMensais/RecuperaDadosMensaisAgrupados?*
info: System.Net.Http.HttpClient.SspSpCrimeService.ClientHandler[100]
      Sending HTTP request GET https://www.ssp.sp.gov.br/v1/OcorrenciasMensais/RecuperaDadosMensaisAgrupados?*
info: System.Net.Http.HttpClient.SspSpCrimeService.LogicalHandler[100]
      Start processing HTTP request GET https://www.ssp.sp.gov.br/v1/OcorrenciasMensais/RecuperaDadosMensaisAgrupados?*
info: System.Net.Http.HttpClient.SspSpCrimeService.ClientHandler[100]
      Sending HTTP request GET https://www.ssp.sp.gov.br/v1/OcorrenciasMensais/RecuperaDadosMensaisAgrupados?*
info: System.Net.Http.HttpClient.SspSpCrimeService.LogicalHandler[100]
      Start processing HTTP request GET https://www.ssp.sp.gov.br/v1/OcorrenciasMensais/RecuperaDadosMensaisAgrupados?*
info: System.Net.Http.HttpClient.SspSpCrimeService.ClientHandler[100]
      Sending HTTP request GET https://www.ssp.sp.gov.br/v1/OcorrenciasMensais/RecuperaDadosMensaisAgrupados?*
info: System.Net.Http.HttpClient.SspSpCrimeService.LogicalHandler[100]
      Start processing HTTP request GET https://www.ssp.sp.gov.br/v1/OcorrenciasMensais/RecuperaDadosMensaisAgrupados?*
info: System.Net.Http.HttpClient.SspSpCrimeService.ClientHandler[100]
      Sending HTTP request GET https://www.ssp.sp.gov.br/v1/OcorrenciasMensais/RecuperaDadosMensaisAgrupados?*
info: System.Net.Http.HttpClient.SspSpCrimeService.LogicalHandler[100]
      Start processing HTTP request GET https://www.ssp.sp.gov.br/v1/OcorrenciasMensais/RecuperaDadosMensaisAgrupados?*
info: System.Net.Http.HttpClient.SspSpCrimeService.ClientHandler[100]
      Sending HTTP request GET https://www.ssp.sp.gov.br/v1/OcorrenciasMensais/RecuperaDadosMensaisAgrupados?*
info: System.Net.Http.HttpClient.SspSpCrimeService.LogicalHandler[100]
      Start processing HTTP request GET https://www.ssp.sp.gov.br/v1/OcorrenciasMensais/RecuperaDadosMensaisAgrupados?*
info: System.Net.Http.HttpClient.SspSpCrimeService.ClientHandler[100]
      Sending HTTP request GET https://www.ssp.sp.gov.br/v1/OcorrenciasMensais/RecuperaDadosMensaisAgrupados?*
info: System.Net.Http.HttpClient.SspSpCrimeService.LogicalHandler[100]
      Start processing HTTP request GET https://www.ssp.sp.gov.br/v1/OcorrenciasMensais/RecuperaDadosMensaisAgrupados?*
info: System.Net.Http.HttpClient.SspSpCrimeService.ClientHandler[100]
      Sending HTTP request GET https://www.ssp.sp.gov.br/v1/OcorrenciasMensais/RecuperaDadosMensaisAgrupados?*
info: System.Net.Http.HttpClient.SspSpCrimeService.LogicalHandler[100]
      Start processing HTTP request GET https://www.ssp.sp.gov.br/v1/OcorrenciasMensais/RecuperaDadosMensaisAgrupados?*
info: System.Net.Http.HttpClient.SspSpCrimeService.ClientHandler[100]
      Sending HTTP request GET https://www.ssp.sp.gov.br/v1/OcorrenciasMensais/RecuperaDadosMensaisAgrupados?*
info: System.Net.Http.HttpClient.SspSpCrimeService.LogicalHandler[100]
      Start processing HTTP request GET https://www.ssp.sp.gov.br/v1/OcorrenciasMensais/RecuperaDadosMensaisAgrupados?*
info: System.Net.Http.HttpClient.SspSpCrimeService.ClientHandler[100]
      Sending HTTP request GET https://www.ssp.sp.gov.br/v1/OcorrenciasMensais/RecuperaDadosMensaisAgrupados?*
info: System.Net.Http.HttpClient.SspSpCrimeService.LogicalHandler[100]
      Start processing HTTP request GET https://www.ssp.sp.gov.br/v1/OcorrenciasMensais/RecuperaDadosMensaisAgrupados?*
info: System.Net.Http.HttpClient.SspSpCrimeService.ClientHandler[100]
      Sending HTTP request GET https://www.ssp.sp.gov.br/v1/OcorrenciasMensais/RecuperaDadosMensaisAgrupados?*
info: System.Net.Http.HttpClient.SspSpCrimeService.LogicalHandler[100]
      Start processing HTTP request GET https://www.ssp.sp.gov.br/v1/OcorrenciasMensais/RecuperaDadosMensaisAgrupados?*
info: System.Net.Http.HttpClient.SspSpCrimeService.ClientHandler[100]
      Sending HTTP request GET https://www.ssp.sp.gov.br/v1/OcorrenciasMensais/RecuperaDadosMensaisAgrupados?*
info: System.Net.Http.HttpClient.SspSpCrimeService.LogicalHandler[100]
      Start processing HTTP request GET https://www.ssp.sp.gov.br/v1/OcorrenciasMensais/RecuperaDadosMensaisAgrupados?*
info: System.Net.Http.HttpClient.SspSpCrimeService.ClientHandler[100]
      Sending HTTP request GET https://www.ssp.sp.gov.br/v1/OcorrenciasMensais/RecuperaDadosMensaisAgrupados?*
info: System.Net.Http.HttpClient.SspSpCrimeService.LogicalHandler[100]
      Start processing HTTP request GET https://www.ssp.sp.gov.br/v1/OcorrenciasMensais/RecuperaDadosMensaisAgrupados?*
info: System.Net.Http.HttpClient.SspSpCrimeService.ClientHandler[100]
      Sending HTTP request GET https://www.ssp.sp.gov.br/v1/OcorrenciasMensais/RecuperaDadosMensaisAgrupados?*
info: System.Net.Http.HttpClient.SspSpCrimeService.LogicalHandler[100]
      Start processing HTTP request GET https://www.ssp.sp.gov.br/v1/OcorrenciasMensais/RecuperaDadosMensaisAgrupados?*
info: System.Net.Http.HttpClient.SspSpCrimeService.ClientHandler[100]
      Sending HTTP request GET https://www.ssp.sp.gov.br/v1/OcorrenciasMensais/RecuperaDadosMensaisAgrupados?*
info: System.Net.Http.HttpClient.SspSpCrimeService.LogicalHandler[100]
      Start processing HTTP request GET https://www.ssp.sp.gov.br/v1/OcorrenciasMensais/RecuperaDadosMensaisAgrupados?*
info: System.Net.Http.HttpClient.SspSpCrimeService.ClientHandler[100]
      Sending HTTP request GET https://www.ssp.sp.gov.br/v1/OcorrenciasMensais/RecuperaDadosMensaisAgrupados?*
info: System.Net.Http.HttpClient.SspSpCrimeService.LogicalHandler[100]
      Start processing HTTP request GET https://www.ssp.sp.gov.br/v1/OcorrenciasMensais/RecuperaDadosMensaisAgrupados?*
info: System.Net.Http.HttpClient.SspSpCrimeService.ClientHandler[100]
      Sending HTTP request GET https://www.ssp.sp.gov.br/v1/OcorrenciasMensais/RecuperaDadosMensaisAgrupados?*
info: System.Net.Http.HttpClient.SspSpCrimeService.LogicalHandler[100]
      Start processing HTTP request GET https://www.ssp.sp.gov.br/v1/OcorrenciasMensais/RecuperaDadosMensaisAgrupados?*
info: System.Net.Http.HttpClient.SspSpCrimeService.ClientHandler[100]
      Sending HTTP request GET https://www.ssp.sp.gov.br/v1/OcorrenciasMensais/RecuperaDadosMensaisAgrupados?*
info: System.Net.Http.HttpClient.SspSpCrimeService.LogicalHandler[100]
      Start processing HTTP request GET https://www.ssp.sp.gov.br/v1/OcorrenciasMensais/RecuperaDadosMensaisAgrupados?*
info: System.Net.Http.HttpClient.SspSpCrimeService.ClientHandler[100]
      Sending HTTP request GET https://www.ssp.sp.gov.br/v1/OcorrenciasMensais/RecuperaDadosMensaisAgrupados?*
info: System.Net.Http.HttpClient.SspSpCrimeService.LogicalHandler[100]
      Start processing HTTP request GET https://www.ssp.sp.gov.br/v1/OcorrenciasMensais/RecuperaDadosMensaisAgrupados?*
info: System.Net.Http.HttpClient.SspSpCrimeService.ClientHandler[100]
      Sending HTTP request GET https://www.ssp.sp.gov.br/v1/OcorrenciasMensais/RecuperaDadosMensaisAgrupados?*
info: System.Net.Http.HttpClient.SspSpCrimeService.LogicalHandler[100]
      Start processing HTTP request GET https://www.ssp.sp.gov.br/v1/OcorrenciasMensais/RecuperaDadosMensaisAgrupados?*
info: System.Net.Http.HttpClient.SspSpCrimeService.ClientHandler[100]
      Sending HTTP request GET https://www.ssp.sp.gov.br/v1/OcorrenciasMensais/RecuperaDadosMensaisAgrupados?*
info: System.Net.Http.HttpClient.SspSpCrimeService.LogicalHandler[100]
      Start processing HTTP request GET https://www.ssp.sp.gov.br/v1/OcorrenciasMensais/RecuperaDadosMensaisAgrupados?*
info: System.Net.Http.HttpClient.SspSpCrimeService.ClientHandler[100]
      Sending HTTP request GET https://www.ssp.sp.gov.br/v1/OcorrenciasMensais/RecuperaDadosMensaisAgrupados?*
info: System.Net.Http.HttpClient.SspSpCrimeService.LogicalHandler[100]
      Start processing HTTP request GET https://www.ssp.sp.gov.br/v1/OcorrenciasMensais/RecuperaDadosMensaisAgrupados?*
info: System.Net.Http.HttpClient.SspSpCrimeService.ClientHandler[100]
      Sending HTTP request GET https://www.ssp.sp.gov.br/v1/OcorrenciasMensais/RecuperaDadosMensaisAgrupados?*
info: System.Net.Http.HttpClient.SspSpCrimeService.LogicalHandler[100]
      Start processing HTTP request GET https://www.ssp.sp.gov.br/v1/OcorrenciasMensais/RecuperaDadosMensaisAgrupados?*
info: System.Net.Http.HttpClient.SspSpCrimeService.ClientHandler[100]
      Sending HTTP request GET https://www.ssp.sp.gov.br/v1/OcorrenciasMensais/RecuperaDadosMensaisAgrupados?*
info: System.Net.Http.HttpClient.SspSpCrimeService.LogicalHandler[100]
      Start processing HTTP request GET https://www.ssp.sp.gov.br/v1/OcorrenciasMensais/RecuperaDadosMensaisAgrupados?*
info: System.Net.Http.HttpClient.SspSpCrimeService.ClientHandler[100]
      Sending HTTP request GET https://www.ssp.sp.gov.br/v1/OcorrenciasMensais/RecuperaDadosMensaisAgrupados?*
info: System.Net.Http.HttpClient.SspSpCrimeService.LogicalHandler[100]
      Start processing HTTP request GET https://www.ssp.sp.gov.br/v1/OcorrenciasMensais/RecuperaDadosMensaisAgrupados?*
info: System.Net.Http.HttpClient.SspSpCrimeService.ClientHandler[100]
      Sending HTTP request GET https://www.ssp.sp.gov.br/v1/OcorrenciasMensais/RecuperaDadosMensaisAgrupados?*
info: System.Net.Http.HttpClient.SspSpCrimeService.LogicalHandler[100]
      Start processing HTTP request GET https://www.ssp.sp.gov.br/v1/OcorrenciasMensais/RecuperaDadosMensaisAgrupados?*
info: System.Net.Http.HttpClient.SspSpCrimeService.ClientHandler[100]
      Sending HTTP request GET https://www.ssp.sp.gov.br/v1/OcorrenciasMensais/RecuperaDadosMensaisAgrupados?*
info: System.Net.Http.HttpClient.SspSpCrimeService.LogicalHandler[100]
      Start processing HTTP request GET https://www.ssp.sp.gov.br/v1/OcorrenciasMensais/RecuperaDadosMensaisAgrupados?*
info: System.Net.Http.HttpClient.SspSpCrimeService.ClientHandler[100]
      Sending HTTP request GET https://www.ssp.sp.gov.br/v1/OcorrenciasMensais/RecuperaDadosMensaisAgrupados?*
info: System.Net.Http.HttpClient.SspSpCrimeService.LogicalHandler[100]
      Start processing HTTP request GET https://www.ssp.sp.gov.br/v1/OcorrenciasMensais/RecuperaDadosMensaisAgrupados?*
info: System.Net.Http.HttpClient.SspSpCrimeService.ClientHandler[100]
      Sending HTTP request GET https://www.ssp.sp.gov.br/v1/OcorrenciasMensais/RecuperaDadosMensaisAgrupados?*
info: System.Net.Http.HttpClient.SspSpCrimeService.ClientHandler[101]
      Received HTTP response headers after 128.0446ms - 200
info: System.Net.Http.HttpClient.SspSpCrimeService.LogicalHandler[101]
      End processing HTTP request after 128.1242ms - 200
info: System.Net.Http.HttpClient.SspSpCrimeService.ClientHandler[101]
      Received HTTP response headers after 218.8501ms - 200
info: System.Net.Http.HttpClient.SspSpCrimeService.LogicalHandler[101]
      End processing HTTP request after 218.8973ms - 200
info: System.Net.Http.HttpClient.SspSpCrimeService.ClientHandler[101]
      Received HTTP response headers after 220.3454ms - 200
info: System.Net.Http.HttpClient.SspSpCrimeService.LogicalHandler[101]
      End processing HTTP request after 220.4243ms - 200
info: System.Net.Http.HttpClient.SspSpCrimeService.ClientHandler[101]
      Received HTTP response headers after 235.868ms - 200
info: System.Net.Http.HttpClient.SspSpCrimeService.LogicalHandler[101]
      End processing HTTP request after 235.9638ms - 200
info: System.Net.Http.HttpClient.SspSpCrimeService.ClientHandler[101]
      Received HTTP response headers after 454.0994ms - 200
info: System.Net.Http.HttpClient.SspSpCrimeService.LogicalHandler[101]
      End processing HTTP request after 454.15ms - 200
info: System.Net.Http.HttpClient.SspSpCrimeService.ClientHandler[101]
      Received HTTP response headers after 470.385ms - 200
info: System.Net.Http.HttpClient.SspSpCrimeService.LogicalHandler[101]
      End processing HTTP request after 470.4315ms - 200
info: System.Net.Http.HttpClient.SspSpCrimeService.ClientHandler[101]
      Received HTTP response headers after 471.4691ms - 200
info: System.Net.Http.HttpClient.SspSpCrimeService.LogicalHandler[101]
      End processing HTTP request after 471.5202ms - 200
info: System.Net.Http.HttpClient.SspSpCrimeService.ClientHandler[101]
      Received HTTP response headers after 490.4089ms - 200
info: System.Net.Http.HttpClient.SspSpCrimeService.LogicalHandler[101]
      End processing HTTP request after 490.4536ms - 200
info: System.Net.Http.HttpClient.SspSpCrimeService.ClientHandler[101]
      Received HTTP response headers after 498.448ms - 200
info: System.Net.Http.HttpClient.SspSpCrimeService.LogicalHandler[101]
      End processing HTTP request after 498.4732ms - 200
info: System.Net.Http.HttpClient.SspSpCrimeService.ClientHandler[101]
      Received HTTP response headers after 502.2056ms - 200
info: System.Net.Http.HttpClient.SspSpCrimeService.LogicalHandler[101]
      End processing HTTP request after 502.2369ms - 200
info: System.Net.Http.HttpClient.SspSpCrimeService.ClientHandler[101]
      Received HTTP response headers after 503.8274ms - 200
info: System.Net.Http.HttpClient.SspSpCrimeService.LogicalHandler[101]
      End processing HTTP request after 503.8554ms - 200
info: System.Net.Http.HttpClient.SspSpCrimeService.ClientHandler[101]
      Received HTTP response headers after 514.1782ms - 200
info: System.Net.Http.HttpClient.SspSpCrimeService.LogicalHandler[101]
      End processing HTTP request after 514.2064ms - 200
info: System.Net.Http.HttpClient.SspSpCrimeService.ClientHandler[101]
      Received HTTP response headers after 666.0707ms - 200
info: System.Net.Http.HttpClient.SspSpCrimeService.LogicalHandler[101]
      End processing HTTP request after 666.1174ms - 200
info: System.Net.Http.HttpClient.SspSpCrimeService.ClientHandler[101]
      Received HTTP response headers after 713.3319ms - 200
info: System.Net.Http.HttpClient.SspSpCrimeService.LogicalHandler[101]
      End processing HTTP request after 713.375ms - 200
info: System.Net.Http.HttpClient.SspSpCrimeService.ClientHandler[101]
      Received HTTP response headers after 847.0268ms - 200
info: System.Net.Http.HttpClient.SspSpCrimeService.LogicalHandler[101]
      End processing HTTP request after 847.0706ms - 200
info: System.Net.Http.HttpClient.SspSpCrimeService.ClientHandler[101]
      Received HTTP response headers after 880.474ms - 200
info: System.Net.Http.HttpClient.SspSpCrimeService.LogicalHandler[101]
      End processing HTTP request after 880.5149ms - 200
info: System.Net.Http.HttpClient.SspSpCrimeService.ClientHandler[101]
      Received HTTP response headers after 891.3599ms - 200
info: System.Net.Http.HttpClient.SspSpCrimeService.LogicalHandler[101]
      End processing HTTP request after 891.4045ms - 200
info: System.Net.Http.HttpClient.SspSpCrimeService.ClientHandler[101]
      Received HTTP response headers after 891.9898ms - 200
info: System.Net.Http.HttpClient.SspSpCrimeService.LogicalHandler[101]
      End processing HTTP request after 892.0318ms - 200
info: System.Net.Http.HttpClient.SspSpCrimeService.ClientHandler[101]
      Received HTTP response headers after 895.5315ms - 200
info: System.Net.Http.HttpClient.SspSpCrimeService.LogicalHandler[101]
      End processing HTTP request after 895.5544ms - 200
info: System.Net.Http.HttpClient.SspSpCrimeService.ClientHandler[101]
      Received HTTP response headers after 952.6911ms - 200
info: System.Net.Http.HttpClient.SspSpCrimeService.LogicalHandler[101]
      End processing HTTP request after 952.7406ms - 200
info: System.Net.Http.HttpClient.SspSpCrimeService.ClientHandler[101]
      Received HTTP response headers after 1004.76ms - 200
info: System.Net.Http.HttpClient.SspSpCrimeService.ClientHandler[101]
      Received HTTP response headers after 1004.7724ms - 200
info: System.Net.Http.HttpClient.SspSpCrimeService.LogicalHandler[101]
      End processing HTTP request after 1004.8003ms - 200
info: System.Net.Http.HttpClient.SspSpCrimeService.LogicalHandler[101]
      End processing HTTP request after 1004.7891ms - 200
info: System.Net.Http.HttpClient.SspSpCrimeService.ClientHandler[101]
      Received HTTP response headers after 1023.1822ms - 200
info: System.Net.Http.HttpClient.SspSpCrimeService.LogicalHandler[101]
      End processing HTTP request after 1023.2153ms - 200
info: System.Net.Http.HttpClient.SspSpCrimeService.ClientHandler[101]
      Received HTTP response headers after 1024.5726ms - 200
info: System.Net.Http.HttpClient.SspSpCrimeService.LogicalHandler[101]
      End processing HTTP request after 1024.6114ms - 200
info: System.Net.Http.HttpClient.SspSpCrimeService.ClientHandler[101]
      Received HTTP response headers after 1035.5072ms - 200
info: System.Net.Http.HttpClient.SspSpCrimeService.LogicalHandler[101]
      End processing HTTP request after 1035.5428ms - 200
info: System.Net.Http.HttpClient.SspSpCrimeService.ClientHandler[101]
      Received HTTP response headers after 1079.4415ms - 200
info: System.Net.Http.HttpClient.SspSpCrimeService.LogicalHandler[101]
      End processing HTTP request after 1079.4799ms - 200
info: System.Net.Http.HttpClient.SspSpCrimeService.ClientHandler[101]
      Received HTTP response headers after 1079.8701ms - 200
info: System.Net.Http.HttpClient.SspSpCrimeService.LogicalHandler[101]
      End processing HTTP request after 1079.8838ms - 200
info: System.Net.Http.HttpClient.SspSpCrimeService.ClientHandler[101]
      Received HTTP response headers after 1093.2338ms - 200
info: System.Net.Http.HttpClient.SspSpCrimeService.LogicalHandler[101]
      End processing HTTP request after 1093.2562ms - 200
info: System.Net.Http.HttpClient.SspSpCrimeService.ClientHandler[101]
      Received HTTP response headers after 1182.2319ms - 200
info: System.Net.Http.HttpClient.SspSpCrimeService.LogicalHandler[101]
      End processing HTTP request after 1182.2775ms - 200
info: System.Net.Http.HttpClient.SspSpCrimeService.ClientHandler[101]
      Received HTTP response headers after 1182.4679ms - 200
info: System.Net.Http.HttpClient.SspSpCrimeService.LogicalHandler[101]
      End processing HTTP request after 1182.4985ms - 200
info: System.Net.Http.HttpClient.SspSpCrimeService.ClientHandler[101]
      Received HTTP response headers after 1225.7177ms - 200
info: System.Net.Http.HttpClient.SspSpCrimeService.LogicalHandler[101]
      End processing HTTP request after 1225.7668ms - 200
info: System.Net.Http.HttpClient.SspSpCrimeService.ClientHandler[101]
      Received HTTP response headers after 1228.6881ms - 200
info: System.Net.Http.HttpClient.SspSpCrimeService.LogicalHandler[101]
      End processing HTTP request after 1228.7168ms - 200
info: Microsoft.AspNetCore.Http.Result.OkObjectResult[1]
      Setting HTTP status code 200.
info: Microsoft.AspNetCore.Http.Result.OkObjectResult[3]
      Writing value of type '<>f__AnonymousType17`5' as Json.
info: Microsoft.AspNetCore.Routing.EndpointMiddleware[1]
      Executed endpoint 'HTTP: GET /api/seguranca/distritos-proximos'
info: Microsoft.AspNetCore.Hosting.Diagnostics[2]
      Request finished HTTP/1.1 GET http://localhost:5209/api/seguranca/distritos-proximos?ano=2026&atualizar=true - 200 - application/json;+charset=utf-8 1347.3287ms
info: Microsoft.AspNetCore.Hosting.Diagnostics[1]
      Request starting HTTP/1.1 GET http://localhost:5209/api/seguranca/distritos-proximos?ano=2026&atualizar=true - - -
info: Microsoft.AspNetCore.Cors.Infrastructure.CorsService[4]
      CORS policy execution successful.
info: Microsoft.AspNetCore.Routing.EndpointMiddleware[0]
      Executing endpoint 'HTTP: GET /api/seguranca/distritos-proximos'
info: System.Net.Http.HttpClient.SspSpCrimeService.LogicalHandler[100]
      Start processing HTTP request GET https://www.ssp.sp.gov.br/v1/Distritos/RecuperaDistritos
info: System.Net.Http.HttpClient.SspSpCrimeService.ClientHandler[100]
      Sending HTTP request GET https://www.ssp.sp.gov.br/v1/Distritos/RecuperaDistritos
info: System.Net.Http.HttpClient.SspSpCrimeService.ClientHandler[101]
      Received HTTP response headers after 83.4303ms - 200
info: System.Net.Http.HttpClient.SspSpCrimeService.LogicalHandler[101]
      End processing HTTP request after 83.4981ms - 200
info: System.Net.Http.HttpClient.SspSpCrimeService.LogicalHandler[100]
      Start processing HTTP request GET https://www.ssp.sp.gov.br/v1/OcorrenciasMensais/RecuperaDadosMensaisAgrupados?*
info: System.Net.Http.HttpClient.SspSpCrimeService.ClientHandler[100]
      Sending HTTP request GET https://www.ssp.sp.gov.br/v1/OcorrenciasMensais/RecuperaDadosMensaisAgrupados?*
info: System.Net.Http.HttpClient.SspSpCrimeService.LogicalHandler[100]
      Start processing HTTP request GET https://www.ssp.sp.gov.br/v1/OcorrenciasMensais/RecuperaDadosMensaisAgrupados?*
info: System.Net.Http.HttpClient.SspSpCrimeService.ClientHandler[100]
      Sending HTTP request GET https://www.ssp.sp.gov.br/v1/OcorrenciasMensais/RecuperaDadosMensaisAgrupados?*
info: System.Net.Http.HttpClient.SspSpCrimeService.LogicalHandler[100]
      Start processing HTTP request GET https://www.ssp.sp.gov.br/v1/OcorrenciasMensais/RecuperaDadosMensaisAgrupados?*
info: System.Net.Http.HttpClient.SspSpCrimeService.ClientHandler[100]
      Sending HTTP request GET https://www.ssp.sp.gov.br/v1/OcorrenciasMensais/RecuperaDadosMensaisAgrupados?*
info: System.Net.Http.HttpClient.SspSpCrimeService.LogicalHandler[100]
      Start processing HTTP request GET https://www.ssp.sp.gov.br/v1/OcorrenciasMensais/RecuperaDadosMensaisAgrupados?*
info: System.Net.Http.HttpClient.SspSpCrimeService.ClientHandler[100]
      Sending HTTP request GET https://www.ssp.sp.gov.br/v1/OcorrenciasMensais/RecuperaDadosMensaisAgrupados?*
info: System.Net.Http.HttpClient.SspSpCrimeService.LogicalHandler[100]
      Start processing HTTP request GET https://www.ssp.sp.gov.br/v1/OcorrenciasMensais/RecuperaDadosMensaisAgrupados?*
info: System.Net.Http.HttpClient.SspSpCrimeService.ClientHandler[100]
      Sending HTTP request GET https://www.ssp.sp.gov.br/v1/OcorrenciasMensais/RecuperaDadosMensaisAgrupados?*
info: System.Net.Http.HttpClient.SspSpCrimeService.LogicalHandler[100]
      Start processing HTTP request GET https://www.ssp.sp.gov.br/v1/OcorrenciasMensais/RecuperaDadosMensaisAgrupados?*
info: System.Net.Http.HttpClient.SspSpCrimeService.ClientHandler[100]
      Sending HTTP request GET https://www.ssp.sp.gov.br/v1/OcorrenciasMensais/RecuperaDadosMensaisAgrupados?*
info: System.Net.Http.HttpClient.SspSpCrimeService.LogicalHandler[100]
      Start processing HTTP request GET https://www.ssp.sp.gov.br/v1/OcorrenciasMensais/RecuperaDadosMensaisAgrupados?*
info: System.Net.Http.HttpClient.SspSpCrimeService.ClientHandler[100]
      Sending HTTP request GET https://www.ssp.sp.gov.br/v1/OcorrenciasMensais/RecuperaDadosMensaisAgrupados?*
info: System.Net.Http.HttpClient.SspSpCrimeService.LogicalHandler[100]
      Start processing HTTP request GET https://www.ssp.sp.gov.br/v1/OcorrenciasMensais/RecuperaDadosMensaisAgrupados?*
info: System.Net.Http.HttpClient.SspSpCrimeService.ClientHandler[100]
      Sending HTTP request GET https://www.ssp.sp.gov.br/v1/OcorrenciasMensais/RecuperaDadosMensaisAgrupados?*
info: System.Net.Http.HttpClient.SspSpCrimeService.LogicalHandler[100]
      Start processing HTTP request GET https://www.ssp.sp.gov.br/v1/OcorrenciasMensais/RecuperaDadosMensaisAgrupados?*
info: System.Net.Http.HttpClient.SspSpCrimeService.ClientHandler[100]
      Sending HTTP request GET https://www.ssp.sp.gov.br/v1/OcorrenciasMensais/RecuperaDadosMensaisAgrupados?*
info: System.Net.Http.HttpClient.SspSpCrimeService.LogicalHandler[100]
      Start processing HTTP request GET https://www.ssp.sp.gov.br/v1/OcorrenciasMensais/RecuperaDadosMensaisAgrupados?*
info: System.Net.Http.HttpClient.SspSpCrimeService.ClientHandler[100]
      Sending HTTP request GET https://www.ssp.sp.gov.br/v1/OcorrenciasMensais/RecuperaDadosMensaisAgrupados?*
info: System.Net.Http.HttpClient.SspSpCrimeService.LogicalHandler[100]
      Start processing HTTP request GET https://www.ssp.sp.gov.br/v1/OcorrenciasMensais/RecuperaDadosMensaisAgrupados?*
info: System.Net.Http.HttpClient.SspSpCrimeService.ClientHandler[100]
      Sending HTTP request GET https://www.ssp.sp.gov.br/v1/OcorrenciasMensais/RecuperaDadosMensaisAgrupados?*
info: System.Net.Http.HttpClient.SspSpCrimeService.LogicalHandler[100]
      Start processing HTTP request GET https://www.ssp.sp.gov.br/v1/OcorrenciasMensais/RecuperaDadosMensaisAgrupados?*
info: System.Net.Http.HttpClient.SspSpCrimeService.ClientHandler[100]
      Sending HTTP request GET https://www.ssp.sp.gov.br/v1/OcorrenciasMensais/RecuperaDadosMensaisAgrupados?*
info: System.Net.Http.HttpClient.SspSpCrimeService.LogicalHandler[100]
      Start processing HTTP request GET https://www.ssp.sp.gov.br/v1/OcorrenciasMensais/RecuperaDadosMensaisAgrupados?*
info: System.Net.Http.HttpClient.SspSpCrimeService.ClientHandler[100]
      Sending HTTP request GET https://www.ssp.sp.gov.br/v1/OcorrenciasMensais/RecuperaDadosMensaisAgrupados?*
info: System.Net.Http.HttpClient.SspSpCrimeService.LogicalHandler[100]
      Start processing HTTP request GET https://www.ssp.sp.gov.br/v1/OcorrenciasMensais/RecuperaDadosMensaisAgrupados?*
info: System.Net.Http.HttpClient.SspSpCrimeService.ClientHandler[100]
      Sending HTTP request GET https://www.ssp.sp.gov.br/v1/OcorrenciasMensais/RecuperaDadosMensaisAgrupados?*
info: System.Net.Http.HttpClient.SspSpCrimeService.LogicalHandler[100]
      Start processing HTTP request GET https://www.ssp.sp.gov.br/v1/OcorrenciasMensais/RecuperaDadosMensaisAgrupados?*
info: System.Net.Http.HttpClient.SspSpCrimeService.ClientHandler[100]
      Sending HTTP request GET https://www.ssp.sp.gov.br/v1/OcorrenciasMensais/RecuperaDadosMensaisAgrupados?*
info: System.Net.Http.HttpClient.SspSpCrimeService.LogicalHandler[100]
      Start processing HTTP request GET https://www.ssp.sp.gov.br/v1/OcorrenciasMensais/RecuperaDadosMensaisAgrupados?*
info: System.Net.Http.HttpClient.SspSpCrimeService.ClientHandler[100]
      Sending HTTP request GET https://www.ssp.sp.gov.br/v1/OcorrenciasMensais/RecuperaDadosMensaisAgrupados?*
info: System.Net.Http.HttpClient.SspSpCrimeService.LogicalHandler[100]
      Start processing HTTP request GET https://www.ssp.sp.gov.br/v1/OcorrenciasMensais/RecuperaDadosMensaisAgrupados?*
info: System.Net.Http.HttpClient.SspSpCrimeService.ClientHandler[100]
      Sending HTTP request GET https://www.ssp.sp.gov.br/v1/OcorrenciasMensais/RecuperaDadosMensaisAgrupados?*
info: System.Net.Http.HttpClient.SspSpCrimeService.LogicalHandler[100]
      Start processing HTTP request GET https://www.ssp.sp.gov.br/v1/OcorrenciasMensais/RecuperaDadosMensaisAgrupados?*
info: System.Net.Http.HttpClient.SspSpCrimeService.ClientHandler[100]
      Sending HTTP request GET https://www.ssp.sp.gov.br/v1/OcorrenciasMensais/RecuperaDadosMensaisAgrupados?*
info: System.Net.Http.HttpClient.SspSpCrimeService.LogicalHandler[100]
      Start processing HTTP request GET https://www.ssp.sp.gov.br/v1/OcorrenciasMensais/RecuperaDadosMensaisAgrupados?*
info: System.Net.Http.HttpClient.SspSpCrimeService.ClientHandler[100]
      Sending HTTP request GET https://www.ssp.sp.gov.br/v1/OcorrenciasMensais/RecuperaDadosMensaisAgrupados?*
info: System.Net.Http.HttpClient.SspSpCrimeService.LogicalHandler[100]
      Start processing HTTP request GET https://www.ssp.sp.gov.br/v1/OcorrenciasMensais/RecuperaDadosMensaisAgrupados?*
info: System.Net.Http.HttpClient.SspSpCrimeService.ClientHandler[100]
      Sending HTTP request GET https://www.ssp.sp.gov.br/v1/OcorrenciasMensais/RecuperaDadosMensaisAgrupados?*
info: System.Net.Http.HttpClient.SspSpCrimeService.LogicalHandler[100]
      Start processing HTTP request GET https://www.ssp.sp.gov.br/v1/OcorrenciasMensais/RecuperaDadosMensaisAgrupados?*
info: System.Net.Http.HttpClient.SspSpCrimeService.ClientHandler[100]
      Sending HTTP request GET https://www.ssp.sp.gov.br/v1/OcorrenciasMensais/RecuperaDadosMensaisAgrupados?*
info: System.Net.Http.HttpClient.SspSpCrimeService.LogicalHandler[100]
      Start processing HTTP request GET https://www.ssp.sp.gov.br/v1/OcorrenciasMensais/RecuperaDadosMensaisAgrupados?*
info: System.Net.Http.HttpClient.SspSpCrimeService.ClientHandler[100]
      Sending HTTP request GET https://www.ssp.sp.gov.br/v1/OcorrenciasMensais/RecuperaDadosMensaisAgrupados?*
info: System.Net.Http.HttpClient.SspSpCrimeService.LogicalHandler[100]
      Start processing HTTP request GET https://www.ssp.sp.gov.br/v1/OcorrenciasMensais/RecuperaDadosMensaisAgrupados?*
info: System.Net.Http.HttpClient.SspSpCrimeService.ClientHandler[100]
      Sending HTTP request GET https://www.ssp.sp.gov.br/v1/OcorrenciasMensais/RecuperaDadosMensaisAgrupados?*
info: System.Net.Http.HttpClient.SspSpCrimeService.LogicalHandler[100]
      Start processing HTTP request GET https://www.ssp.sp.gov.br/v1/OcorrenciasMensais/RecuperaDadosMensaisAgrupados?*
info: System.Net.Http.HttpClient.SspSpCrimeService.ClientHandler[100]
      Sending HTTP request GET https://www.ssp.sp.gov.br/v1/OcorrenciasMensais/RecuperaDadosMensaisAgrupados?*
info: System.Net.Http.HttpClient.SspSpCrimeService.LogicalHandler[100]
      Start processing HTTP request GET https://www.ssp.sp.gov.br/v1/OcorrenciasMensais/RecuperaDadosMensaisAgrupados?*
info: System.Net.Http.HttpClient.SspSpCrimeService.ClientHandler[100]
      Sending HTTP request GET https://www.ssp.sp.gov.br/v1/OcorrenciasMensais/RecuperaDadosMensaisAgrupados?*
info: System.Net.Http.HttpClient.SspSpCrimeService.LogicalHandler[100]
      Start processing HTTP request GET https://www.ssp.sp.gov.br/v1/OcorrenciasMensais/RecuperaDadosMensaisAgrupados?*
info: System.Net.Http.HttpClient.SspSpCrimeService.ClientHandler[100]
      Sending HTTP request GET https://www.ssp.sp.gov.br/v1/OcorrenciasMensais/RecuperaDadosMensaisAgrupados?*
info: System.Net.Http.HttpClient.SspSpCrimeService.LogicalHandler[100]
      Start processing HTTP request GET https://www.ssp.sp.gov.br/v1/OcorrenciasMensais/RecuperaDadosMensaisAgrupados?*
info: System.Net.Http.HttpClient.SspSpCrimeService.ClientHandler[100]
      Sending HTTP request GET https://www.ssp.sp.gov.br/v1/OcorrenciasMensais/RecuperaDadosMensaisAgrupados?*
info: System.Net.Http.HttpClient.SspSpCrimeService.LogicalHandler[100]
      Start processing HTTP request GET https://www.ssp.sp.gov.br/v1/OcorrenciasMensais/RecuperaDadosMensaisAgrupados?*
info: System.Net.Http.HttpClient.SspSpCrimeService.ClientHandler[100]
      Sending HTTP request GET https://www.ssp.sp.gov.br/v1/OcorrenciasMensais/RecuperaDadosMensaisAgrupados?*
info: System.Net.Http.HttpClient.SspSpCrimeService.LogicalHandler[100]
      Start processing HTTP request GET https://www.ssp.sp.gov.br/v1/OcorrenciasMensais/RecuperaDadosMensaisAgrupados?*
info: System.Net.Http.HttpClient.SspSpCrimeService.ClientHandler[100]
      Sending HTTP request GET https://www.ssp.sp.gov.br/v1/OcorrenciasMensais/RecuperaDadosMensaisAgrupados?*
info: System.Net.Http.HttpClient.SspSpCrimeService.LogicalHandler[100]
      Start processing HTTP request GET https://www.ssp.sp.gov.br/v1/OcorrenciasMensais/RecuperaDadosMensaisAgrupados?*
info: System.Net.Http.HttpClient.SspSpCrimeService.ClientHandler[100]
      Sending HTTP request GET https://www.ssp.sp.gov.br/v1/OcorrenciasMensais/RecuperaDadosMensaisAgrupados?*
info: System.Net.Http.HttpClient.SspSpCrimeService.LogicalHandler[100]
      Start processing HTTP request GET https://www.ssp.sp.gov.br/v1/OcorrenciasMensais/RecuperaDadosMensaisAgrupados?*
info: System.Net.Http.HttpClient.SspSpCrimeService.ClientHandler[100]
      Sending HTTP request GET https://www.ssp.sp.gov.br/v1/OcorrenciasMensais/RecuperaDadosMensaisAgrupados?*
info: System.Net.Http.HttpClient.SspSpCrimeService.LogicalHandler[100]
      Start processing HTTP request GET https://www.ssp.sp.gov.br/v1/OcorrenciasMensais/RecuperaDadosMensaisAgrupados?*
info: System.Net.Http.HttpClient.SspSpCrimeService.ClientHandler[100]
      Sending HTTP request GET https://www.ssp.sp.gov.br/v1/OcorrenciasMensais/RecuperaDadosMensaisAgrupados?*
info: System.Net.Http.HttpClient.SspSpCrimeService.ClientHandler[101]
      Received HTTP response headers after 591.714ms - 200
info: System.Net.Http.HttpClient.SspSpCrimeService.LogicalHandler[101]
      End processing HTTP request after 591.7867ms - 200
info: System.Net.Http.HttpClient.SspSpCrimeService.ClientHandler[101]
      Received HTTP response headers after 592.3938ms - 200
info: System.Net.Http.HttpClient.SspSpCrimeService.LogicalHandler[101]
      End processing HTTP request after 592.45ms - 200
info: System.Net.Http.HttpClient.SspSpCrimeService.ClientHandler[101]
      Received HTTP response headers after 591.8781ms - 200
info: System.Net.Http.HttpClient.SspSpCrimeService.ClientHandler[101]
      Received HTTP response headers after 591.9953ms - 200
info: System.Net.Http.HttpClient.SspSpCrimeService.ClientHandler[101]
      Received HTTP response headers after 591.9819ms - 200
info: System.Net.Http.HttpClient.SspSpCrimeService.LogicalHandler[101]
      End processing HTTP request after 591.9433ms - 200
info: System.Net.Http.HttpClient.SspSpCrimeService.LogicalHandler[101]
      End processing HTTP request after 592.071ms - 200
info: System.Net.Http.HttpClient.SspSpCrimeService.LogicalHandler[101]
      End processing HTTP request after 592.0032ms - 200
info: System.Net.Http.HttpClient.SspSpCrimeService.ClientHandler[101]
      Received HTTP response headers after 592.0992ms - 200
info: System.Net.Http.HttpClient.SspSpCrimeService.LogicalHandler[101]
      End processing HTTP request after 592.1589ms - 200
info: System.Net.Http.HttpClient.SspSpCrimeService.ClientHandler[101]
      Received HTTP response headers after 592.8309ms - 200
info: System.Net.Http.HttpClient.SspSpCrimeService.LogicalHandler[101]
      End processing HTTP request after 592.867ms - 200
info: System.Net.Http.HttpClient.SspSpCrimeService.ClientHandler[101]
      Received HTTP response headers after 593.6812ms - 200
info: System.Net.Http.HttpClient.SspSpCrimeService.LogicalHandler[101]
      End processing HTTP request after 593.6919ms - 200
info: System.Net.Http.HttpClient.SspSpCrimeService.ClientHandler[101]
      Received HTTP response headers after 664.531ms - 200
info: System.Net.Http.HttpClient.SspSpCrimeService.LogicalHandler[101]
      End processing HTTP request after 664.5671ms - 200
info: System.Net.Http.HttpClient.SspSpCrimeService.ClientHandler[101]
      Received HTTP response headers after 665.5552ms - 200
info: System.Net.Http.HttpClient.SspSpCrimeService.LogicalHandler[101]
      End processing HTTP request after 665.588ms - 200
info: System.Net.Http.HttpClient.SspSpCrimeService.ClientHandler[101]
      Received HTTP response headers after 670.3481ms - 200
info: System.Net.Http.HttpClient.SspSpCrimeService.LogicalHandler[101]
      End processing HTTP request after 670.4157ms - 200
info: System.Net.Http.HttpClient.SspSpCrimeService.ClientHandler[101]
      Received HTTP response headers after 681.6674ms - 200
info: System.Net.Http.HttpClient.SspSpCrimeService.LogicalHandler[101]
      End processing HTTP request after 681.696ms - 200
info: System.Net.Http.HttpClient.SspSpCrimeService.ClientHandler[101]
      Received HTTP response headers after 770.6379ms - 200
info: System.Net.Http.HttpClient.SspSpCrimeService.LogicalHandler[101]
      End processing HTTP request after 770.6904ms - 200
info: System.Net.Http.HttpClient.SspSpCrimeService.ClientHandler[101]
      Received HTTP response headers after 788.5456ms - 200
info: System.Net.Http.HttpClient.SspSpCrimeService.LogicalHandler[101]
      End processing HTTP request after 788.5924ms - 200
info: System.Net.Http.HttpClient.SspSpCrimeService.ClientHandler[101]
      Received HTTP response headers after 807.2981ms - 200
info: System.Net.Http.HttpClient.SspSpCrimeService.LogicalHandler[101]
      End processing HTTP request after 807.3279ms - 200
info: System.Net.Http.HttpClient.SspSpCrimeService.ClientHandler[101]
      Received HTTP response headers after 816.7222ms - 200
info: System.Net.Http.HttpClient.SspSpCrimeService.LogicalHandler[101]
      End processing HTTP request after 816.7442ms - 200
info: System.Net.Http.HttpClient.SspSpCrimeService.ClientHandler[101]
      Received HTTP response headers after 823.8754ms - 200
info: System.Net.Http.HttpClient.SspSpCrimeService.LogicalHandler[101]
      End processing HTTP request after 823.8933ms - 200
info: System.Net.Http.HttpClient.SspSpCrimeService.ClientHandler[101]
      Received HTTP response headers after 826.6885ms - 200
info: System.Net.Http.HttpClient.SspSpCrimeService.LogicalHandler[101]
      End processing HTTP request after 826.7317ms - 200
info: System.Net.Http.HttpClient.SspSpCrimeService.ClientHandler[101]
      Received HTTP response headers after 1014.4911ms - 200
info: System.Net.Http.HttpClient.SspSpCrimeService.LogicalHandler[101]
      End processing HTTP request after 1014.5278ms - 200
info: System.Net.Http.HttpClient.SspSpCrimeService.ClientHandler[101]
      Received HTTP response headers after 1070.1003ms - 200
info: System.Net.Http.HttpClient.SspSpCrimeService.LogicalHandler[101]
      End processing HTTP request after 1070.1376ms - 200
info: System.Net.Http.HttpClient.SspSpCrimeService.ClientHandler[101]
      Received HTTP response headers after 1078.9975ms - 200
info: System.Net.Http.HttpClient.SspSpCrimeService.LogicalHandler[101]
      End processing HTTP request after 1079.0408ms - 200
info: System.Net.Http.HttpClient.SspSpCrimeService.ClientHandler[101]
      Received HTTP response headers after 1084.9919ms - 200
info: System.Net.Http.HttpClient.SspSpCrimeService.LogicalHandler[101]
      End processing HTTP request after 1085.0356ms - 200
info: System.Net.Http.HttpClient.SspSpCrimeService.ClientHandler[101]
      Received HTTP response headers after 1146.5254ms - 200
info: System.Net.Http.HttpClient.SspSpCrimeService.LogicalHandler[101]
      End processing HTTP request after 1146.5649ms - 200
info: System.Net.Http.HttpClient.SspSpCrimeService.ClientHandler[101]
      Received HTTP response headers after 1210.0735ms - 200
info: System.Net.Http.HttpClient.SspSpCrimeService.LogicalHandler[101]
      End processing HTTP request after 1210.123ms - 200
info: System.Net.Http.HttpClient.SspSpCrimeService.ClientHandler[101]
      Received HTTP response headers after 1210.7705ms - 200
info: System.Net.Http.HttpClient.SspSpCrimeService.LogicalHandler[101]
      End processing HTTP request after 1210.8074ms - 200
info: System.Net.Http.HttpClient.SspSpCrimeService.ClientHandler[101]
      Received HTTP response headers after 1210.4061ms - 200
info: System.Net.Http.HttpClient.SspSpCrimeService.LogicalHandler[101]
      End processing HTTP request after 1210.4421ms - 200
info: System.Net.Http.HttpClient.SspSpCrimeService.ClientHandler[101]
      Received HTTP response headers after 1212.0114ms - 200
info: System.Net.Http.HttpClient.SspSpCrimeService.LogicalHandler[101]
      End processing HTTP request after 1212.0364ms - 200
info: System.Net.Http.HttpClient.SspSpCrimeService.ClientHandler[101]
      Received HTTP response headers after 1247.4164ms - 200
info: System.Net.Http.HttpClient.SspSpCrimeService.LogicalHandler[101]
      End processing HTTP request after 1247.4405ms - 200
info: System.Net.Http.HttpClient.SspSpCrimeService.ClientHandler[101]
      Received HTTP response headers after 1249.1378ms - 200
info: System.Net.Http.HttpClient.SspSpCrimeService.LogicalHandler[101]
      End processing HTTP request after 1249.1573ms - 200
info: System.Net.Http.HttpClient.SspSpCrimeService.ClientHandler[101]
      Received HTTP response headers after 1253.0581ms - 200
info: System.Net.Http.HttpClient.SspSpCrimeService.LogicalHandler[101]
      End processing HTTP request after 1253.0678ms - 200
info: System.Net.Http.HttpClient.SspSpCrimeService.ClientHandler[101]
      Received HTTP response headers after 1257.4984ms - 200
info: System.Net.Http.HttpClient.SspSpCrimeService.LogicalHandler[101]
      End processing HTTP request after 1257.5126ms - 200
info: System.Net.Http.HttpClient.SspSpCrimeService.ClientHandler[101]
      Received HTTP response headers after 1288.6765ms - 200
info: System.Net.Http.HttpClient.SspSpCrimeService.LogicalHandler[101]
      End processing HTTP request after 1288.709ms - 200
info: Microsoft.AspNetCore.Http.Result.OkObjectResult[1]
      Setting HTTP status code 200.
info: Microsoft.AspNetCore.Http.Result.OkObjectResult[3]
      Writing value of type '<>f__AnonymousType17`5' as Json.
info: Microsoft.AspNetCore.Routing.EndpointMiddleware[1]
      Executed endpoint 'HTTP: GET /api/seguranca/distritos-proximos'
info: Microsoft.AspNetCore.Hosting.Diagnostics[2]
      Request finished HTTP/1.1 GET http://localhost:5209/api/seguranca/distritos-proximos?ano=2026&atualizar=true - 200 - application/json;+charset=utf-8 1403.4485ms
info: Microsoft.AspNetCore.Hosting.Diagnostics[1]
      Request starting HTTP/1.1 GET http://localhost:5209/api/seguranca/distritos-proximos?ano=2026&atualizar=true - - -
info: Microsoft.AspNetCore.Cors.Infrastructure.CorsService[4]
      CORS policy execution successful.
info: Microsoft.AspNetCore.Routing.EndpointMiddleware[0]
      Executing endpoint 'HTTP: GET /api/seguranca/distritos-proximos'
info: System.Net.Http.HttpClient.SspSpCrimeService.LogicalHandler[100]
      Start processing HTTP request GET https://www.ssp.sp.gov.br/v1/Distritos/RecuperaDistritos
info: System.Net.Http.HttpClient.SspSpCrimeService.ClientHandler[100]
      Sending HTTP request GET https://www.ssp.sp.gov.br/v1/Distritos/RecuperaDistritos
info: System.Net.Http.HttpClient.SspSpCrimeService.ClientHandler[101]
      Received HTTP response headers after 82.1183ms - 200
info: System.Net.Http.HttpClient.SspSpCrimeService.LogicalHandler[101]
      End processing HTTP request after 82.1776ms - 200
info: System.Net.Http.HttpClient.SspSpCrimeService.LogicalHandler[100]
      Start processing HTTP request GET https://www.ssp.sp.gov.br/v1/OcorrenciasMensais/RecuperaDadosMensaisAgrupados?*
info: System.Net.Http.HttpClient.SspSpCrimeService.ClientHandler[100]
      Sending HTTP request GET https://www.ssp.sp.gov.br/v1/OcorrenciasMensais/RecuperaDadosMensaisAgrupados?*
info: System.Net.Http.HttpClient.SspSpCrimeService.LogicalHandler[100]
      Start processing HTTP request GET https://www.ssp.sp.gov.br/v1/OcorrenciasMensais/RecuperaDadosMensaisAgrupados?*
info: System.Net.Http.HttpClient.SspSpCrimeService.ClientHandler[100]
      Sending HTTP request GET https://www.ssp.sp.gov.br/v1/OcorrenciasMensais/RecuperaDadosMensaisAgrupados?*
info: System.Net.Http.HttpClient.SspSpCrimeService.LogicalHandler[100]
      Start processing HTTP request GET https://www.ssp.sp.gov.br/v1/OcorrenciasMensais/RecuperaDadosMensaisAgrupados?*
info: System.Net.Http.HttpClient.SspSpCrimeService.ClientHandler[100]
      Sending HTTP request GET https://www.ssp.sp.gov.br/v1/OcorrenciasMensais/RecuperaDadosMensaisAgrupados?*
info: System.Net.Http.HttpClient.SspSpCrimeService.LogicalHandler[100]
      Start processing HTTP request GET https://www.ssp.sp.gov.br/v1/OcorrenciasMensais/RecuperaDadosMensaisAgrupados?*
info: System.Net.Http.HttpClient.SspSpCrimeService.ClientHandler[100]
      Sending HTTP request GET https://www.ssp.sp.gov.br/v1/OcorrenciasMensais/RecuperaDadosMensaisAgrupados?*
info: System.Net.Http.HttpClient.SspSpCrimeService.LogicalHandler[100]
      Start processing HTTP request GET https://www.ssp.sp.gov.br/v1/OcorrenciasMensais/RecuperaDadosMensaisAgrupados?*
info: System.Net.Http.HttpClient.SspSpCrimeService.ClientHandler[100]
      Sending HTTP request GET https://www.ssp.sp.gov.br/v1/OcorrenciasMensais/RecuperaDadosMensaisAgrupados?*
info: System.Net.Http.HttpClient.SspSpCrimeService.LogicalHandler[100]
      Start processing HTTP request GET https://www.ssp.sp.gov.br/v1/OcorrenciasMensais/RecuperaDadosMensaisAgrupados?*
info: System.Net.Http.HttpClient.SspSpCrimeService.ClientHandler[100]
      Sending HTTP request GET https://www.ssp.sp.gov.br/v1/OcorrenciasMensais/RecuperaDadosMensaisAgrupados?*
info: System.Net.Http.HttpClient.SspSpCrimeService.LogicalHandler[100]
      Start processing HTTP request GET https://www.ssp.sp.gov.br/v1/OcorrenciasMensais/RecuperaDadosMensaisAgrupados?*
info: System.Net.Http.HttpClient.SspSpCrimeService.ClientHandler[100]
      Sending HTTP request GET https://www.ssp.sp.gov.br/v1/OcorrenciasMensais/RecuperaDadosMensaisAgrupados?*
info: System.Net.Http.HttpClient.SspSpCrimeService.LogicalHandler[100]
      Start processing HTTP request GET https://www.ssp.sp.gov.br/v1/OcorrenciasMensais/RecuperaDadosMensaisAgrupados?*
info: System.Net.Http.HttpClient.SspSpCrimeService.ClientHandler[100]
      Sending HTTP request GET https://www.ssp.sp.gov.br/v1/OcorrenciasMensais/RecuperaDadosMensaisAgrupados?*
info: System.Net.Http.HttpClient.SspSpCrimeService.LogicalHandler[100]
      Start processing HTTP request GET https://www.ssp.sp.gov.br/v1/OcorrenciasMensais/RecuperaDadosMensaisAgrupados?*
info: System.Net.Http.HttpClient.SspSpCrimeService.ClientHandler[100]
      Sending HTTP request GET https://www.ssp.sp.gov.br/v1/OcorrenciasMensais/RecuperaDadosMensaisAgrupados?*
info: System.Net.Http.HttpClient.SspSpCrimeService.LogicalHandler[100]
      Start processing HTTP request GET https://www.ssp.sp.gov.br/v1/OcorrenciasMensais/RecuperaDadosMensaisAgrupados?*
info: System.Net.Http.HttpClient.SspSpCrimeService.ClientHandler[100]
      Sending HTTP request GET https://www.ssp.sp.gov.br/v1/OcorrenciasMensais/RecuperaDadosMensaisAgrupados?*
info: System.Net.Http.HttpClient.SspSpCrimeService.LogicalHandler[100]
      Start processing HTTP request GET https://www.ssp.sp.gov.br/v1/OcorrenciasMensais/RecuperaDadosMensaisAgrupados?*
info: System.Net.Http.HttpClient.SspSpCrimeService.ClientHandler[100]
      Sending HTTP request GET https://www.ssp.sp.gov.br/v1/OcorrenciasMensais/RecuperaDadosMensaisAgrupados?*
info: System.Net.Http.HttpClient.SspSpCrimeService.LogicalHandler[100]
      Start processing HTTP request GET https://www.ssp.sp.gov.br/v1/OcorrenciasMensais/RecuperaDadosMensaisAgrupados?*
info: System.Net.Http.HttpClient.SspSpCrimeService.ClientHandler[100]
      Sending HTTP request GET https://www.ssp.sp.gov.br/v1/OcorrenciasMensais/RecuperaDadosMensaisAgrupados?*
info: System.Net.Http.HttpClient.SspSpCrimeService.LogicalHandler[100]
      Start processing HTTP request GET https://www.ssp.sp.gov.br/v1/OcorrenciasMensais/RecuperaDadosMensaisAgrupados?*
info: System.Net.Http.HttpClient.SspSpCrimeService.ClientHandler[100]
      Sending HTTP request GET https://www.ssp.sp.gov.br/v1/OcorrenciasMensais/RecuperaDadosMensaisAgrupados?*
info: System.Net.Http.HttpClient.SspSpCrimeService.LogicalHandler[100]
      Start processing HTTP request GET https://www.ssp.sp.gov.br/v1/OcorrenciasMensais/RecuperaDadosMensaisAgrupados?*
info: System.Net.Http.HttpClient.SspSpCrimeService.ClientHandler[100]
      Sending HTTP request GET https://www.ssp.sp.gov.br/v1/OcorrenciasMensais/RecuperaDadosMensaisAgrupados?*
info: System.Net.Http.HttpClient.SspSpCrimeService.LogicalHandler[100]
      Start processing HTTP request GET https://www.ssp.sp.gov.br/v1/OcorrenciasMensais/RecuperaDadosMensaisAgrupados?*
info: System.Net.Http.HttpClient.SspSpCrimeService.ClientHandler[100]
      Sending HTTP request GET https://www.ssp.sp.gov.br/v1/OcorrenciasMensais/RecuperaDadosMensaisAgrupados?*
info: System.Net.Http.HttpClient.SspSpCrimeService.LogicalHandler[100]
      Start processing HTTP request GET https://www.ssp.sp.gov.br/v1/OcorrenciasMensais/RecuperaDadosMensaisAgrupados?*
info: System.Net.Http.HttpClient.SspSpCrimeService.ClientHandler[100]
      Sending HTTP request GET https://www.ssp.sp.gov.br/v1/OcorrenciasMensais/RecuperaDadosMensaisAgrupados?*
info: System.Net.Http.HttpClient.SspSpCrimeService.LogicalHandler[100]
      Start processing HTTP request GET https://www.ssp.sp.gov.br/v1/OcorrenciasMensais/RecuperaDadosMensaisAgrupados?*
info: System.Net.Http.HttpClient.SspSpCrimeService.ClientHandler[100]
      Sending HTTP request GET https://www.ssp.sp.gov.br/v1/OcorrenciasMensais/RecuperaDadosMensaisAgrupados?*
info: System.Net.Http.HttpClient.SspSpCrimeService.LogicalHandler[100]
      Start processing HTTP request GET https://www.ssp.sp.gov.br/v1/OcorrenciasMensais/RecuperaDadosMensaisAgrupados?*
info: System.Net.Http.HttpClient.SspSpCrimeService.ClientHandler[100]
      Sending HTTP request GET https://www.ssp.sp.gov.br/v1/OcorrenciasMensais/RecuperaDadosMensaisAgrupados?*
info: System.Net.Http.HttpClient.SspSpCrimeService.LogicalHandler[100]
      Start processing HTTP request GET https://www.ssp.sp.gov.br/v1/OcorrenciasMensais/RecuperaDadosMensaisAgrupados?*
info: System.Net.Http.HttpClient.SspSpCrimeService.ClientHandler[100]
      Sending HTTP request GET https://www.ssp.sp.gov.br/v1/OcorrenciasMensais/RecuperaDadosMensaisAgrupados?*
info: System.Net.Http.HttpClient.SspSpCrimeService.LogicalHandler[100]
      Start processing HTTP request GET https://www.ssp.sp.gov.br/v1/OcorrenciasMensais/RecuperaDadosMensaisAgrupados?*
info: System.Net.Http.HttpClient.SspSpCrimeService.ClientHandler[100]
      Sending HTTP request GET https://www.ssp.sp.gov.br/v1/OcorrenciasMensais/RecuperaDadosMensaisAgrupados?*
info: System.Net.Http.HttpClient.SspSpCrimeService.LogicalHandler[100]
      Start processing HTTP request GET https://www.ssp.sp.gov.br/v1/OcorrenciasMensais/RecuperaDadosMensaisAgrupados?*
info: System.Net.Http.HttpClient.SspSpCrimeService.ClientHandler[100]
      Sending HTTP request GET https://www.ssp.sp.gov.br/v1/OcorrenciasMensais/RecuperaDadosMensaisAgrupados?*
info: System.Net.Http.HttpClient.SspSpCrimeService.LogicalHandler[100]
      Start processing HTTP request GET https://www.ssp.sp.gov.br/v1/OcorrenciasMensais/RecuperaDadosMensaisAgrupados?*
info: System.Net.Http.HttpClient.SspSpCrimeService.ClientHandler[100]
      Sending HTTP request GET https://www.ssp.sp.gov.br/v1/OcorrenciasMensais/RecuperaDadosMensaisAgrupados?*
info: System.Net.Http.HttpClient.SspSpCrimeService.LogicalHandler[100]
      Start processing HTTP request GET https://www.ssp.sp.gov.br/v1/OcorrenciasMensais/RecuperaDadosMensaisAgrupados?*
info: System.Net.Http.HttpClient.SspSpCrimeService.ClientHandler[100]
      Sending HTTP request GET https://www.ssp.sp.gov.br/v1/OcorrenciasMensais/RecuperaDadosMensaisAgrupados?*
info: System.Net.Http.HttpClient.SspSpCrimeService.LogicalHandler[100]
      Start processing HTTP request GET https://www.ssp.sp.gov.br/v1/OcorrenciasMensais/RecuperaDadosMensaisAgrupados?*
info: System.Net.Http.HttpClient.SspSpCrimeService.ClientHandler[100]
      Sending HTTP request GET https://www.ssp.sp.gov.br/v1/OcorrenciasMensais/RecuperaDadosMensaisAgrupados?*
info: System.Net.Http.HttpClient.SspSpCrimeService.LogicalHandler[100]
      Start processing HTTP request GET https://www.ssp.sp.gov.br/v1/OcorrenciasMensais/RecuperaDadosMensaisAgrupados?*
info: System.Net.Http.HttpClient.SspSpCrimeService.ClientHandler[100]
      Sending HTTP request GET https://www.ssp.sp.gov.br/v1/OcorrenciasMensais/RecuperaDadosMensaisAgrupados?*
info: System.Net.Http.HttpClient.SspSpCrimeService.LogicalHandler[100]
      Start processing HTTP request GET https://www.ssp.sp.gov.br/v1/OcorrenciasMensais/RecuperaDadosMensaisAgrupados?*
info: System.Net.Http.HttpClient.SspSpCrimeService.ClientHandler[100]
      Sending HTTP request GET https://www.ssp.sp.gov.br/v1/OcorrenciasMensais/RecuperaDadosMensaisAgrupados?*
info: System.Net.Http.HttpClient.SspSpCrimeService.LogicalHandler[100]
      Start processing HTTP request GET https://www.ssp.sp.gov.br/v1/OcorrenciasMensais/RecuperaDadosMensaisAgrupados?*
info: System.Net.Http.HttpClient.SspSpCrimeService.ClientHandler[100]
      Sending HTTP request GET https://www.ssp.sp.gov.br/v1/OcorrenciasMensais/RecuperaDadosMensaisAgrupados?*
info: System.Net.Http.HttpClient.SspSpCrimeService.LogicalHandler[100]
      Start processing HTTP request GET https://www.ssp.sp.gov.br/v1/OcorrenciasMensais/RecuperaDadosMensaisAgrupados?*
info: System.Net.Http.HttpClient.SspSpCrimeService.ClientHandler[100]
      Sending HTTP request GET https://www.ssp.sp.gov.br/v1/OcorrenciasMensais/RecuperaDadosMensaisAgrupados?*
info: System.Net.Http.HttpClient.SspSpCrimeService.LogicalHandler[100]
      Start processing HTTP request GET https://www.ssp.sp.gov.br/v1/OcorrenciasMensais/RecuperaDadosMensaisAgrupados?*
info: System.Net.Http.HttpClient.SspSpCrimeService.ClientHandler[100]
      Sending HTTP request GET https://www.ssp.sp.gov.br/v1/OcorrenciasMensais/RecuperaDadosMensaisAgrupados?*
info: System.Net.Http.HttpClient.SspSpCrimeService.LogicalHandler[100]
      Start processing HTTP request GET https://www.ssp.sp.gov.br/v1/OcorrenciasMensais/RecuperaDadosMensaisAgrupados?*
info: System.Net.Http.HttpClient.SspSpCrimeService.ClientHandler[100]
      Sending HTTP request GET https://www.ssp.sp.gov.br/v1/OcorrenciasMensais/RecuperaDadosMensaisAgrupados?*
info: System.Net.Http.HttpClient.SspSpCrimeService.LogicalHandler[100]
      Start processing HTTP request GET https://www.ssp.sp.gov.br/v1/OcorrenciasMensais/RecuperaDadosMensaisAgrupados?*
info: System.Net.Http.HttpClient.SspSpCrimeService.ClientHandler[100]
      Sending HTTP request GET https://www.ssp.sp.gov.br/v1/OcorrenciasMensais/RecuperaDadosMensaisAgrupados?*
info: System.Net.Http.HttpClient.SspSpCrimeService.LogicalHandler[100]
      Start processing HTTP request GET https://www.ssp.sp.gov.br/v1/OcorrenciasMensais/RecuperaDadosMensaisAgrupados?*
info: System.Net.Http.HttpClient.SspSpCrimeService.ClientHandler[100]
      Sending HTTP request GET https://www.ssp.sp.gov.br/v1/OcorrenciasMensais/RecuperaDadosMensaisAgrupados?*
info: System.Net.Http.HttpClient.SspSpCrimeService.ClientHandler[101]
      Received HTTP response headers after 224.0659ms - 200
info: System.Net.Http.HttpClient.SspSpCrimeService.LogicalHandler[101]
      End processing HTTP request after 224.1358ms - 200
info: System.Net.Http.HttpClient.SspSpCrimeService.ClientHandler[101]
      Received HTTP response headers after 252.7736ms - 200
info: System.Net.Http.HttpClient.SspSpCrimeService.LogicalHandler[101]
      End processing HTTP request after 252.8626ms - 200
info: System.Net.Http.HttpClient.SspSpCrimeService.ClientHandler[101]
      Received HTTP response headers after 254.0567ms - 200
info: System.Net.Http.HttpClient.SspSpCrimeService.LogicalHandler[101]
      End processing HTTP request after 254.0902ms - 200
info: System.Net.Http.HttpClient.SspSpCrimeService.ClientHandler[101]
      Received HTTP response headers after 295.8946ms - 200
info: System.Net.Http.HttpClient.SspSpCrimeService.LogicalHandler[101]
      End processing HTTP request after 295.948ms - 200
info: System.Net.Http.HttpClient.SspSpCrimeService.ClientHandler[101]
      Received HTTP response headers after 322.4847ms - 200
info: System.Net.Http.HttpClient.SspSpCrimeService.LogicalHandler[101]
      End processing HTTP request after 322.5148ms - 200
info: System.Net.Http.HttpClient.SspSpCrimeService.ClientHandler[101]
      Received HTTP response headers after 487.9521ms - 200
info: System.Net.Http.HttpClient.SspSpCrimeService.LogicalHandler[101]
      End processing HTTP request after 487.9968ms - 200
info: System.Net.Http.HttpClient.SspSpCrimeService.ClientHandler[101]
      Received HTTP response headers after 524.9795ms - 200
info: System.Net.Http.HttpClient.SspSpCrimeService.LogicalHandler[101]
      End processing HTTP request after 525.0238ms - 200
info: System.Net.Http.HttpClient.SspSpCrimeService.ClientHandler[101]
      Received HTTP response headers after 547.5204ms - 200
info: System.Net.Http.HttpClient.SspSpCrimeService.LogicalHandler[101]
      End processing HTTP request after 547.5543ms - 200
info: System.Net.Http.HttpClient.SspSpCrimeService.ClientHandler[101]
      Received HTTP response headers after 582.9263ms - 200
info: System.Net.Http.HttpClient.SspSpCrimeService.LogicalHandler[101]
      End processing HTTP request after 582.9588ms - 200
info: System.Net.Http.HttpClient.SspSpCrimeService.ClientHandler[101]
      Received HTTP response headers after 706.8094ms - 200
info: System.Net.Http.HttpClient.SspSpCrimeService.LogicalHandler[101]
      End processing HTTP request after 706.8501ms - 200
info: System.Net.Http.HttpClient.SspSpCrimeService.ClientHandler[101]
      Received HTTP response headers after 707.3217ms - 200
info: System.Net.Http.HttpClient.SspSpCrimeService.LogicalHandler[101]
      End processing HTTP request after 707.3437ms - 200
info: System.Net.Http.HttpClient.SspSpCrimeService.ClientHandler[101]
      Received HTTP response headers after 726.1796ms - 200
info: System.Net.Http.HttpClient.SspSpCrimeService.LogicalHandler[101]
      End processing HTTP request after 726.1997ms - 200
info: System.Net.Http.HttpClient.SspSpCrimeService.ClientHandler[101]
      Received HTTP response headers after 727.9187ms - 200
info: System.Net.Http.HttpClient.SspSpCrimeService.LogicalHandler[101]
      End processing HTTP request after 727.9291ms - 200
info: System.Net.Http.HttpClient.SspSpCrimeService.ClientHandler[101]
      Received HTTP response headers after 807.0537ms - 200
info: System.Net.Http.HttpClient.SspSpCrimeService.LogicalHandler[101]
      End processing HTTP request after 807.0869ms - 200
info: System.Net.Http.HttpClient.SspSpCrimeService.ClientHandler[101]
      Received HTTP response headers after 882.1701ms - 200
info: System.Net.Http.HttpClient.SspSpCrimeService.LogicalHandler[101]
      End processing HTTP request after 882.2222ms - 200
info: System.Net.Http.HttpClient.SspSpCrimeService.ClientHandler[101]
      Received HTTP response headers after 901.6471ms - 200
info: System.Net.Http.HttpClient.SspSpCrimeService.LogicalHandler[101]
      End processing HTTP request after 901.6761ms - 200
info: System.Net.Http.HttpClient.SspSpCrimeService.ClientHandler[101]
      Received HTTP response headers after 910.7215ms - 200
info: System.Net.Http.HttpClient.SspSpCrimeService.LogicalHandler[101]
      End processing HTTP request after 910.7441ms - 200
info: System.Net.Http.HttpClient.SspSpCrimeService.ClientHandler[101]
      Received HTTP response headers after 912.3882ms - 200
info: System.Net.Http.HttpClient.SspSpCrimeService.LogicalHandler[101]
      End processing HTTP request after 912.4009ms - 200
info: System.Net.Http.HttpClient.SspSpCrimeService.ClientHandler[101]
      Received HTTP response headers after 1002.6909ms - 200
info: System.Net.Http.HttpClient.SspSpCrimeService.LogicalHandler[101]
      End processing HTTP request after 1002.7237ms - 200
info: System.Net.Http.HttpClient.SspSpCrimeService.ClientHandler[101]
      Received HTTP response headers after 1069.3127ms - 200
info: System.Net.Http.HttpClient.SspSpCrimeService.LogicalHandler[101]
      End processing HTTP request after 1069.358ms - 200
info: System.Net.Http.HttpClient.SspSpCrimeService.ClientHandler[101]
      Received HTTP response headers after 1102.0567ms - 200
info: System.Net.Http.HttpClient.SspSpCrimeService.LogicalHandler[101]
      End processing HTTP request after 1102.0758ms - 200
info: System.Net.Http.HttpClient.SspSpCrimeService.ClientHandler[101]
      Received HTTP response headers after 1136.694ms - 200
info: System.Net.Http.HttpClient.SspSpCrimeService.LogicalHandler[101]
      End processing HTTP request after 1136.7287ms - 200
info: System.Net.Http.HttpClient.SspSpCrimeService.ClientHandler[101]
      Received HTTP response headers after 1141.6092ms - 200
info: System.Net.Http.HttpClient.SspSpCrimeService.LogicalHandler[101]
      End processing HTTP request after 1141.6324ms - 200
info: System.Net.Http.HttpClient.SspSpCrimeService.ClientHandler[101]
      Received HTTP response headers after 1243.2944ms - 200
info: System.Net.Http.HttpClient.SspSpCrimeService.LogicalHandler[101]
      End processing HTTP request after 1243.3426ms - 200
info: System.Net.Http.HttpClient.SspSpCrimeService.ClientHandler[101]
      Received HTTP response headers after 1252.5883ms - 200
info: System.Net.Http.HttpClient.SspSpCrimeService.LogicalHandler[101]
      End processing HTTP request after 1252.6427ms - 200
info: System.Net.Http.HttpClient.SspSpCrimeService.ClientHandler[101]
      Received HTTP response headers after 1284.5398ms - 200
info: System.Net.Http.HttpClient.SspSpCrimeService.LogicalHandler[101]
      End processing HTTP request after 1284.579ms - 200
info: System.Net.Http.HttpClient.SspSpCrimeService.ClientHandler[101]
      Received HTTP response headers after 1286.5006ms - 200
info: System.Net.Http.HttpClient.SspSpCrimeService.LogicalHandler[101]
      End processing HTTP request after 1286.5185ms - 200
info: System.Net.Http.HttpClient.SspSpCrimeService.ClientHandler[101]
      Received HTTP response headers after 1298.7571ms - 200
info: System.Net.Http.HttpClient.SspSpCrimeService.LogicalHandler[101]
      End processing HTTP request after 1298.7862ms - 200
info: System.Net.Http.HttpClient.SspSpCrimeService.ClientHandler[101]
      Received HTTP response headers after 1333.3703ms - 200
info: System.Net.Http.HttpClient.SspSpCrimeService.LogicalHandler[101]
      End processing HTTP request after 1333.4052ms - 200
info: System.Net.Http.HttpClient.SspSpCrimeService.ClientHandler[101]
      Received HTTP response headers after 1450.0957ms - 200
info: System.Net.Http.HttpClient.SspSpCrimeService.LogicalHandler[101]
      End processing HTTP request after 1450.1374ms - 200
info: System.Net.Http.HttpClient.SspSpCrimeService.ClientHandler[101]
      Received HTTP response headers after 1461.4329ms - 200
info: System.Net.Http.HttpClient.SspSpCrimeService.LogicalHandler[101]
      End processing HTTP request after 1461.4677ms - 200
info: System.Net.Http.HttpClient.SspSpCrimeService.ClientHandler[101]
      Received HTTP response headers after 1472.6019ms - 200
info: System.Net.Http.HttpClient.SspSpCrimeService.LogicalHandler[101]
      End processing HTTP request after 1472.6377ms - 200
info: Microsoft.AspNetCore.Http.Result.OkObjectResult[1]
      Setting HTTP status code 200.
info: Microsoft.AspNetCore.Http.Result.OkObjectResult[3]
      Writing value of type '<>f__AnonymousType17`5' as Json.
info: Microsoft.AspNetCore.Routing.EndpointMiddleware[1]
      Executed endpoint 'HTTP: GET /api/seguranca/distritos-proximos'
info: Microsoft.AspNetCore.Hosting.Diagnostics[2]
      Request finished HTTP/1.1 GET http://localhost:5209/api/seguranca/distritos-proximos?ano=2026&atualizar=true - 200 - application/json;+charset=utf-8 1598.3836ms
info: Microsoft.AspNetCore.Hosting.Diagnostics[1]
      Request starting HTTP/1.1 GET http://localhost:5209/api/seguranca/distritos-proximos?ano=2026&atualizar=true - - -
info: Microsoft.AspNetCore.Cors.Infrastructure.CorsService[4]
      CORS policy execution successful.
info: Microsoft.AspNetCore.Routing.EndpointMiddleware[0]
      Executing endpoint 'HTTP: GET /api/seguranca/distritos-proximos'
info: System.Net.Http.HttpClient.SspSpCrimeService.LogicalHandler[100]
      Start processing HTTP request GET https://www.ssp.sp.gov.br/v1/Distritos/RecuperaDistritos
info: System.Net.Http.HttpClient.SspSpCrimeService.ClientHandler[100]
      Sending HTTP request GET https://www.ssp.sp.gov.br/v1/Distritos/RecuperaDistritos
info: System.Net.Http.HttpClient.SspSpCrimeService.ClientHandler[101]
      Received HTTP response headers after 80.9488ms - 200
info: System.Net.Http.HttpClient.SspSpCrimeService.LogicalHandler[101]
      End processing HTTP request after 81.0001ms - 200
info: System.Net.Http.HttpClient.SspSpCrimeService.LogicalHandler[100]
      Start processing HTTP request GET https://www.ssp.sp.gov.br/v1/OcorrenciasMensais/RecuperaDadosMensaisAgrupados?*
info: System.Net.Http.HttpClient.SspSpCrimeService.ClientHandler[100]
      Sending HTTP request GET https://www.ssp.sp.gov.br/v1/OcorrenciasMensais/RecuperaDadosMensaisAgrupados?*
info: System.Net.Http.HttpClient.SspSpCrimeService.LogicalHandler[100]
      Start processing HTTP request GET https://www.ssp.sp.gov.br/v1/OcorrenciasMensais/RecuperaDadosMensaisAgrupados?*
info: System.Net.Http.HttpClient.SspSpCrimeService.ClientHandler[100]
      Sending HTTP request GET https://www.ssp.sp.gov.br/v1/OcorrenciasMensais/RecuperaDadosMensaisAgrupados?*
info: System.Net.Http.HttpClient.SspSpCrimeService.LogicalHandler[100]
      Start processing HTTP request GET https://www.ssp.sp.gov.br/v1/OcorrenciasMensais/RecuperaDadosMensaisAgrupados?*
info: System.Net.Http.HttpClient.SspSpCrimeService.ClientHandler[100]
      Sending HTTP request GET https://www.ssp.sp.gov.br/v1/OcorrenciasMensais/RecuperaDadosMensaisAgrupados?*
info: System.Net.Http.HttpClient.SspSpCrimeService.LogicalHandler[100]
      Start processing HTTP request GET https://www.ssp.sp.gov.br/v1/OcorrenciasMensais/RecuperaDadosMensaisAgrupados?*
info: System.Net.Http.HttpClient.SspSpCrimeService.ClientHandler[100]
      Sending HTTP request GET https://www.ssp.sp.gov.br/v1/OcorrenciasMensais/RecuperaDadosMensaisAgrupados?*
info: System.Net.Http.HttpClient.SspSpCrimeService.LogicalHandler[100]
      Start processing HTTP request GET https://www.ssp.sp.gov.br/v1/OcorrenciasMensais/RecuperaDadosMensaisAgrupados?*
info: System.Net.Http.HttpClient.SspSpCrimeService.ClientHandler[100]
      Sending HTTP request GET https://www.ssp.sp.gov.br/v1/OcorrenciasMensais/RecuperaDadosMensaisAgrupados?*
info: System.Net.Http.HttpClient.SspSpCrimeService.LogicalHandler[100]
      Start processing HTTP request GET https://www.ssp.sp.gov.br/v1/OcorrenciasMensais/RecuperaDadosMensaisAgrupados?*
info: System.Net.Http.HttpClient.SspSpCrimeService.ClientHandler[100]
      Sending HTTP request GET https://www.ssp.sp.gov.br/v1/OcorrenciasMensais/RecuperaDadosMensaisAgrupados?*
info: System.Net.Http.HttpClient.SspSpCrimeService.LogicalHandler[100]
      Start processing HTTP request GET https://www.ssp.sp.gov.br/v1/OcorrenciasMensais/RecuperaDadosMensaisAgrupados?*
info: System.Net.Http.HttpClient.SspSpCrimeService.ClientHandler[100]
      Sending HTTP request GET https://www.ssp.sp.gov.br/v1/OcorrenciasMensais/RecuperaDadosMensaisAgrupados?*
info: System.Net.Http.HttpClient.SspSpCrimeService.LogicalHandler[100]
      Start processing HTTP request GET https://www.ssp.sp.gov.br/v1/OcorrenciasMensais/RecuperaDadosMensaisAgrupados?*
info: System.Net.Http.HttpClient.SspSpCrimeService.ClientHandler[100]
      Sending HTTP request GET https://www.ssp.sp.gov.br/v1/OcorrenciasMensais/RecuperaDadosMensaisAgrupados?*
info: System.Net.Http.HttpClient.SspSpCrimeService.LogicalHandler[100]
      Start processing HTTP request GET https://www.ssp.sp.gov.br/v1/OcorrenciasMensais/RecuperaDadosMensaisAgrupados?*
info: System.Net.Http.HttpClient.SspSpCrimeService.ClientHandler[100]
      Sending HTTP request GET https://www.ssp.sp.gov.br/v1/OcorrenciasMensais/RecuperaDadosMensaisAgrupados?*
info: System.Net.Http.HttpClient.SspSpCrimeService.LogicalHandler[100]
      Start processing HTTP request GET https://www.ssp.sp.gov.br/v1/OcorrenciasMensais/RecuperaDadosMensaisAgrupados?*
info: System.Net.Http.HttpClient.SspSpCrimeService.ClientHandler[100]
      Sending HTTP request GET https://www.ssp.sp.gov.br/v1/OcorrenciasMensais/RecuperaDadosMensaisAgrupados?*
info: System.Net.Http.HttpClient.SspSpCrimeService.LogicalHandler[100]
      Start processing HTTP request GET https://www.ssp.sp.gov.br/v1/OcorrenciasMensais/RecuperaDadosMensaisAgrupados?*
info: System.Net.Http.HttpClient.SspSpCrimeService.ClientHandler[100]
      Sending HTTP request GET https://www.ssp.sp.gov.br/v1/OcorrenciasMensais/RecuperaDadosMensaisAgrupados?*
info: System.Net.Http.HttpClient.SspSpCrimeService.LogicalHandler[100]
      Start processing HTTP request GET https://www.ssp.sp.gov.br/v1/OcorrenciasMensais/RecuperaDadosMensaisAgrupados?*
info: System.Net.Http.HttpClient.SspSpCrimeService.ClientHandler[100]
      Sending HTTP request GET https://www.ssp.sp.gov.br/v1/OcorrenciasMensais/RecuperaDadosMensaisAgrupados?*
info: System.Net.Http.HttpClient.SspSpCrimeService.LogicalHandler[100]
      Start processing HTTP request GET https://www.ssp.sp.gov.br/v1/OcorrenciasMensais/RecuperaDadosMensaisAgrupados?*
info: System.Net.Http.HttpClient.SspSpCrimeService.ClientHandler[100]
      Sending HTTP request GET https://www.ssp.sp.gov.br/v1/OcorrenciasMensais/RecuperaDadosMensaisAgrupados?*
info: System.Net.Http.HttpClient.SspSpCrimeService.LogicalHandler[100]
      Start processing HTTP request GET https://www.ssp.sp.gov.br/v1/OcorrenciasMensais/RecuperaDadosMensaisAgrupados?*
info: System.Net.Http.HttpClient.SspSpCrimeService.ClientHandler[100]
      Sending HTTP request GET https://www.ssp.sp.gov.br/v1/OcorrenciasMensais/RecuperaDadosMensaisAgrupados?*
info: System.Net.Http.HttpClient.SspSpCrimeService.LogicalHandler[100]
      Start processing HTTP request GET https://www.ssp.sp.gov.br/v1/OcorrenciasMensais/RecuperaDadosMensaisAgrupados?*
info: System.Net.Http.HttpClient.SspSpCrimeService.ClientHandler[100]
      Sending HTTP request GET https://www.ssp.sp.gov.br/v1/OcorrenciasMensais/RecuperaDadosMensaisAgrupados?*
info: System.Net.Http.HttpClient.SspSpCrimeService.LogicalHandler[100]
      Start processing HTTP request GET https://www.ssp.sp.gov.br/v1/OcorrenciasMensais/RecuperaDadosMensaisAgrupados?*
info: System.Net.Http.HttpClient.SspSpCrimeService.ClientHandler[100]
      Sending HTTP request GET https://www.ssp.sp.gov.br/v1/OcorrenciasMensais/RecuperaDadosMensaisAgrupados?*
info: System.Net.Http.HttpClient.SspSpCrimeService.LogicalHandler[100]
      Start processing HTTP request GET https://www.ssp.sp.gov.br/v1/OcorrenciasMensais/RecuperaDadosMensaisAgrupados?*
info: System.Net.Http.HttpClient.SspSpCrimeService.ClientHandler[100]
      Sending HTTP request GET https://www.ssp.sp.gov.br/v1/OcorrenciasMensais/RecuperaDadosMensaisAgrupados?*
info: System.Net.Http.HttpClient.SspSpCrimeService.LogicalHandler[100]
      Start processing HTTP request GET https://www.ssp.sp.gov.br/v1/OcorrenciasMensais/RecuperaDadosMensaisAgrupados?*
info: System.Net.Http.HttpClient.SspSpCrimeService.ClientHandler[100]
      Sending HTTP request GET https://www.ssp.sp.gov.br/v1/OcorrenciasMensais/RecuperaDadosMensaisAgrupados?*
info: System.Net.Http.HttpClient.SspSpCrimeService.LogicalHandler[100]
      Start processing HTTP request GET https://www.ssp.sp.gov.br/v1/OcorrenciasMensais/RecuperaDadosMensaisAgrupados?*
info: System.Net.Http.HttpClient.SspSpCrimeService.ClientHandler[100]
      Sending HTTP request GET https://www.ssp.sp.gov.br/v1/OcorrenciasMensais/RecuperaDadosMensaisAgrupados?*
info: System.Net.Http.HttpClient.SspSpCrimeService.LogicalHandler[100]
      Start processing HTTP request GET https://www.ssp.sp.gov.br/v1/OcorrenciasMensais/RecuperaDadosMensaisAgrupados?*
info: System.Net.Http.HttpClient.SspSpCrimeService.ClientHandler[100]
      Sending HTTP request GET https://www.ssp.sp.gov.br/v1/OcorrenciasMensais/RecuperaDadosMensaisAgrupados?*
info: System.Net.Http.HttpClient.SspSpCrimeService.LogicalHandler[100]
      Start processing HTTP request GET https://www.ssp.sp.gov.br/v1/OcorrenciasMensais/RecuperaDadosMensaisAgrupados?*
info: System.Net.Http.HttpClient.SspSpCrimeService.ClientHandler[100]
      Sending HTTP request GET https://www.ssp.sp.gov.br/v1/OcorrenciasMensais/RecuperaDadosMensaisAgrupados?*
info: System.Net.Http.HttpClient.SspSpCrimeService.LogicalHandler[100]
      Start processing HTTP request GET https://www.ssp.sp.gov.br/v1/OcorrenciasMensais/RecuperaDadosMensaisAgrupados?*
info: System.Net.Http.HttpClient.SspSpCrimeService.ClientHandler[100]
      Sending HTTP request GET https://www.ssp.sp.gov.br/v1/OcorrenciasMensais/RecuperaDadosMensaisAgrupados?*
info: System.Net.Http.HttpClient.SspSpCrimeService.LogicalHandler[100]
      Start processing HTTP request GET https://www.ssp.sp.gov.br/v1/OcorrenciasMensais/RecuperaDadosMensaisAgrupados?*
info: System.Net.Http.HttpClient.SspSpCrimeService.ClientHandler[100]
      Sending HTTP request GET https://www.ssp.sp.gov.br/v1/OcorrenciasMensais/RecuperaDadosMensaisAgrupados?*
info: System.Net.Http.HttpClient.SspSpCrimeService.LogicalHandler[100]
      Start processing HTTP request GET https://www.ssp.sp.gov.br/v1/OcorrenciasMensais/RecuperaDadosMensaisAgrupados?*
info: System.Net.Http.HttpClient.SspSpCrimeService.ClientHandler[100]
      Sending HTTP request GET https://www.ssp.sp.gov.br/v1/OcorrenciasMensais/RecuperaDadosMensaisAgrupados?*
info: System.Net.Http.HttpClient.SspSpCrimeService.LogicalHandler[100]
      Start processing HTTP request GET https://www.ssp.sp.gov.br/v1/OcorrenciasMensais/RecuperaDadosMensaisAgrupados?*
info: System.Net.Http.HttpClient.SspSpCrimeService.ClientHandler[100]
      Sending HTTP request GET https://www.ssp.sp.gov.br/v1/OcorrenciasMensais/RecuperaDadosMensaisAgrupados?*
info: System.Net.Http.HttpClient.SspSpCrimeService.LogicalHandler[100]
      Start processing HTTP request GET https://www.ssp.sp.gov.br/v1/OcorrenciasMensais/RecuperaDadosMensaisAgrupados?*
info: System.Net.Http.HttpClient.SspSpCrimeService.ClientHandler[100]
      Sending HTTP request GET https://www.ssp.sp.gov.br/v1/OcorrenciasMensais/RecuperaDadosMensaisAgrupados?*
info: System.Net.Http.HttpClient.SspSpCrimeService.LogicalHandler[100]
      Start processing HTTP request GET https://www.ssp.sp.gov.br/v1/OcorrenciasMensais/RecuperaDadosMensaisAgrupados?*
info: System.Net.Http.HttpClient.SspSpCrimeService.ClientHandler[100]
      Sending HTTP request GET https://www.ssp.sp.gov.br/v1/OcorrenciasMensais/RecuperaDadosMensaisAgrupados?*
info: System.Net.Http.HttpClient.SspSpCrimeService.LogicalHandler[100]
      Start processing HTTP request GET https://www.ssp.sp.gov.br/v1/OcorrenciasMensais/RecuperaDadosMensaisAgrupados?*
info: System.Net.Http.HttpClient.SspSpCrimeService.ClientHandler[100]
      Sending HTTP request GET https://www.ssp.sp.gov.br/v1/OcorrenciasMensais/RecuperaDadosMensaisAgrupados?*
info: System.Net.Http.HttpClient.SspSpCrimeService.LogicalHandler[100]
      Start processing HTTP request GET https://www.ssp.sp.gov.br/v1/OcorrenciasMensais/RecuperaDadosMensaisAgrupados?*
info: System.Net.Http.HttpClient.SspSpCrimeService.ClientHandler[100]
      Sending HTTP request GET https://www.ssp.sp.gov.br/v1/OcorrenciasMensais/RecuperaDadosMensaisAgrupados?*
info: System.Net.Http.HttpClient.SspSpCrimeService.LogicalHandler[100]
      Start processing HTTP request GET https://www.ssp.sp.gov.br/v1/OcorrenciasMensais/RecuperaDadosMensaisAgrupados?*
info: System.Net.Http.HttpClient.SspSpCrimeService.ClientHandler[100]
      Sending HTTP request GET https://www.ssp.sp.gov.br/v1/OcorrenciasMensais/RecuperaDadosMensaisAgrupados?*
info: System.Net.Http.HttpClient.SspSpCrimeService.LogicalHandler[100]
      Start processing HTTP request GET https://www.ssp.sp.gov.br/v1/OcorrenciasMensais/RecuperaDadosMensaisAgrupados?*
info: System.Net.Http.HttpClient.SspSpCrimeService.ClientHandler[100]
      Sending HTTP request GET https://www.ssp.sp.gov.br/v1/OcorrenciasMensais/RecuperaDadosMensaisAgrupados?*
info: System.Net.Http.HttpClient.SspSpCrimeService.LogicalHandler[100]
      Start processing HTTP request GET https://www.ssp.sp.gov.br/v1/OcorrenciasMensais/RecuperaDadosMensaisAgrupados?*
info: System.Net.Http.HttpClient.SspSpCrimeService.ClientHandler[100]
      Sending HTTP request GET https://www.ssp.sp.gov.br/v1/OcorrenciasMensais/RecuperaDadosMensaisAgrupados?*
info: System.Net.Http.HttpClient.SspSpCrimeService.ClientHandler[101]
      Received HTTP response headers after 243.1039ms - 200
info: System.Net.Http.HttpClient.SspSpCrimeService.LogicalHandler[101]
      End processing HTTP request after 243.2038ms - 200
info: System.Net.Http.HttpClient.SspSpCrimeService.ClientHandler[101]
      Received HTTP response headers after 268.6706ms - 200
info: System.Net.Http.HttpClient.SspSpCrimeService.ClientHandler[101]
      Received HTTP response headers after 268.7868ms - 200
info: System.Net.Http.HttpClient.SspSpCrimeService.LogicalHandler[101]
      End processing HTTP request after 268.7722ms - 200
info: System.Net.Http.HttpClient.SspSpCrimeService.LogicalHandler[101]
      End processing HTTP request after 268.8474ms - 200
info: System.Net.Http.HttpClient.SspSpCrimeService.ClientHandler[101]
      Received HTTP response headers after 271.0145ms - 200
info: System.Net.Http.HttpClient.SspSpCrimeService.LogicalHandler[101]
      End processing HTTP request after 271.0466ms - 200
info: System.Net.Http.HttpClient.SspSpCrimeService.ClientHandler[101]
      Received HTTP response headers after 384.8554ms - 200
info: System.Net.Http.HttpClient.SspSpCrimeService.LogicalHandler[101]
      End processing HTTP request after 384.8966ms - 200
info: System.Net.Http.HttpClient.SspSpCrimeService.ClientHandler[101]
      Received HTTP response headers after 395.9733ms - 200
info: System.Net.Http.HttpClient.SspSpCrimeService.LogicalHandler[101]
      End processing HTTP request after 396.0033ms - 200
info: System.Net.Http.HttpClient.SspSpCrimeService.ClientHandler[101]
      Received HTTP response headers after 446.7467ms - 200
info: System.Net.Http.HttpClient.SspSpCrimeService.LogicalHandler[101]
      End processing HTTP request after 446.7926ms - 200
info: System.Net.Http.HttpClient.SspSpCrimeService.ClientHandler[101]
      Received HTTP response headers after 559.5858ms - 200
info: System.Net.Http.HttpClient.SspSpCrimeService.LogicalHandler[101]
      End processing HTTP request after 559.6259ms - 200
info: System.Net.Http.HttpClient.SspSpCrimeService.ClientHandler[101]
      Received HTTP response headers after 628.3073ms - 200
info: System.Net.Http.HttpClient.SspSpCrimeService.LogicalHandler[101]
      End processing HTTP request after 628.3359ms - 200
info: System.Net.Http.HttpClient.SspSpCrimeService.ClientHandler[101]
      Received HTTP response headers after 630.3829ms - 200
info: System.Net.Http.HttpClient.SspSpCrimeService.LogicalHandler[101]
      End processing HTTP request after 630.4065ms - 200
info: System.Net.Http.HttpClient.SspSpCrimeService.ClientHandler[101]
      Received HTTP response headers after 631.1723ms - 200
info: System.Net.Http.HttpClient.SspSpCrimeService.LogicalHandler[101]
      End processing HTTP request after 631.1809ms - 200
info: System.Net.Http.HttpClient.SspSpCrimeService.ClientHandler[101]
      Received HTTP response headers after 632.8986ms - 200
info: System.Net.Http.HttpClient.SspSpCrimeService.LogicalHandler[101]
      End processing HTTP request after 632.9306ms - 200
info: System.Net.Http.HttpClient.SspSpCrimeService.ClientHandler[101]
      Received HTTP response headers after 635.3114ms - 200
info: System.Net.Http.HttpClient.SspSpCrimeService.LogicalHandler[101]
      End processing HTTP request after 635.3352ms - 200
info: System.Net.Http.HttpClient.SspSpCrimeService.ClientHandler[101]
      Received HTTP response headers after 729.4536ms - 200
info: System.Net.Http.HttpClient.SspSpCrimeService.LogicalHandler[101]
      End processing HTTP request after 729.5014ms - 200
info: System.Net.Http.HttpClient.SspSpCrimeService.ClientHandler[101]
      Received HTTP response headers after 732.0094ms - 200
info: System.Net.Http.HttpClient.SspSpCrimeService.LogicalHandler[101]
      End processing HTTP request after 732.0481ms - 200
info: System.Net.Http.HttpClient.SspSpCrimeService.ClientHandler[101]
      Received HTTP response headers after 843.141ms - 200
info: System.Net.Http.HttpClient.SspSpCrimeService.LogicalHandler[101]
      End processing HTTP request after 843.1862ms - 200
info: System.Net.Http.HttpClient.SspSpCrimeService.ClientHandler[101]
      Received HTTP response headers after 946.4718ms - 200
info: System.Net.Http.HttpClient.SspSpCrimeService.LogicalHandler[101]
      End processing HTTP request after 946.5166ms - 200
info: System.Net.Http.HttpClient.SspSpCrimeService.ClientHandler[101]
      Received HTTP response headers after 1006.1455ms - 200
info: System.Net.Http.HttpClient.SspSpCrimeService.LogicalHandler[101]
      End processing HTTP request after 1006.1823ms - 200
info: System.Net.Http.HttpClient.SspSpCrimeService.ClientHandler[101]
      Received HTTP response headers after 1023.7737ms - 200
info: System.Net.Http.HttpClient.SspSpCrimeService.LogicalHandler[101]
      End processing HTTP request after 1023.8236ms - 200
info: System.Net.Http.HttpClient.SspSpCrimeService.ClientHandler[101]
      Received HTTP response headers after 1048.7253ms - 200
info: System.Net.Http.HttpClient.SspSpCrimeService.LogicalHandler[101]
      End processing HTTP request after 1048.7719ms - 200
info: System.Net.Http.HttpClient.SspSpCrimeService.ClientHandler[101]
      Received HTTP response headers after 1049.1349ms - 200
info: System.Net.Http.HttpClient.SspSpCrimeService.LogicalHandler[101]
      End processing HTTP request after 1049.1764ms - 200
info: System.Net.Http.HttpClient.SspSpCrimeService.ClientHandler[101]
      Received HTTP response headers after 1078.1343ms - 200
info: System.Net.Http.HttpClient.SspSpCrimeService.LogicalHandler[101]
      End processing HTTP request after 1078.1721ms - 200
info: System.Net.Http.HttpClient.SspSpCrimeService.ClientHandler[101]
      Received HTTP response headers after 1079.4838ms - 200
info: System.Net.Http.HttpClient.SspSpCrimeService.LogicalHandler[101]
      End processing HTTP request after 1079.5059ms - 200
info: System.Net.Http.HttpClient.SspSpCrimeService.ClientHandler[101]
      Received HTTP response headers after 1169.1203ms - 200
info: System.Net.Http.HttpClient.SspSpCrimeService.LogicalHandler[101]
      End processing HTTP request after 1169.1548ms - 200
info: System.Net.Http.HttpClient.SspSpCrimeService.ClientHandler[101]
      Received HTTP response headers after 1177.3268ms - 200
info: System.Net.Http.HttpClient.SspSpCrimeService.LogicalHandler[101]
      End processing HTTP request after 1177.3572ms - 200
info: System.Net.Http.HttpClient.SspSpCrimeService.ClientHandler[101]
      Received HTTP response headers after 1180.2013ms - 200
info: System.Net.Http.HttpClient.SspSpCrimeService.LogicalHandler[101]
      End processing HTTP request after 1180.2317ms - 200
info: System.Net.Http.HttpClient.SspSpCrimeService.ClientHandler[101]
      Received HTTP response headers after 1183.4734ms - 200
info: System.Net.Http.HttpClient.SspSpCrimeService.LogicalHandler[101]
      End processing HTTP request after 1183.509ms - 200
info: System.Net.Http.HttpClient.SspSpCrimeService.ClientHandler[101]
      Received HTTP response headers after 1196.4321ms - 200
info: System.Net.Http.HttpClient.SspSpCrimeService.LogicalHandler[101]
      End processing HTTP request after 1196.4452ms - 200
info: System.Net.Http.HttpClient.SspSpCrimeService.ClientHandler[101]
      Received HTTP response headers after 1268.3317ms - 200
info: System.Net.Http.HttpClient.SspSpCrimeService.LogicalHandler[101]
      End processing HTTP request after 1268.385ms - 200
info: System.Net.Http.HttpClient.SspSpCrimeService.ClientHandler[101]
      Received HTTP response headers after 1268.4218ms - 200
info: System.Net.Http.HttpClient.SspSpCrimeService.LogicalHandler[101]
      End processing HTTP request after 1268.4333ms - 200
info: System.Net.Http.HttpClient.SspSpCrimeService.ClientHandler[101]
      Received HTTP response headers after 1346.2678ms - 200
info: System.Net.Http.HttpClient.SspSpCrimeService.LogicalHandler[101]
      End processing HTTP request after 1346.3129ms - 200
info: System.Net.Http.HttpClient.SspSpCrimeService.ClientHandler[101]
      Received HTTP response headers after 1346.4069ms - 200
info: System.Net.Http.HttpClient.SspSpCrimeService.LogicalHandler[101]
      End processing HTTP request after 1346.4339ms - 200
info: Microsoft.AspNetCore.Http.Result.OkObjectResult[1]
      Setting HTTP status code 200.
info: Microsoft.AspNetCore.Http.Result.OkObjectResult[3]
      Writing value of type '<>f__AnonymousType17`5' as Json.
info: Microsoft.AspNetCore.Routing.EndpointMiddleware[1]
      Executed endpoint 'HTTP: GET /api/seguranca/distritos-proximos'
info: Microsoft.AspNetCore.Hosting.Diagnostics[2]
      Request finished HTTP/1.1 GET http://localhost:5209/api/seguranca/distritos-proximos?ano=2026&atualizar=true - 200 - application/json;+charset=utf-8 1459.3579ms
info: Microsoft.AspNetCore.Hosting.Diagnostics[1]
      Request starting HTTP/1.1 GET http://localhost:5209/api/seguranca/distritos-proximos?ano=2026&atualizar=true - - -
info: Microsoft.AspNetCore.Cors.Infrastructure.CorsService[4]
      CORS policy execution successful.
info: Microsoft.AspNetCore.Routing.EndpointMiddleware[0]
      Executing endpoint 'HTTP: GET /api/seguranca/distritos-proximos'
info: System.Net.Http.HttpClient.SspSpCrimeService.LogicalHandler[100]
      Start processing HTTP request GET https://www.ssp.sp.gov.br/v1/Distritos/RecuperaDistritos
info: System.Net.Http.HttpClient.SspSpCrimeService.ClientHandler[100]
      Sending HTTP request GET https://www.ssp.sp.gov.br/v1/Distritos/RecuperaDistritos
info: System.Net.Http.HttpClient.SspSpCrimeService.ClientHandler[101]
      Received HTTP response headers after 95.5931ms - 200
info: System.Net.Http.HttpClient.SspSpCrimeService.LogicalHandler[101]
      End processing HTTP request after 95.6827ms - 200
info: System.Net.Http.HttpClient.SspSpCrimeService.LogicalHandler[100]
      Start processing HTTP request GET https://www.ssp.sp.gov.br/v1/OcorrenciasMensais/RecuperaDadosMensaisAgrupados?*
info: System.Net.Http.HttpClient.SspSpCrimeService.ClientHandler[100]
      Sending HTTP request GET https://www.ssp.sp.gov.br/v1/OcorrenciasMensais/RecuperaDadosMensaisAgrupados?*
info: System.Net.Http.HttpClient.SspSpCrimeService.LogicalHandler[100]
      Start processing HTTP request GET https://www.ssp.sp.gov.br/v1/OcorrenciasMensais/RecuperaDadosMensaisAgrupados?*
info: System.Net.Http.HttpClient.SspSpCrimeService.ClientHandler[100]
      Sending HTTP request GET https://www.ssp.sp.gov.br/v1/OcorrenciasMensais/RecuperaDadosMensaisAgrupados?*
info: System.Net.Http.HttpClient.SspSpCrimeService.LogicalHandler[100]
      Start processing HTTP request GET https://www.ssp.sp.gov.br/v1/OcorrenciasMensais/RecuperaDadosMensaisAgrupados?*
info: System.Net.Http.HttpClient.SspSpCrimeService.ClientHandler[100]
      Sending HTTP request GET https://www.ssp.sp.gov.br/v1/OcorrenciasMensais/RecuperaDadosMensaisAgrupados?*
info: System.Net.Http.HttpClient.SspSpCrimeService.LogicalHandler[100]
      Start processing HTTP request GET https://www.ssp.sp.gov.br/v1/OcorrenciasMensais/RecuperaDadosMensaisAgrupados?*
info: System.Net.Http.HttpClient.SspSpCrimeService.ClientHandler[100]
      Sending HTTP request GET https://www.ssp.sp.gov.br/v1/OcorrenciasMensais/RecuperaDadosMensaisAgrupados?*
info: System.Net.Http.HttpClient.SspSpCrimeService.LogicalHandler[100]
      Start processing HTTP request GET https://www.ssp.sp.gov.br/v1/OcorrenciasMensais/RecuperaDadosMensaisAgrupados?*
info: System.Net.Http.HttpClient.SspSpCrimeService.ClientHandler[100]
      Sending HTTP request GET https://www.ssp.sp.gov.br/v1/OcorrenciasMensais/RecuperaDadosMensaisAgrupados?*
info: System.Net.Http.HttpClient.SspSpCrimeService.LogicalHandler[100]
      Start processing HTTP request GET https://www.ssp.sp.gov.br/v1/OcorrenciasMensais/RecuperaDadosMensaisAgrupados?*
info: System.Net.Http.HttpClient.SspSpCrimeService.ClientHandler[100]
      Sending HTTP request GET https://www.ssp.sp.gov.br/v1/OcorrenciasMensais/RecuperaDadosMensaisAgrupados?*
info: System.Net.Http.HttpClient.SspSpCrimeService.LogicalHandler[100]
      Start processing HTTP request GET https://www.ssp.sp.gov.br/v1/OcorrenciasMensais/RecuperaDadosMensaisAgrupados?*
info: System.Net.Http.HttpClient.SspSpCrimeService.ClientHandler[100]
      Sending HTTP request GET https://www.ssp.sp.gov.br/v1/OcorrenciasMensais/RecuperaDadosMensaisAgrupados?*
info: System.Net.Http.HttpClient.SspSpCrimeService.LogicalHandler[100]
      Start processing HTTP request GET https://www.ssp.sp.gov.br/v1/OcorrenciasMensais/RecuperaDadosMensaisAgrupados?*
info: System.Net.Http.HttpClient.SspSpCrimeService.ClientHandler[100]
      Sending HTTP request GET https://www.ssp.sp.gov.br/v1/OcorrenciasMensais/RecuperaDadosMensaisAgrupados?*
info: System.Net.Http.HttpClient.SspSpCrimeService.LogicalHandler[100]
      Start processing HTTP request GET https://www.ssp.sp.gov.br/v1/OcorrenciasMensais/RecuperaDadosMensaisAgrupados?*
info: System.Net.Http.HttpClient.SspSpCrimeService.ClientHandler[100]
      Sending HTTP request GET https://www.ssp.sp.gov.br/v1/OcorrenciasMensais/RecuperaDadosMensaisAgrupados?*
info: System.Net.Http.HttpClient.SspSpCrimeService.LogicalHandler[100]
      Start processing HTTP request GET https://www.ssp.sp.gov.br/v1/OcorrenciasMensais/RecuperaDadosMensaisAgrupados?*
info: System.Net.Http.HttpClient.SspSpCrimeService.ClientHandler[100]
      Sending HTTP request GET https://www.ssp.sp.gov.br/v1/OcorrenciasMensais/RecuperaDadosMensaisAgrupados?*
info: System.Net.Http.HttpClient.SspSpCrimeService.LogicalHandler[100]
      Start processing HTTP request GET https://www.ssp.sp.gov.br/v1/OcorrenciasMensais/RecuperaDadosMensaisAgrupados?*
info: System.Net.Http.HttpClient.SspSpCrimeService.ClientHandler[100]
      Sending HTTP request GET https://www.ssp.sp.gov.br/v1/OcorrenciasMensais/RecuperaDadosMensaisAgrupados?*
info: System.Net.Http.HttpClient.SspSpCrimeService.LogicalHandler[100]
      Start processing HTTP request GET https://www.ssp.sp.gov.br/v1/OcorrenciasMensais/RecuperaDadosMensaisAgrupados?*
info: System.Net.Http.HttpClient.SspSpCrimeService.ClientHandler[100]
      Sending HTTP request GET https://www.ssp.sp.gov.br/v1/OcorrenciasMensais/RecuperaDadosMensaisAgrupados?*
info: System.Net.Http.HttpClient.SspSpCrimeService.LogicalHandler[100]
      Start processing HTTP request GET https://www.ssp.sp.gov.br/v1/OcorrenciasMensais/RecuperaDadosMensaisAgrupados?*
info: System.Net.Http.HttpClient.SspSpCrimeService.ClientHandler[100]
      Sending HTTP request GET https://www.ssp.sp.gov.br/v1/OcorrenciasMensais/RecuperaDadosMensaisAgrupados?*
info: System.Net.Http.HttpClient.SspSpCrimeService.LogicalHandler[100]
      Start processing HTTP request GET https://www.ssp.sp.gov.br/v1/OcorrenciasMensais/RecuperaDadosMensaisAgrupados?*
info: System.Net.Http.HttpClient.SspSpCrimeService.ClientHandler[100]
      Sending HTTP request GET https://www.ssp.sp.gov.br/v1/OcorrenciasMensais/RecuperaDadosMensaisAgrupados?*
info: System.Net.Http.HttpClient.SspSpCrimeService.LogicalHandler[100]
      Start processing HTTP request GET https://www.ssp.sp.gov.br/v1/OcorrenciasMensais/RecuperaDadosMensaisAgrupados?*
info: System.Net.Http.HttpClient.SspSpCrimeService.ClientHandler[100]
      Sending HTTP request GET https://www.ssp.sp.gov.br/v1/OcorrenciasMensais/RecuperaDadosMensaisAgrupados?*
info: System.Net.Http.HttpClient.SspSpCrimeService.LogicalHandler[100]
      Start processing HTTP request GET https://www.ssp.sp.gov.br/v1/OcorrenciasMensais/RecuperaDadosMensaisAgrupados?*
info: System.Net.Http.HttpClient.SspSpCrimeService.ClientHandler[100]
      Sending HTTP request GET https://www.ssp.sp.gov.br/v1/OcorrenciasMensais/RecuperaDadosMensaisAgrupados?*
info: System.Net.Http.HttpClient.SspSpCrimeService.LogicalHandler[100]
      Start processing HTTP request GET https://www.ssp.sp.gov.br/v1/OcorrenciasMensais/RecuperaDadosMensaisAgrupados?*
info: System.Net.Http.HttpClient.SspSpCrimeService.ClientHandler[100]
      Sending HTTP request GET https://www.ssp.sp.gov.br/v1/OcorrenciasMensais/RecuperaDadosMensaisAgrupados?*
info: System.Net.Http.HttpClient.SspSpCrimeService.LogicalHandler[100]
      Start processing HTTP request GET https://www.ssp.sp.gov.br/v1/OcorrenciasMensais/RecuperaDadosMensaisAgrupados?*
info: System.Net.Http.HttpClient.SspSpCrimeService.ClientHandler[100]
      Sending HTTP request GET https://www.ssp.sp.gov.br/v1/OcorrenciasMensais/RecuperaDadosMensaisAgrupados?*
info: System.Net.Http.HttpClient.SspSpCrimeService.LogicalHandler[100]
      Start processing HTTP request GET https://www.ssp.sp.gov.br/v1/OcorrenciasMensais/RecuperaDadosMensaisAgrupados?*
info: System.Net.Http.HttpClient.SspSpCrimeService.ClientHandler[100]
      Sending HTTP request GET https://www.ssp.sp.gov.br/v1/OcorrenciasMensais/RecuperaDadosMensaisAgrupados?*
info: System.Net.Http.HttpClient.SspSpCrimeService.LogicalHandler[100]
      Start processing HTTP request GET https://www.ssp.sp.gov.br/v1/OcorrenciasMensais/RecuperaDadosMensaisAgrupados?*
info: System.Net.Http.HttpClient.SspSpCrimeService.ClientHandler[100]
      Sending HTTP request GET https://www.ssp.sp.gov.br/v1/OcorrenciasMensais/RecuperaDadosMensaisAgrupados?*
info: System.Net.Http.HttpClient.SspSpCrimeService.LogicalHandler[100]
      Start processing HTTP request GET https://www.ssp.sp.gov.br/v1/OcorrenciasMensais/RecuperaDadosMensaisAgrupados?*
info: System.Net.Http.HttpClient.SspSpCrimeService.ClientHandler[100]
      Sending HTTP request GET https://www.ssp.sp.gov.br/v1/OcorrenciasMensais/RecuperaDadosMensaisAgrupados?*
info: System.Net.Http.HttpClient.SspSpCrimeService.LogicalHandler[100]
      Start processing HTTP request GET https://www.ssp.sp.gov.br/v1/OcorrenciasMensais/RecuperaDadosMensaisAgrupados?*
info: System.Net.Http.HttpClient.SspSpCrimeService.ClientHandler[100]
      Sending HTTP request GET https://www.ssp.sp.gov.br/v1/OcorrenciasMensais/RecuperaDadosMensaisAgrupados?*
info: System.Net.Http.HttpClient.SspSpCrimeService.LogicalHandler[100]
      Start processing HTTP request GET https://www.ssp.sp.gov.br/v1/OcorrenciasMensais/RecuperaDadosMensaisAgrupados?*
info: System.Net.Http.HttpClient.SspSpCrimeService.ClientHandler[100]
      Sending HTTP request GET https://www.ssp.sp.gov.br/v1/OcorrenciasMensais/RecuperaDadosMensaisAgrupados?*
info: System.Net.Http.HttpClient.SspSpCrimeService.LogicalHandler[100]
      Start processing HTTP request GET https://www.ssp.sp.gov.br/v1/OcorrenciasMensais/RecuperaDadosMensaisAgrupados?*
info: System.Net.Http.HttpClient.SspSpCrimeService.ClientHandler[100]
      Sending HTTP request GET https://www.ssp.sp.gov.br/v1/OcorrenciasMensais/RecuperaDadosMensaisAgrupados?*
info: System.Net.Http.HttpClient.SspSpCrimeService.LogicalHandler[100]
      Start processing HTTP request GET https://www.ssp.sp.gov.br/v1/OcorrenciasMensais/RecuperaDadosMensaisAgrupados?*
info: System.Net.Http.HttpClient.SspSpCrimeService.ClientHandler[100]
      Sending HTTP request GET https://www.ssp.sp.gov.br/v1/OcorrenciasMensais/RecuperaDadosMensaisAgrupados?*
info: System.Net.Http.HttpClient.SspSpCrimeService.LogicalHandler[100]
      Start processing HTTP request GET https://www.ssp.sp.gov.br/v1/OcorrenciasMensais/RecuperaDadosMensaisAgrupados?*
info: System.Net.Http.HttpClient.SspSpCrimeService.ClientHandler[100]
      Sending HTTP request GET https://www.ssp.sp.gov.br/v1/OcorrenciasMensais/RecuperaDadosMensaisAgrupados?*
info: System.Net.Http.HttpClient.SspSpCrimeService.LogicalHandler[100]
      Start processing HTTP request GET https://www.ssp.sp.gov.br/v1/OcorrenciasMensais/RecuperaDadosMensaisAgrupados?*
info: System.Net.Http.HttpClient.SspSpCrimeService.ClientHandler[100]
      Sending HTTP request GET https://www.ssp.sp.gov.br/v1/OcorrenciasMensais/RecuperaDadosMensaisAgrupados?*
info: System.Net.Http.HttpClient.SspSpCrimeService.LogicalHandler[100]
      Start processing HTTP request GET https://www.ssp.sp.gov.br/v1/OcorrenciasMensais/RecuperaDadosMensaisAgrupados?*
info: System.Net.Http.HttpClient.SspSpCrimeService.ClientHandler[100]
      Sending HTTP request GET https://www.ssp.sp.gov.br/v1/OcorrenciasMensais/RecuperaDadosMensaisAgrupados?*
info: System.Net.Http.HttpClient.SspSpCrimeService.LogicalHandler[100]
      Start processing HTTP request GET https://www.ssp.sp.gov.br/v1/OcorrenciasMensais/RecuperaDadosMensaisAgrupados?*
info: System.Net.Http.HttpClient.SspSpCrimeService.ClientHandler[100]
      Sending HTTP request GET https://www.ssp.sp.gov.br/v1/OcorrenciasMensais/RecuperaDadosMensaisAgrupados?*
info: System.Net.Http.HttpClient.SspSpCrimeService.LogicalHandler[100]
      Start processing HTTP request GET https://www.ssp.sp.gov.br/v1/OcorrenciasMensais/RecuperaDadosMensaisAgrupados?*
info: System.Net.Http.HttpClient.SspSpCrimeService.ClientHandler[100]
      Sending HTTP request GET https://www.ssp.sp.gov.br/v1/OcorrenciasMensais/RecuperaDadosMensaisAgrupados?*
info: System.Net.Http.HttpClient.SspSpCrimeService.LogicalHandler[100]
      Start processing HTTP request GET https://www.ssp.sp.gov.br/v1/OcorrenciasMensais/RecuperaDadosMensaisAgrupados?*
info: System.Net.Http.HttpClient.SspSpCrimeService.ClientHandler[100]
      Sending HTTP request GET https://www.ssp.sp.gov.br/v1/OcorrenciasMensais/RecuperaDadosMensaisAgrupados?*
info: System.Net.Http.HttpClient.SspSpCrimeService.LogicalHandler[100]
      Start processing HTTP request GET https://www.ssp.sp.gov.br/v1/OcorrenciasMensais/RecuperaDadosMensaisAgrupados?*
info: System.Net.Http.HttpClient.SspSpCrimeService.ClientHandler[100]
      Sending HTTP request GET https://www.ssp.sp.gov.br/v1/OcorrenciasMensais/RecuperaDadosMensaisAgrupados?*
info: System.Net.Http.HttpClient.SspSpCrimeService.ClientHandler[101]
      Received HTTP response headers after 180.693ms - 200
info: System.Net.Http.HttpClient.SspSpCrimeService.LogicalHandler[101]
      End processing HTTP request after 180.7895ms - 200
info: System.Net.Http.HttpClient.SspSpCrimeService.ClientHandler[101]
      Received HTTP response headers after 218.0196ms - 200
info: System.Net.Http.HttpClient.SspSpCrimeService.LogicalHandler[101]
      End processing HTTP request after 218.0547ms - 200
info: System.Net.Http.HttpClient.SspSpCrimeService.ClientHandler[101]
      Received HTTP response headers after 228.0369ms - 200
info: System.Net.Http.HttpClient.SspSpCrimeService.LogicalHandler[101]
      End processing HTTP request after 228.0855ms - 200
info: System.Net.Http.HttpClient.SspSpCrimeService.ClientHandler[101]
      Received HTTP response headers after 262.9969ms - 200
info: System.Net.Http.HttpClient.SspSpCrimeService.LogicalHandler[101]
      End processing HTTP request after 263.0259ms - 200
info: System.Net.Http.HttpClient.SspSpCrimeService.ClientHandler[101]
      Received HTTP response headers after 383.6651ms - 200
info: System.Net.Http.HttpClient.SspSpCrimeService.LogicalHandler[101]
      End processing HTTP request after 383.732ms - 200
info: System.Net.Http.HttpClient.SspSpCrimeService.ClientHandler[101]
      Received HTTP response headers after 432.949ms - 200
info: System.Net.Http.HttpClient.SspSpCrimeService.LogicalHandler[101]
      End processing HTTP request after 432.9991ms - 200
info: System.Net.Http.HttpClient.SspSpCrimeService.ClientHandler[101]
      Received HTTP response headers after 438.788ms - 200
info: System.Net.Http.HttpClient.SspSpCrimeService.LogicalHandler[101]
      End processing HTTP request after 438.8059ms - 200
info: System.Net.Http.HttpClient.SspSpCrimeService.ClientHandler[101]
      Received HTTP response headers after 444.765ms - 200
info: System.Net.Http.HttpClient.SspSpCrimeService.LogicalHandler[101]
      End processing HTTP request after 444.7834ms - 200
info: System.Net.Http.HttpClient.SspSpCrimeService.ClientHandler[101]
      Received HTTP response headers after 502.8576ms - 200
info: System.Net.Http.HttpClient.SspSpCrimeService.LogicalHandler[101]
      End processing HTTP request after 502.8815ms - 200
info: System.Net.Http.HttpClient.SspSpCrimeService.ClientHandler[101]
      Received HTTP response headers after 544.0028ms - 200
info: System.Net.Http.HttpClient.SspSpCrimeService.LogicalHandler[101]
      End processing HTTP request after 544.0487ms - 200
info: System.Net.Http.HttpClient.SspSpCrimeService.ClientHandler[101]
      Received HTTP response headers after 564.0945ms - 200
info: System.Net.Http.HttpClient.SspSpCrimeService.LogicalHandler[101]
      End processing HTTP request after 564.1461ms - 200
info: System.Net.Http.HttpClient.SspSpCrimeService.ClientHandler[101]
      Received HTTP response headers after 581.1306ms - 200
info: System.Net.Http.HttpClient.SspSpCrimeService.LogicalHandler[101]
      End processing HTTP request after 581.1607ms - 200
info: System.Net.Http.HttpClient.SspSpCrimeService.ClientHandler[101]
      Received HTTP response headers after 609.5032ms - 200
info: System.Net.Http.HttpClient.SspSpCrimeService.LogicalHandler[101]
      End processing HTTP request after 609.5508ms - 200
info: System.Net.Http.HttpClient.SspSpCrimeService.ClientHandler[101]
      Received HTTP response headers after 730.1397ms - 200
info: System.Net.Http.HttpClient.SspSpCrimeService.LogicalHandler[101]
      End processing HTTP request after 730.1991ms - 200
info: System.Net.Http.HttpClient.SspSpCrimeService.ClientHandler[101]
      Received HTTP response headers after 753.6042ms - 200
info: System.Net.Http.HttpClient.SspSpCrimeService.LogicalHandler[101]
      End processing HTTP request after 753.6664ms - 200
info: System.Net.Http.HttpClient.SspSpCrimeService.ClientHandler[101]
      Received HTTP response headers after 828.2117ms - 200
info: System.Net.Http.HttpClient.SspSpCrimeService.LogicalHandler[101]
      End processing HTTP request after 828.2435ms - 200
info: System.Net.Http.HttpClient.SspSpCrimeService.ClientHandler[101]
      Received HTTP response headers after 875.1643ms - 200
info: System.Net.Http.HttpClient.SspSpCrimeService.LogicalHandler[101]
      End processing HTTP request after 875.2103ms - 200
info: System.Net.Http.HttpClient.SspSpCrimeService.ClientHandler[101]
      Received HTTP response headers after 885.6937ms - 200
info: System.Net.Http.HttpClient.SspSpCrimeService.LogicalHandler[101]
      End processing HTTP request after 885.7353ms - 200
info: System.Net.Http.HttpClient.SspSpCrimeService.ClientHandler[101]
      Received HTTP response headers after 889.3342ms - 200
info: System.Net.Http.HttpClient.SspSpCrimeService.LogicalHandler[101]
      End processing HTTP request after 889.3778ms - 200
info: System.Net.Http.HttpClient.SspSpCrimeService.ClientHandler[101]
      Received HTTP response headers after 890.139ms - 200
info: System.Net.Http.HttpClient.SspSpCrimeService.LogicalHandler[101]
      End processing HTTP request after 890.1628ms - 200
info: System.Net.Http.HttpClient.SspSpCrimeService.ClientHandler[101]
      Received HTTP response headers after 918.8761ms - 200
info: System.Net.Http.HttpClient.SspSpCrimeService.LogicalHandler[101]
      End processing HTTP request after 918.916ms - 200
info: System.Net.Http.HttpClient.SspSpCrimeService.ClientHandler[101]
      Received HTTP response headers after 922.65ms - 200
info: System.Net.Http.HttpClient.SspSpCrimeService.LogicalHandler[101]
      End processing HTTP request after 922.6927ms - 200
info: System.Net.Http.HttpClient.SspSpCrimeService.ClientHandler[101]
      Received HTTP response headers after 1005.3319ms - 200
info: System.Net.Http.HttpClient.SspSpCrimeService.LogicalHandler[101]
      End processing HTTP request after 1005.3743ms - 200
info: System.Net.Http.HttpClient.SspSpCrimeService.ClientHandler[101]
      Received HTTP response headers after 1005.3393ms - 200
info: System.Net.Http.HttpClient.SspSpCrimeService.LogicalHandler[101]
      End processing HTTP request after 1005.3662ms - 200
info: System.Net.Http.HttpClient.SspSpCrimeService.ClientHandler[101]
      Received HTTP response headers after 1016.6137ms - 200
info: System.Net.Http.HttpClient.SspSpCrimeService.LogicalHandler[101]
      End processing HTTP request after 1016.6678ms - 200
info: System.Net.Http.HttpClient.SspSpCrimeService.ClientHandler[101]
      Received HTTP response headers after 1030.2542ms - 200
info: System.Net.Http.HttpClient.SspSpCrimeService.LogicalHandler[101]
      End processing HTTP request after 1030.3173ms - 200
info: System.Net.Http.HttpClient.SspSpCrimeService.ClientHandler[101]
      Received HTTP response headers after 1103.3148ms - 200
info: System.Net.Http.HttpClient.SspSpCrimeService.LogicalHandler[101]
      End processing HTTP request after 1103.341ms - 200
info: System.Net.Http.HttpClient.SspSpCrimeService.ClientHandler[101]
      Received HTTP response headers after 1104.5427ms - 200
info: System.Net.Http.HttpClient.SspSpCrimeService.LogicalHandler[101]
      End processing HTTP request after 1104.5767ms - 200
info: System.Net.Http.HttpClient.SspSpCrimeService.ClientHandler[101]
      Received HTTP response headers after 1191.9951ms - 200
info: System.Net.Http.HttpClient.SspSpCrimeService.LogicalHandler[101]
      End processing HTTP request after 1192.0306ms - 200
info: System.Net.Http.HttpClient.SspSpCrimeService.ClientHandler[101]
      Received HTTP response headers after 1344.4557ms - 200
info: System.Net.Http.HttpClient.SspSpCrimeService.LogicalHandler[101]
      End processing HTTP request after 1344.499ms - 200
info: System.Net.Http.HttpClient.SspSpCrimeService.ClientHandler[101]
      Received HTTP response headers after 1344.8448ms - 200
info: System.Net.Http.HttpClient.SspSpCrimeService.ClientHandler[101]
      Received HTTP response headers after 1344.8299ms - 200
info: System.Net.Http.HttpClient.SspSpCrimeService.LogicalHandler[101]
      End processing HTTP request after 1344.9648ms - 200
info: System.Net.Http.HttpClient.SspSpCrimeService.LogicalHandler[101]
      End processing HTTP request after 1344.9491ms - 200
info: Microsoft.AspNetCore.Http.Result.OkObjectResult[1]
      Setting HTTP status code 200.
info: Microsoft.AspNetCore.Http.Result.OkObjectResult[3]
      Writing value of type '<>f__AnonymousType17`5' as Json.
info: Microsoft.AspNetCore.Routing.EndpointMiddleware[1]
      Executed endpoint 'HTTP: GET /api/seguranca/distritos-proximos'
info: Microsoft.AspNetCore.Hosting.Diagnostics[2]
      Request finished HTTP/1.1 GET http://localhost:5209/api/seguranca/distritos-proximos?ano=2026&atualizar=true - 200 - application/json;+charset=utf-8 1471.6717ms
info: Microsoft.AspNetCore.Hosting.Diagnostics[1]
      Request starting HTTP/1.1 GET http://localhost:5209/api/seguranca/distritos-proximos?ano=2026&atualizar=true - - -
info: Microsoft.AspNetCore.Cors.Infrastructure.CorsService[4]
      CORS policy execution successful.
info: Microsoft.AspNetCore.Routing.EndpointMiddleware[0]
      Executing endpoint 'HTTP: GET /api/seguranca/distritos-proximos'
info: System.Net.Http.HttpClient.SspSpCrimeService.LogicalHandler[100]
      Start processing HTTP request GET https://www.ssp.sp.gov.br/v1/Distritos/RecuperaDistritos
info: System.Net.Http.HttpClient.SspSpCrimeService.ClientHandler[100]
      Sending HTTP request GET https://www.ssp.sp.gov.br/v1/Distritos/RecuperaDistritos
info: System.Net.Http.HttpClient.SspSpCrimeService.ClientHandler[101]
      Received HTTP response headers after 144.554ms - 200
info: System.Net.Http.HttpClient.SspSpCrimeService.LogicalHandler[101]
      End processing HTTP request after 144.6536ms - 200
info: System.Net.Http.HttpClient.SspSpCrimeService.LogicalHandler[100]
      Start processing HTTP request GET https://www.ssp.sp.gov.br/v1/OcorrenciasMensais/RecuperaDadosMensaisAgrupados?*
info: System.Net.Http.HttpClient.SspSpCrimeService.ClientHandler[100]
      Sending HTTP request GET https://www.ssp.sp.gov.br/v1/OcorrenciasMensais/RecuperaDadosMensaisAgrupados?*
info: System.Net.Http.HttpClient.SspSpCrimeService.LogicalHandler[100]
      Start processing HTTP request GET https://www.ssp.sp.gov.br/v1/OcorrenciasMensais/RecuperaDadosMensaisAgrupados?*
info: System.Net.Http.HttpClient.SspSpCrimeService.ClientHandler[100]
      Sending HTTP request GET https://www.ssp.sp.gov.br/v1/OcorrenciasMensais/RecuperaDadosMensaisAgrupados?*
info: System.Net.Http.HttpClient.SspSpCrimeService.LogicalHandler[100]
      Start processing HTTP request GET https://www.ssp.sp.gov.br/v1/OcorrenciasMensais/RecuperaDadosMensaisAgrupados?*
info: System.Net.Http.HttpClient.SspSpCrimeService.ClientHandler[100]
      Sending HTTP request GET https://www.ssp.sp.gov.br/v1/OcorrenciasMensais/RecuperaDadosMensaisAgrupados?*
info: System.Net.Http.HttpClient.SspSpCrimeService.LogicalHandler[100]
      Start processing HTTP request GET https://www.ssp.sp.gov.br/v1/OcorrenciasMensais/RecuperaDadosMensaisAgrupados?*
info: System.Net.Http.HttpClient.SspSpCrimeService.ClientHandler[100]
      Sending HTTP request GET https://www.ssp.sp.gov.br/v1/OcorrenciasMensais/RecuperaDadosMensaisAgrupados?*
info: System.Net.Http.HttpClient.SspSpCrimeService.LogicalHandler[100]
      Start processing HTTP request GET https://www.ssp.sp.gov.br/v1/OcorrenciasMensais/RecuperaDadosMensaisAgrupados?*
info: System.Net.Http.HttpClient.SspSpCrimeService.ClientHandler[100]
      Sending HTTP request GET https://www.ssp.sp.gov.br/v1/OcorrenciasMensais/RecuperaDadosMensaisAgrupados?*
info: System.Net.Http.HttpClient.SspSpCrimeService.LogicalHandler[100]
      Start processing HTTP request GET https://www.ssp.sp.gov.br/v1/OcorrenciasMensais/RecuperaDadosMensaisAgrupados?*
info: System.Net.Http.HttpClient.SspSpCrimeService.ClientHandler[100]
      Sending HTTP request GET https://www.ssp.sp.gov.br/v1/OcorrenciasMensais/RecuperaDadosMensaisAgrupados?*
info: System.Net.Http.HttpClient.SspSpCrimeService.LogicalHandler[100]
      Start processing HTTP request GET https://www.ssp.sp.gov.br/v1/OcorrenciasMensais/RecuperaDadosMensaisAgrupados?*
info: System.Net.Http.HttpClient.SspSpCrimeService.ClientHandler[100]
      Sending HTTP request GET https://www.ssp.sp.gov.br/v1/OcorrenciasMensais/RecuperaDadosMensaisAgrupados?*
info: System.Net.Http.HttpClient.SspSpCrimeService.LogicalHandler[100]
      Start processing HTTP request GET https://www.ssp.sp.gov.br/v1/OcorrenciasMensais/RecuperaDadosMensaisAgrupados?*
info: System.Net.Http.HttpClient.SspSpCrimeService.ClientHandler[100]
      Sending HTTP request GET https://www.ssp.sp.gov.br/v1/OcorrenciasMensais/RecuperaDadosMensaisAgrupados?*
info: System.Net.Http.HttpClient.SspSpCrimeService.LogicalHandler[100]
      Start processing HTTP request GET https://www.ssp.sp.gov.br/v1/OcorrenciasMensais/RecuperaDadosMensaisAgrupados?*
info: System.Net.Http.HttpClient.SspSpCrimeService.ClientHandler[100]
      Sending HTTP request GET https://www.ssp.sp.gov.br/v1/OcorrenciasMensais/RecuperaDadosMensaisAgrupados?*
info: System.Net.Http.HttpClient.SspSpCrimeService.LogicalHandler[100]
      Start processing HTTP request GET https://www.ssp.sp.gov.br/v1/OcorrenciasMensais/RecuperaDadosMensaisAgrupados?*
info: System.Net.Http.HttpClient.SspSpCrimeService.ClientHandler[100]
      Sending HTTP request GET https://www.ssp.sp.gov.br/v1/OcorrenciasMensais/RecuperaDadosMensaisAgrupados?*
info: System.Net.Http.HttpClient.SspSpCrimeService.LogicalHandler[100]
      Start processing HTTP request GET https://www.ssp.sp.gov.br/v1/OcorrenciasMensais/RecuperaDadosMensaisAgrupados?*
info: System.Net.Http.HttpClient.SspSpCrimeService.ClientHandler[100]
      Sending HTTP request GET https://www.ssp.sp.gov.br/v1/OcorrenciasMensais/RecuperaDadosMensaisAgrupados?*
info: System.Net.Http.HttpClient.SspSpCrimeService.LogicalHandler[100]
      Start processing HTTP request GET https://www.ssp.sp.gov.br/v1/OcorrenciasMensais/RecuperaDadosMensaisAgrupados?*
info: System.Net.Http.HttpClient.SspSpCrimeService.ClientHandler[100]
      Sending HTTP request GET https://www.ssp.sp.gov.br/v1/OcorrenciasMensais/RecuperaDadosMensaisAgrupados?*
info: System.Net.Http.HttpClient.SspSpCrimeService.LogicalHandler[100]
      Start processing HTTP request GET https://www.ssp.sp.gov.br/v1/OcorrenciasMensais/RecuperaDadosMensaisAgrupados?*
info: System.Net.Http.HttpClient.SspSpCrimeService.ClientHandler[100]
      Sending HTTP request GET https://www.ssp.sp.gov.br/v1/OcorrenciasMensais/RecuperaDadosMensaisAgrupados?*
info: System.Net.Http.HttpClient.SspSpCrimeService.LogicalHandler[100]
      Start processing HTTP request GET https://www.ssp.sp.gov.br/v1/OcorrenciasMensais/RecuperaDadosMensaisAgrupados?*
info: System.Net.Http.HttpClient.SspSpCrimeService.ClientHandler[100]
      Sending HTTP request GET https://www.ssp.sp.gov.br/v1/OcorrenciasMensais/RecuperaDadosMensaisAgrupados?*
info: System.Net.Http.HttpClient.SspSpCrimeService.LogicalHandler[100]
      Start processing HTTP request GET https://www.ssp.sp.gov.br/v1/OcorrenciasMensais/RecuperaDadosMensaisAgrupados?*
info: System.Net.Http.HttpClient.SspSpCrimeService.ClientHandler[100]
      Sending HTTP request GET https://www.ssp.sp.gov.br/v1/OcorrenciasMensais/RecuperaDadosMensaisAgrupados?*
info: System.Net.Http.HttpClient.SspSpCrimeService.LogicalHandler[100]
      Start processing HTTP request GET https://www.ssp.sp.gov.br/v1/OcorrenciasMensais/RecuperaDadosMensaisAgrupados?*
info: System.Net.Http.HttpClient.SspSpCrimeService.ClientHandler[100]
      Sending HTTP request GET https://www.ssp.sp.gov.br/v1/OcorrenciasMensais/RecuperaDadosMensaisAgrupados?*
info: System.Net.Http.HttpClient.SspSpCrimeService.LogicalHandler[100]
      Start processing HTTP request GET https://www.ssp.sp.gov.br/v1/OcorrenciasMensais/RecuperaDadosMensaisAgrupados?*
info: System.Net.Http.HttpClient.SspSpCrimeService.ClientHandler[100]
      Sending HTTP request GET https://www.ssp.sp.gov.br/v1/OcorrenciasMensais/RecuperaDadosMensaisAgrupados?*
info: System.Net.Http.HttpClient.SspSpCrimeService.LogicalHandler[100]
      Start processing HTTP request GET https://www.ssp.sp.gov.br/v1/OcorrenciasMensais/RecuperaDadosMensaisAgrupados?*
info: System.Net.Http.HttpClient.SspSpCrimeService.ClientHandler[100]
      Sending HTTP request GET https://www.ssp.sp.gov.br/v1/OcorrenciasMensais/RecuperaDadosMensaisAgrupados?*
info: System.Net.Http.HttpClient.SspSpCrimeService.LogicalHandler[100]
      Start processing HTTP request GET https://www.ssp.sp.gov.br/v1/OcorrenciasMensais/RecuperaDadosMensaisAgrupados?*
info: System.Net.Http.HttpClient.SspSpCrimeService.ClientHandler[100]
      Sending HTTP request GET https://www.ssp.sp.gov.br/v1/OcorrenciasMensais/RecuperaDadosMensaisAgrupados?*
info: System.Net.Http.HttpClient.SspSpCrimeService.LogicalHandler[100]
      Start processing HTTP request GET https://www.ssp.sp.gov.br/v1/OcorrenciasMensais/RecuperaDadosMensaisAgrupados?*
info: System.Net.Http.HttpClient.SspSpCrimeService.ClientHandler[100]
      Sending HTTP request GET https://www.ssp.sp.gov.br/v1/OcorrenciasMensais/RecuperaDadosMensaisAgrupados?*
info: System.Net.Http.HttpClient.SspSpCrimeService.LogicalHandler[100]
      Start processing HTTP request GET https://www.ssp.sp.gov.br/v1/OcorrenciasMensais/RecuperaDadosMensaisAgrupados?*
info: System.Net.Http.HttpClient.SspSpCrimeService.ClientHandler[100]
      Sending HTTP request GET https://www.ssp.sp.gov.br/v1/OcorrenciasMensais/RecuperaDadosMensaisAgrupados?*
info: System.Net.Http.HttpClient.SspSpCrimeService.LogicalHandler[100]
      Start processing HTTP request GET https://www.ssp.sp.gov.br/v1/OcorrenciasMensais/RecuperaDadosMensaisAgrupados?*
info: System.Net.Http.HttpClient.SspSpCrimeService.ClientHandler[100]
      Sending HTTP request GET https://www.ssp.sp.gov.br/v1/OcorrenciasMensais/RecuperaDadosMensaisAgrupados?*
info: System.Net.Http.HttpClient.SspSpCrimeService.LogicalHandler[100]
      Start processing HTTP request GET https://www.ssp.sp.gov.br/v1/OcorrenciasMensais/RecuperaDadosMensaisAgrupados?*
info: System.Net.Http.HttpClient.SspSpCrimeService.ClientHandler[100]
      Sending HTTP request GET https://www.ssp.sp.gov.br/v1/OcorrenciasMensais/RecuperaDadosMensaisAgrupados?*
info: System.Net.Http.HttpClient.SspSpCrimeService.LogicalHandler[100]
      Start processing HTTP request GET https://www.ssp.sp.gov.br/v1/OcorrenciasMensais/RecuperaDadosMensaisAgrupados?*
info: System.Net.Http.HttpClient.SspSpCrimeService.ClientHandler[100]
      Sending HTTP request GET https://www.ssp.sp.gov.br/v1/OcorrenciasMensais/RecuperaDadosMensaisAgrupados?*
info: System.Net.Http.HttpClient.SspSpCrimeService.LogicalHandler[100]
      Start processing HTTP request GET https://www.ssp.sp.gov.br/v1/OcorrenciasMensais/RecuperaDadosMensaisAgrupados?*
info: System.Net.Http.HttpClient.SspSpCrimeService.ClientHandler[100]
      Sending HTTP request GET https://www.ssp.sp.gov.br/v1/OcorrenciasMensais/RecuperaDadosMensaisAgrupados?*
info: System.Net.Http.HttpClient.SspSpCrimeService.LogicalHandler[100]
      Start processing HTTP request GET https://www.ssp.sp.gov.br/v1/OcorrenciasMensais/RecuperaDadosMensaisAgrupados?*
info: System.Net.Http.HttpClient.SspSpCrimeService.ClientHandler[100]
      Sending HTTP request GET https://www.ssp.sp.gov.br/v1/OcorrenciasMensais/RecuperaDadosMensaisAgrupados?*
info: System.Net.Http.HttpClient.SspSpCrimeService.LogicalHandler[100]
      Start processing HTTP request GET https://www.ssp.sp.gov.br/v1/OcorrenciasMensais/RecuperaDadosMensaisAgrupados?*
info: System.Net.Http.HttpClient.SspSpCrimeService.ClientHandler[100]
      Sending HTTP request GET https://www.ssp.sp.gov.br/v1/OcorrenciasMensais/RecuperaDadosMensaisAgrupados?*
info: System.Net.Http.HttpClient.SspSpCrimeService.LogicalHandler[100]
      Start processing HTTP request GET https://www.ssp.sp.gov.br/v1/OcorrenciasMensais/RecuperaDadosMensaisAgrupados?*
info: System.Net.Http.HttpClient.SspSpCrimeService.ClientHandler[100]
      Sending HTTP request GET https://www.ssp.sp.gov.br/v1/OcorrenciasMensais/RecuperaDadosMensaisAgrupados?*
info: System.Net.Http.HttpClient.SspSpCrimeService.LogicalHandler[100]
      Start processing HTTP request GET https://www.ssp.sp.gov.br/v1/OcorrenciasMensais/RecuperaDadosMensaisAgrupados?*
info: System.Net.Http.HttpClient.SspSpCrimeService.ClientHandler[100]
      Sending HTTP request GET https://www.ssp.sp.gov.br/v1/OcorrenciasMensais/RecuperaDadosMensaisAgrupados?*
info: System.Net.Http.HttpClient.SspSpCrimeService.LogicalHandler[100]
      Start processing HTTP request GET https://www.ssp.sp.gov.br/v1/OcorrenciasMensais/RecuperaDadosMensaisAgrupados?*
info: System.Net.Http.HttpClient.SspSpCrimeService.ClientHandler[100]
      Sending HTTP request GET https://www.ssp.sp.gov.br/v1/OcorrenciasMensais/RecuperaDadosMensaisAgrupados?*
info: System.Net.Http.HttpClient.SspSpCrimeService.LogicalHandler[100]
      Start processing HTTP request GET https://www.ssp.sp.gov.br/v1/OcorrenciasMensais/RecuperaDadosMensaisAgrupados?*
info: System.Net.Http.HttpClient.SspSpCrimeService.ClientHandler[100]
      Sending HTTP request GET https://www.ssp.sp.gov.br/v1/OcorrenciasMensais/RecuperaDadosMensaisAgrupados?*
info: System.Net.Http.HttpClient.SspSpCrimeService.LogicalHandler[100]
      Start processing HTTP request GET https://www.ssp.sp.gov.br/v1/OcorrenciasMensais/RecuperaDadosMensaisAgrupados?*
info: System.Net.Http.HttpClient.SspSpCrimeService.ClientHandler[100]
      Sending HTTP request GET https://www.ssp.sp.gov.br/v1/OcorrenciasMensais/RecuperaDadosMensaisAgrupados?*
info: System.Net.Http.HttpClient.SspSpCrimeService.ClientHandler[101]
      Received HTTP response headers after 205.8958ms - 200
info: System.Net.Http.HttpClient.SspSpCrimeService.LogicalHandler[101]
      End processing HTTP request after 205.9561ms - 200
info: System.Net.Http.HttpClient.SspSpCrimeService.ClientHandler[101]
      Received HTTP response headers after 218.1497ms - 200
info: System.Net.Http.HttpClient.SspSpCrimeService.LogicalHandler[101]
      End processing HTTP request after 218.1942ms - 200
info: System.Net.Http.HttpClient.SspSpCrimeService.ClientHandler[101]
      Received HTTP response headers after 252.1838ms - 200
info: System.Net.Http.HttpClient.SspSpCrimeService.LogicalHandler[101]
      End processing HTTP request after 252.2663ms - 200
info: System.Net.Http.HttpClient.SspSpCrimeService.ClientHandler[101]
      Received HTTP response headers after 269.2144ms - 200
info: System.Net.Http.HttpClient.SspSpCrimeService.LogicalHandler[101]
      End processing HTTP request after 269.2349ms - 200
info: System.Net.Http.HttpClient.SspSpCrimeService.ClientHandler[101]
      Received HTTP response headers after 386.2539ms - 200
info: System.Net.Http.HttpClient.SspSpCrimeService.LogicalHandler[101]
      End processing HTTP request after 386.2917ms - 200
info: System.Net.Http.HttpClient.SspSpCrimeService.ClientHandler[101]
      Received HTTP response headers after 435.2181ms - 200
info: System.Net.Http.HttpClient.SspSpCrimeService.LogicalHandler[101]
      End processing HTTP request after 435.2597ms - 200
info: System.Net.Http.HttpClient.SspSpCrimeService.ClientHandler[101]
      Received HTTP response headers after 452.9174ms - 200
info: System.Net.Http.HttpClient.SspSpCrimeService.LogicalHandler[101]
      End processing HTTP request after 453.0149ms - 200
info: System.Net.Http.HttpClient.SspSpCrimeService.ClientHandler[101]
      Received HTTP response headers after 470.534ms - 200
info: System.Net.Http.HttpClient.SspSpCrimeService.LogicalHandler[101]
      End processing HTTP request after 470.552ms - 200
info: System.Net.Http.HttpClient.SspSpCrimeService.ClientHandler[101]
      Received HTTP response headers after 473.311ms - 200
info: System.Net.Http.HttpClient.SspSpCrimeService.LogicalHandler[101]
      End processing HTTP request after 473.3481ms - 200
info: System.Net.Http.HttpClient.SspSpCrimeService.ClientHandler[101]
      Received HTTP response headers after 575.9722ms - 200
info: System.Net.Http.HttpClient.SspSpCrimeService.LogicalHandler[101]
      End processing HTTP request after 576.0456ms - 200
info: System.Net.Http.HttpClient.SspSpCrimeService.ClientHandler[101]
      Received HTTP response headers after 664.1478ms - 200
info: System.Net.Http.HttpClient.SspSpCrimeService.LogicalHandler[101]
      End processing HTTP request after 664.1998ms - 200
info: System.Net.Http.HttpClient.SspSpCrimeService.ClientHandler[101]
      Received HTTP response headers after 674.8518ms - 200
info: System.Net.Http.HttpClient.SspSpCrimeService.LogicalHandler[101]
      End processing HTTP request after 674.8922ms - 200
info: System.Net.Http.HttpClient.SspSpCrimeService.ClientHandler[101]
      Received HTTP response headers after 768.5532ms - 200
info: System.Net.Http.HttpClient.SspSpCrimeService.LogicalHandler[101]
      End processing HTTP request after 768.6177ms - 200
info: System.Net.Http.HttpClient.SspSpCrimeService.ClientHandler[101]
      Received HTTP response headers after 818.1826ms - 200
info: System.Net.Http.HttpClient.SspSpCrimeService.LogicalHandler[101]
      End processing HTTP request after 818.2233ms - 200
info: System.Net.Http.HttpClient.SspSpCrimeService.ClientHandler[101]
      Received HTTP response headers after 891.2785ms - 200
info: System.Net.Http.HttpClient.SspSpCrimeService.LogicalHandler[101]
      End processing HTTP request after 891.3141ms - 200
info: System.Net.Http.HttpClient.SspSpCrimeService.ClientHandler[101]
      Received HTTP response headers after 911.2872ms - 200
info: System.Net.Http.HttpClient.SspSpCrimeService.LogicalHandler[101]
      End processing HTTP request after 911.3ms - 200
info: System.Net.Http.HttpClient.SspSpCrimeService.ClientHandler[101]
      Received HTTP response headers after 943.481ms - 200
info: System.Net.Http.HttpClient.SspSpCrimeService.LogicalHandler[101]
      End processing HTTP request after 943.5181ms - 200
info: System.Net.Http.HttpClient.SspSpCrimeService.ClientHandler[101]
      Received HTTP response headers after 951.4278ms - 200
info: System.Net.Http.HttpClient.SspSpCrimeService.LogicalHandler[101]
      End processing HTTP request after 951.4606ms - 200
info: System.Net.Http.HttpClient.SspSpCrimeService.ClientHandler[101]
      Received HTTP response headers after 963.927ms - 200
info: System.Net.Http.HttpClient.SspSpCrimeService.LogicalHandler[101]
      End processing HTTP request after 963.9682ms - 200
info: System.Net.Http.HttpClient.SspSpCrimeService.ClientHandler[101]
      Received HTTP response headers after 1000.4431ms - 200
info: System.Net.Http.HttpClient.SspSpCrimeService.LogicalHandler[101]
      End processing HTTP request after 1000.4833ms - 200
info: System.Net.Http.HttpClient.SspSpCrimeService.ClientHandler[101]
      Received HTTP response headers after 1017.7315ms - 200
info: System.Net.Http.HttpClient.SspSpCrimeService.LogicalHandler[101]
      End processing HTTP request after 1017.7665ms - 200
info: System.Net.Http.HttpClient.SspSpCrimeService.ClientHandler[101]
      Received HTTP response headers after 1047.1393ms - 200
info: System.Net.Http.HttpClient.SspSpCrimeService.LogicalHandler[101]
      End processing HTTP request after 1047.1635ms - 200
info: System.Net.Http.HttpClient.SspSpCrimeService.ClientHandler[101]
      Received HTTP response headers after 1093.9581ms - 200
info: System.Net.Http.HttpClient.SspSpCrimeService.LogicalHandler[101]
      End processing HTTP request after 1094.0124ms - 200
info: System.Net.Http.HttpClient.SspSpCrimeService.ClientHandler[101]
      Received HTTP response headers after 1095.1129ms - 200
info: System.Net.Http.HttpClient.SspSpCrimeService.LogicalHandler[101]
      End processing HTTP request after 1095.1617ms - 200
info: System.Net.Http.HttpClient.SspSpCrimeService.ClientHandler[101]
      Received HTTP response headers after 1193.9747ms - 200
info: System.Net.Http.HttpClient.SspSpCrimeService.LogicalHandler[101]
      End processing HTTP request after 1194.0283ms - 200
info: System.Net.Http.HttpClient.SspSpCrimeService.ClientHandler[101]
      Received HTTP response headers after 1212.7628ms - 200
info: System.Net.Http.HttpClient.SspSpCrimeService.LogicalHandler[101]
      End processing HTTP request after 1212.8037ms - 200
info: System.Net.Http.HttpClient.SspSpCrimeService.ClientHandler[101]
      Received HTTP response headers after 1318.807ms - 200
info: System.Net.Http.HttpClient.SspSpCrimeService.LogicalHandler[101]
      End processing HTTP request after 1318.8553ms - 200
info: System.Net.Http.HttpClient.SspSpCrimeService.ClientHandler[101]
      Received HTTP response headers after 1319.3428ms - 200
info: System.Net.Http.HttpClient.SspSpCrimeService.LogicalHandler[101]
      End processing HTTP request after 1319.3561ms - 200
info: System.Net.Http.HttpClient.SspSpCrimeService.ClientHandler[101]
      Received HTTP response headers after 1320.5575ms - 200
info: System.Net.Http.HttpClient.SspSpCrimeService.LogicalHandler[101]
      End processing HTTP request after 1320.5749ms - 200
info: System.Net.Http.HttpClient.SspSpCrimeService.ClientHandler[101]
      Received HTTP response headers after 1363.9158ms - 200
info: System.Net.Http.HttpClient.SspSpCrimeService.LogicalHandler[101]
      End processing HTTP request after 1363.9799ms - 200
info: System.Net.Http.HttpClient.SspSpCrimeService.ClientHandler[101]
      Received HTTP response headers after 1368.3094ms - 200
info: System.Net.Http.HttpClient.SspSpCrimeService.LogicalHandler[101]
      End processing HTTP request after 1368.3266ms - 200
info: System.Net.Http.HttpClient.SspSpCrimeService.ClientHandler[101]
      Received HTTP response headers after 1373.684ms - 200
info: System.Net.Http.HttpClient.SspSpCrimeService.LogicalHandler[101]
      End processing HTTP request after 1373.7304ms - 200
info: Microsoft.AspNetCore.Http.Result.OkObjectResult[1]
      Setting HTTP status code 200.
info: Microsoft.AspNetCore.Http.Result.OkObjectResult[3]
      Writing value of type '<>f__AnonymousType17`5' as Json.
info: Microsoft.AspNetCore.Routing.EndpointMiddleware[1]
      Executed endpoint 'HTTP: GET /api/seguranca/distritos-proximos'
info: Microsoft.AspNetCore.Hosting.Diagnostics[2]
      Request finished HTTP/1.1 GET http://localhost:5209/api/seguranca/distritos-proximos?ano=2026&atualizar=true - 200 - application/json;+charset=utf-8 1551.9842ms
info: Microsoft.AspNetCore.Hosting.Diagnostics[1]
      Request starting HTTP/1.1 GET http://localhost:5209/api/seguranca/distritos-proximos?ano=2026&atualizar=true - - -
info: Microsoft.AspNetCore.Cors.Infrastructure.CorsService[4]
      CORS policy execution successful.
info: Microsoft.AspNetCore.Routing.EndpointMiddleware[0]
      Executing endpoint 'HTTP: GET /api/seguranca/distritos-proximos'
info: System.Net.Http.HttpClient.SspSpCrimeService.LogicalHandler[100]
      Start processing HTTP request GET https://www.ssp.sp.gov.br/v1/Distritos/RecuperaDistritos
info: System.Net.Http.HttpClient.SspSpCrimeService.ClientHandler[100]
      Sending HTTP request GET https://www.ssp.sp.gov.br/v1/Distritos/RecuperaDistritos
info: System.Net.Http.HttpClient.SspSpCrimeService.ClientHandler[101]
      Received HTTP response headers after 67.9626ms - 200
info: System.Net.Http.HttpClient.SspSpCrimeService.LogicalHandler[101]
      End processing HTTP request after 68.0243ms - 200
info: System.Net.Http.HttpClient.SspSpCrimeService.LogicalHandler[100]
      Start processing HTTP request GET https://www.ssp.sp.gov.br/v1/OcorrenciasMensais/RecuperaDadosMensaisAgrupados?*
info: System.Net.Http.HttpClient.SspSpCrimeService.ClientHandler[100]
      Sending HTTP request GET https://www.ssp.sp.gov.br/v1/OcorrenciasMensais/RecuperaDadosMensaisAgrupados?*
info: System.Net.Http.HttpClient.SspSpCrimeService.LogicalHandler[100]
      Start processing HTTP request GET https://www.ssp.sp.gov.br/v1/OcorrenciasMensais/RecuperaDadosMensaisAgrupados?*
info: System.Net.Http.HttpClient.SspSpCrimeService.ClientHandler[100]
      Sending HTTP request GET https://www.ssp.sp.gov.br/v1/OcorrenciasMensais/RecuperaDadosMensaisAgrupados?*
info: System.Net.Http.HttpClient.SspSpCrimeService.LogicalHandler[100]
      Start processing HTTP request GET https://www.ssp.sp.gov.br/v1/OcorrenciasMensais/RecuperaDadosMensaisAgrupados?*
info: System.Net.Http.HttpClient.SspSpCrimeService.ClientHandler[100]
      Sending HTTP request GET https://www.ssp.sp.gov.br/v1/OcorrenciasMensais/RecuperaDadosMensaisAgrupados?*
info: System.Net.Http.HttpClient.SspSpCrimeService.LogicalHandler[100]
      Start processing HTTP request GET https://www.ssp.sp.gov.br/v1/OcorrenciasMensais/RecuperaDadosMensaisAgrupados?*
info: System.Net.Http.HttpClient.SspSpCrimeService.ClientHandler[100]
      Sending HTTP request GET https://www.ssp.sp.gov.br/v1/OcorrenciasMensais/RecuperaDadosMensaisAgrupados?*
info: System.Net.Http.HttpClient.SspSpCrimeService.LogicalHandler[100]
      Start processing HTTP request GET https://www.ssp.sp.gov.br/v1/OcorrenciasMensais/RecuperaDadosMensaisAgrupados?*
info: System.Net.Http.HttpClient.SspSpCrimeService.ClientHandler[100]
      Sending HTTP request GET https://www.ssp.sp.gov.br/v1/OcorrenciasMensais/RecuperaDadosMensaisAgrupados?*
info: System.Net.Http.HttpClient.SspSpCrimeService.LogicalHandler[100]
      Start processing HTTP request GET https://www.ssp.sp.gov.br/v1/OcorrenciasMensais/RecuperaDadosMensaisAgrupados?*
info: System.Net.Http.HttpClient.SspSpCrimeService.ClientHandler[100]
      Sending HTTP request GET https://www.ssp.sp.gov.br/v1/OcorrenciasMensais/RecuperaDadosMensaisAgrupados?*
info: System.Net.Http.HttpClient.SspSpCrimeService.LogicalHandler[100]
      Start processing HTTP request GET https://www.ssp.sp.gov.br/v1/OcorrenciasMensais/RecuperaDadosMensaisAgrupados?*
info: System.Net.Http.HttpClient.SspSpCrimeService.ClientHandler[100]
      Sending HTTP request GET https://www.ssp.sp.gov.br/v1/OcorrenciasMensais/RecuperaDadosMensaisAgrupados?*
info: System.Net.Http.HttpClient.SspSpCrimeService.LogicalHandler[100]
      Start processing HTTP request GET https://www.ssp.sp.gov.br/v1/OcorrenciasMensais/RecuperaDadosMensaisAgrupados?*
info: System.Net.Http.HttpClient.SspSpCrimeService.ClientHandler[100]
      Sending HTTP request GET https://www.ssp.sp.gov.br/v1/OcorrenciasMensais/RecuperaDadosMensaisAgrupados?*
info: System.Net.Http.HttpClient.SspSpCrimeService.LogicalHandler[100]
      Start processing HTTP request GET https://www.ssp.sp.gov.br/v1/OcorrenciasMensais/RecuperaDadosMensaisAgrupados?*
info: System.Net.Http.HttpClient.SspSpCrimeService.ClientHandler[100]
      Sending HTTP request GET https://www.ssp.sp.gov.br/v1/OcorrenciasMensais/RecuperaDadosMensaisAgrupados?*
info: System.Net.Http.HttpClient.SspSpCrimeService.LogicalHandler[100]
      Start processing HTTP request GET https://www.ssp.sp.gov.br/v1/OcorrenciasMensais/RecuperaDadosMensaisAgrupados?*
info: System.Net.Http.HttpClient.SspSpCrimeService.ClientHandler[100]
      Sending HTTP request GET https://www.ssp.sp.gov.br/v1/OcorrenciasMensais/RecuperaDadosMensaisAgrupados?*
info: System.Net.Http.HttpClient.SspSpCrimeService.LogicalHandler[100]
      Start processing HTTP request GET https://www.ssp.sp.gov.br/v1/OcorrenciasMensais/RecuperaDadosMensaisAgrupados?*
info: System.Net.Http.HttpClient.SspSpCrimeService.ClientHandler[100]
      Sending HTTP request GET https://www.ssp.sp.gov.br/v1/OcorrenciasMensais/RecuperaDadosMensaisAgrupados?*
info: System.Net.Http.HttpClient.SspSpCrimeService.LogicalHandler[100]
      Start processing HTTP request GET https://www.ssp.sp.gov.br/v1/OcorrenciasMensais/RecuperaDadosMensaisAgrupados?*
info: System.Net.Http.HttpClient.SspSpCrimeService.ClientHandler[100]
      Sending HTTP request GET https://www.ssp.sp.gov.br/v1/OcorrenciasMensais/RecuperaDadosMensaisAgrupados?*
info: System.Net.Http.HttpClient.SspSpCrimeService.LogicalHandler[100]
      Start processing HTTP request GET https://www.ssp.sp.gov.br/v1/OcorrenciasMensais/RecuperaDadosMensaisAgrupados?*
info: System.Net.Http.HttpClient.SspSpCrimeService.ClientHandler[100]
      Sending HTTP request GET https://www.ssp.sp.gov.br/v1/OcorrenciasMensais/RecuperaDadosMensaisAgrupados?*
info: System.Net.Http.HttpClient.SspSpCrimeService.LogicalHandler[100]
      Start processing HTTP request GET https://www.ssp.sp.gov.br/v1/OcorrenciasMensais/RecuperaDadosMensaisAgrupados?*
info: System.Net.Http.HttpClient.SspSpCrimeService.ClientHandler[100]
      Sending HTTP request GET https://www.ssp.sp.gov.br/v1/OcorrenciasMensais/RecuperaDadosMensaisAgrupados?*
info: System.Net.Http.HttpClient.SspSpCrimeService.LogicalHandler[100]
      Start processing HTTP request GET https://www.ssp.sp.gov.br/v1/OcorrenciasMensais/RecuperaDadosMensaisAgrupados?*
info: System.Net.Http.HttpClient.SspSpCrimeService.ClientHandler[100]
      Sending HTTP request GET https://www.ssp.sp.gov.br/v1/OcorrenciasMensais/RecuperaDadosMensaisAgrupados?*
info: System.Net.Http.HttpClient.SspSpCrimeService.LogicalHandler[100]
      Start processing HTTP request GET https://www.ssp.sp.gov.br/v1/OcorrenciasMensais/RecuperaDadosMensaisAgrupados?*
info: System.Net.Http.HttpClient.SspSpCrimeService.ClientHandler[100]
      Sending HTTP request GET https://www.ssp.sp.gov.br/v1/OcorrenciasMensais/RecuperaDadosMensaisAgrupados?*
info: System.Net.Http.HttpClient.SspSpCrimeService.LogicalHandler[100]
      Start processing HTTP request GET https://www.ssp.sp.gov.br/v1/OcorrenciasMensais/RecuperaDadosMensaisAgrupados?*
info: System.Net.Http.HttpClient.SspSpCrimeService.ClientHandler[100]
      Sending HTTP request GET https://www.ssp.sp.gov.br/v1/OcorrenciasMensais/RecuperaDadosMensaisAgrupados?*
info: System.Net.Http.HttpClient.SspSpCrimeService.LogicalHandler[100]
      Start processing HTTP request GET https://www.ssp.sp.gov.br/v1/OcorrenciasMensais/RecuperaDadosMensaisAgrupados?*
info: System.Net.Http.HttpClient.SspSpCrimeService.ClientHandler[100]
      Sending HTTP request GET https://www.ssp.sp.gov.br/v1/OcorrenciasMensais/RecuperaDadosMensaisAgrupados?*
info: System.Net.Http.HttpClient.SspSpCrimeService.LogicalHandler[100]
      Start processing HTTP request GET https://www.ssp.sp.gov.br/v1/OcorrenciasMensais/RecuperaDadosMensaisAgrupados?*
info: System.Net.Http.HttpClient.SspSpCrimeService.ClientHandler[100]
      Sending HTTP request GET https://www.ssp.sp.gov.br/v1/OcorrenciasMensais/RecuperaDadosMensaisAgrupados?*
info: System.Net.Http.HttpClient.SspSpCrimeService.LogicalHandler[100]
      Start processing HTTP request GET https://www.ssp.sp.gov.br/v1/OcorrenciasMensais/RecuperaDadosMensaisAgrupados?*
info: System.Net.Http.HttpClient.SspSpCrimeService.ClientHandler[100]
      Sending HTTP request GET https://www.ssp.sp.gov.br/v1/OcorrenciasMensais/RecuperaDadosMensaisAgrupados?*
info: System.Net.Http.HttpClient.SspSpCrimeService.LogicalHandler[100]
      Start processing HTTP request GET https://www.ssp.sp.gov.br/v1/OcorrenciasMensais/RecuperaDadosMensaisAgrupados?*
info: System.Net.Http.HttpClient.SspSpCrimeService.ClientHandler[100]
      Sending HTTP request GET https://www.ssp.sp.gov.br/v1/OcorrenciasMensais/RecuperaDadosMensaisAgrupados?*
info: System.Net.Http.HttpClient.SspSpCrimeService.LogicalHandler[100]
      Start processing HTTP request GET https://www.ssp.sp.gov.br/v1/OcorrenciasMensais/RecuperaDadosMensaisAgrupados?*
info: System.Net.Http.HttpClient.SspSpCrimeService.ClientHandler[100]
      Sending HTTP request GET https://www.ssp.sp.gov.br/v1/OcorrenciasMensais/RecuperaDadosMensaisAgrupados?*
info: System.Net.Http.HttpClient.SspSpCrimeService.LogicalHandler[100]
      Start processing HTTP request GET https://www.ssp.sp.gov.br/v1/OcorrenciasMensais/RecuperaDadosMensaisAgrupados?*
info: System.Net.Http.HttpClient.SspSpCrimeService.ClientHandler[100]
      Sending HTTP request GET https://www.ssp.sp.gov.br/v1/OcorrenciasMensais/RecuperaDadosMensaisAgrupados?*
info: System.Net.Http.HttpClient.SspSpCrimeService.LogicalHandler[100]
      Start processing HTTP request GET https://www.ssp.sp.gov.br/v1/OcorrenciasMensais/RecuperaDadosMensaisAgrupados?*
info: System.Net.Http.HttpClient.SspSpCrimeService.ClientHandler[100]
      Sending HTTP request GET https://www.ssp.sp.gov.br/v1/OcorrenciasMensais/RecuperaDadosMensaisAgrupados?*
info: System.Net.Http.HttpClient.SspSpCrimeService.LogicalHandler[100]
      Start processing HTTP request GET https://www.ssp.sp.gov.br/v1/OcorrenciasMensais/RecuperaDadosMensaisAgrupados?*
info: System.Net.Http.HttpClient.SspSpCrimeService.ClientHandler[100]
      Sending HTTP request GET https://www.ssp.sp.gov.br/v1/OcorrenciasMensais/RecuperaDadosMensaisAgrupados?*
info: System.Net.Http.HttpClient.SspSpCrimeService.LogicalHandler[100]
      Start processing HTTP request GET https://www.ssp.sp.gov.br/v1/OcorrenciasMensais/RecuperaDadosMensaisAgrupados?*
info: System.Net.Http.HttpClient.SspSpCrimeService.ClientHandler[100]
      Sending HTTP request GET https://www.ssp.sp.gov.br/v1/OcorrenciasMensais/RecuperaDadosMensaisAgrupados?*
info: System.Net.Http.HttpClient.SspSpCrimeService.LogicalHandler[100]
      Start processing HTTP request GET https://www.ssp.sp.gov.br/v1/OcorrenciasMensais/RecuperaDadosMensaisAgrupados?*
info: System.Net.Http.HttpClient.SspSpCrimeService.ClientHandler[100]
      Sending HTTP request GET https://www.ssp.sp.gov.br/v1/OcorrenciasMensais/RecuperaDadosMensaisAgrupados?*
info: System.Net.Http.HttpClient.SspSpCrimeService.LogicalHandler[100]
      Start processing HTTP request GET https://www.ssp.sp.gov.br/v1/OcorrenciasMensais/RecuperaDadosMensaisAgrupados?*
info: System.Net.Http.HttpClient.SspSpCrimeService.ClientHandler[100]
      Sending HTTP request GET https://www.ssp.sp.gov.br/v1/OcorrenciasMensais/RecuperaDadosMensaisAgrupados?*
info: System.Net.Http.HttpClient.SspSpCrimeService.LogicalHandler[100]
      Start processing HTTP request GET https://www.ssp.sp.gov.br/v1/OcorrenciasMensais/RecuperaDadosMensaisAgrupados?*
info: System.Net.Http.HttpClient.SspSpCrimeService.ClientHandler[100]
      Sending HTTP request GET https://www.ssp.sp.gov.br/v1/OcorrenciasMensais/RecuperaDadosMensaisAgrupados?*
info: System.Net.Http.HttpClient.SspSpCrimeService.LogicalHandler[100]
      Start processing HTTP request GET https://www.ssp.sp.gov.br/v1/OcorrenciasMensais/RecuperaDadosMensaisAgrupados?*
info: System.Net.Http.HttpClient.SspSpCrimeService.ClientHandler[100]
      Sending HTTP request GET https://www.ssp.sp.gov.br/v1/OcorrenciasMensais/RecuperaDadosMensaisAgrupados?*
info: System.Net.Http.HttpClient.SspSpCrimeService.LogicalHandler[100]
      Start processing HTTP request GET https://www.ssp.sp.gov.br/v1/OcorrenciasMensais/RecuperaDadosMensaisAgrupados?*
info: System.Net.Http.HttpClient.SspSpCrimeService.ClientHandler[100]
      Sending HTTP request GET https://www.ssp.sp.gov.br/v1/OcorrenciasMensais/RecuperaDadosMensaisAgrupados?*
info: System.Net.Http.HttpClient.SspSpCrimeService.LogicalHandler[100]
      Start processing HTTP request GET https://www.ssp.sp.gov.br/v1/OcorrenciasMensais/RecuperaDadosMensaisAgrupados?*
info: System.Net.Http.HttpClient.SspSpCrimeService.ClientHandler[100]
      Sending HTTP request GET https://www.ssp.sp.gov.br/v1/OcorrenciasMensais/RecuperaDadosMensaisAgrupados?*
info: System.Net.Http.HttpClient.SspSpCrimeService.ClientHandler[101]
      Received HTTP response headers after 254.1228ms - 200
info: System.Net.Http.HttpClient.SspSpCrimeService.LogicalHandler[101]
      End processing HTTP request after 254.2099ms - 200
info: System.Net.Http.HttpClient.SspSpCrimeService.ClientHandler[101]
      Received HTTP response headers after 409.8531ms - 200
info: System.Net.Http.HttpClient.SspSpCrimeService.LogicalHandler[101]
      End processing HTTP request after 409.896ms - 200
info: System.Net.Http.HttpClient.SspSpCrimeService.ClientHandler[101]
      Received HTTP response headers after 428.3877ms - 200
info: System.Net.Http.HttpClient.SspSpCrimeService.LogicalHandler[101]
      End processing HTTP request after 428.4197ms - 200
info: System.Net.Http.HttpClient.SspSpCrimeService.ClientHandler[101]
      Received HTTP response headers after 490.379ms - 200
info: System.Net.Http.HttpClient.SspSpCrimeService.LogicalHandler[101]
      End processing HTTP request after 490.409ms - 200
info: System.Net.Http.HttpClient.SspSpCrimeService.ClientHandler[101]
      Received HTTP response headers after 494.9034ms - 200
info: System.Net.Http.HttpClient.SspSpCrimeService.LogicalHandler[101]
      End processing HTTP request after 494.9163ms - 200
info: System.Net.Http.HttpClient.SspSpCrimeService.ClientHandler[101]
      Received HTTP response headers after 535.2615ms - 200
info: System.Net.Http.HttpClient.SspSpCrimeService.LogicalHandler[101]
      End processing HTTP request after 535.2951ms - 200
info: System.Net.Http.HttpClient.SspSpCrimeService.ClientHandler[101]
      Received HTTP response headers after 536.6548ms - 200
info: System.Net.Http.HttpClient.SspSpCrimeService.LogicalHandler[101]
      End processing HTTP request after 536.6755ms - 200
info: System.Net.Http.HttpClient.SspSpCrimeService.ClientHandler[101]
      Received HTTP response headers after 552.2374ms - 200
info: System.Net.Http.HttpClient.SspSpCrimeService.LogicalHandler[101]
      End processing HTTP request after 552.269ms - 200
info: System.Net.Http.HttpClient.SspSpCrimeService.ClientHandler[101]
      Received HTTP response headers after 553.4394ms - 200
info: System.Net.Http.HttpClient.SspSpCrimeService.LogicalHandler[101]
      End processing HTTP request after 553.4586ms - 200
info: System.Net.Http.HttpClient.SspSpCrimeService.ClientHandler[101]
      Received HTTP response headers after 555.0388ms - 200
info: System.Net.Http.HttpClient.SspSpCrimeService.LogicalHandler[101]
      End processing HTTP request after 555.0556ms - 200
info: System.Net.Http.HttpClient.SspSpCrimeService.ClientHandler[101]
      Received HTTP response headers after 581.5374ms - 200
info: System.Net.Http.HttpClient.SspSpCrimeService.LogicalHandler[101]
      End processing HTTP request after 581.5554ms - 200
info: System.Net.Http.HttpClient.SspSpCrimeService.ClientHandler[101]
      Received HTTP response headers after 680.6104ms - 200
info: System.Net.Http.HttpClient.SspSpCrimeService.LogicalHandler[101]
      End processing HTTP request after 680.6517ms - 200
info: System.Net.Http.HttpClient.SspSpCrimeService.ClientHandler[101]
      Received HTTP response headers after 684.9203ms - 200
info: System.Net.Http.HttpClient.SspSpCrimeService.LogicalHandler[101]
      End processing HTTP request after 684.9429ms - 200
info: System.Net.Http.HttpClient.SspSpCrimeService.ClientHandler[101]
      Received HTTP response headers after 686.0911ms - 200
info: System.Net.Http.HttpClient.SspSpCrimeService.LogicalHandler[101]
      End processing HTTP request after 686.106ms - 200
info: System.Net.Http.HttpClient.SspSpCrimeService.ClientHandler[101]
      Received HTTP response headers after 700.5783ms - 200
info: System.Net.Http.HttpClient.SspSpCrimeService.LogicalHandler[101]
      End processing HTTP request after 700.6201ms - 200
info: System.Net.Http.HttpClient.SspSpCrimeService.ClientHandler[101]
      Received HTTP response headers after 704.7093ms - 200
info: System.Net.Http.HttpClient.SspSpCrimeService.LogicalHandler[101]
      End processing HTTP request after 704.7342ms - 200
info: System.Net.Http.HttpClient.SspSpCrimeService.ClientHandler[101]
      Received HTTP response headers after 784.9021ms - 200
info: System.Net.Http.HttpClient.SspSpCrimeService.LogicalHandler[101]
      End processing HTTP request after 784.9429ms - 200
info: System.Net.Http.HttpClient.SspSpCrimeService.ClientHandler[101]
      Received HTTP response headers after 882.2958ms - 200
info: System.Net.Http.HttpClient.SspSpCrimeService.LogicalHandler[101]
      End processing HTTP request after 882.3383ms - 200
info: System.Net.Http.HttpClient.SspSpCrimeService.ClientHandler[101]
      Received HTTP response headers after 924.7216ms - 200
info: System.Net.Http.HttpClient.SspSpCrimeService.LogicalHandler[101]
      End processing HTTP request after 924.7635ms - 200
info: System.Net.Http.HttpClient.SspSpCrimeService.ClientHandler[101]
      Received HTTP response headers after 926.5068ms - 200
info: System.Net.Http.HttpClient.SspSpCrimeService.LogicalHandler[101]
      End processing HTTP request after 926.5344ms - 200
info: System.Net.Http.HttpClient.SspSpCrimeService.ClientHandler[101]
      Received HTTP response headers after 928.506ms - 200
info: System.Net.Http.HttpClient.SspSpCrimeService.LogicalHandler[101]
      End processing HTTP request after 928.5168ms - 200
info: System.Net.Http.HttpClient.SspSpCrimeService.ClientHandler[101]
      Received HTTP response headers after 946.0585ms - 200
info: System.Net.Http.HttpClient.SspSpCrimeService.LogicalHandler[101]
      End processing HTTP request after 946.1283ms - 200
info: System.Net.Http.HttpClient.SspSpCrimeService.ClientHandler[101]
      Received HTTP response headers after 973.6099ms - 200
info: System.Net.Http.HttpClient.SspSpCrimeService.LogicalHandler[101]
      End processing HTTP request after 973.6394ms - 200
info: System.Net.Http.HttpClient.SspSpCrimeService.ClientHandler[101]
      Received HTTP response headers after 1043.8103ms - 200
info: System.Net.Http.HttpClient.SspSpCrimeService.LogicalHandler[101]
      End processing HTTP request after 1043.8532ms - 200
info: System.Net.Http.HttpClient.SspSpCrimeService.ClientHandler[101]
      Received HTTP response headers after 1044.9321ms - 200
info: System.Net.Http.HttpClient.SspSpCrimeService.LogicalHandler[101]
      End processing HTTP request after 1044.9551ms - 200
info: System.Net.Http.HttpClient.SspSpCrimeService.ClientHandler[101]
      Received HTTP response headers after 1048.1231ms - 200
info: System.Net.Http.HttpClient.SspSpCrimeService.LogicalHandler[101]
      End processing HTTP request after 1048.1457ms - 200
info: System.Net.Http.HttpClient.SspSpCrimeService.ClientHandler[101]
      Received HTTP response headers after 1065.4315ms - 200
info: System.Net.Http.HttpClient.SspSpCrimeService.LogicalHandler[101]
      End processing HTTP request after 1065.4791ms - 200
info: System.Net.Http.HttpClient.SspSpCrimeService.ClientHandler[101]
      Received HTTP response headers after 1067.6528ms - 200
info: System.Net.Http.HttpClient.SspSpCrimeService.LogicalHandler[101]
      End processing HTTP request after 1067.7304ms - 200
info: System.Net.Http.HttpClient.SspSpCrimeService.ClientHandler[101]
      Received HTTP response headers after 1069.0289ms - 200
info: System.Net.Http.HttpClient.SspSpCrimeService.LogicalHandler[101]
      End processing HTTP request after 1069.0441ms - 200
info: System.Net.Http.HttpClient.SspSpCrimeService.ClientHandler[101]
      Received HTTP response headers after 1105.0148ms - 200
info: System.Net.Http.HttpClient.SspSpCrimeService.LogicalHandler[101]
      End processing HTTP request after 1105.0542ms - 200
info: System.Net.Http.HttpClient.SspSpCrimeService.ClientHandler[101]
      Received HTTP response headers after 1106.0691ms - 200
info: System.Net.Http.HttpClient.SspSpCrimeService.LogicalHandler[101]
      End processing HTTP request after 1106.1152ms - 200
info: System.Net.Http.HttpClient.SspSpCrimeService.ClientHandler[101]
      Received HTTP response headers after 1107.1684ms - 200
info: System.Net.Http.HttpClient.SspSpCrimeService.LogicalHandler[101]
      End processing HTTP request after 1107.1825ms - 200
info: Microsoft.AspNetCore.Http.Result.OkObjectResult[1]
      Setting HTTP status code 200.
info: Microsoft.AspNetCore.Http.Result.OkObjectResult[3]
      Writing value of type '<>f__AnonymousType17`5' as Json.
info: Microsoft.AspNetCore.Routing.EndpointMiddleware[1]
      Executed endpoint 'HTTP: GET /api/seguranca/distritos-proximos'
info: Microsoft.AspNetCore.Hosting.Diagnostics[2]
      Request finished HTTP/1.1 GET http://localhost:5209/api/seguranca/distritos-proximos?ano=2026&atualizar=true - 200 - application/json;+charset=utf-8 1203.3425ms
info: Microsoft.AspNetCore.Hosting.Diagnostics[1]
      Request starting HTTP/1.1 GET http://localhost:5209/api/seguranca/distritos-proximos?ano=2026&atualizar=true - - -
info: Microsoft.AspNetCore.Cors.Infrastructure.CorsService[4]
      CORS policy execution successful.
info: Microsoft.AspNetCore.Routing.EndpointMiddleware[0]
      Executing endpoint 'HTTP: GET /api/seguranca/distritos-proximos'
info: System.Net.Http.HttpClient.SspSpCrimeService.LogicalHandler[100]
      Start processing HTTP request GET https://www.ssp.sp.gov.br/v1/Distritos/RecuperaDistritos
info: System.Net.Http.HttpClient.SspSpCrimeService.ClientHandler[100]
      Sending HTTP request GET https://www.ssp.sp.gov.br/v1/Distritos/RecuperaDistritos
info: System.Net.Http.HttpClient.SspSpCrimeService.ClientHandler[101]
      Received HTTP response headers after 73.3621ms - 200
info: System.Net.Http.HttpClient.SspSpCrimeService.LogicalHandler[101]
      End processing HTTP request after 73.4234ms - 200
info: System.Net.Http.HttpClient.SspSpCrimeService.LogicalHandler[100]
      Start processing HTTP request GET https://www.ssp.sp.gov.br/v1/OcorrenciasMensais/RecuperaDadosMensaisAgrupados?*
info: System.Net.Http.HttpClient.SspSpCrimeService.ClientHandler[100]
      Sending HTTP request GET https://www.ssp.sp.gov.br/v1/OcorrenciasMensais/RecuperaDadosMensaisAgrupados?*
info: System.Net.Http.HttpClient.SspSpCrimeService.LogicalHandler[100]
      Start processing HTTP request GET https://www.ssp.sp.gov.br/v1/OcorrenciasMensais/RecuperaDadosMensaisAgrupados?*
info: System.Net.Http.HttpClient.SspSpCrimeService.ClientHandler[100]
      Sending HTTP request GET https://www.ssp.sp.gov.br/v1/OcorrenciasMensais/RecuperaDadosMensaisAgrupados?*
info: System.Net.Http.HttpClient.SspSpCrimeService.LogicalHandler[100]
      Start processing HTTP request GET https://www.ssp.sp.gov.br/v1/OcorrenciasMensais/RecuperaDadosMensaisAgrupados?*
info: System.Net.Http.HttpClient.SspSpCrimeService.ClientHandler[100]
      Sending HTTP request GET https://www.ssp.sp.gov.br/v1/OcorrenciasMensais/RecuperaDadosMensaisAgrupados?*
info: System.Net.Http.HttpClient.SspSpCrimeService.LogicalHandler[100]
      Start processing HTTP request GET https://www.ssp.sp.gov.br/v1/OcorrenciasMensais/RecuperaDadosMensaisAgrupados?*
info: System.Net.Http.HttpClient.SspSpCrimeService.ClientHandler[100]
      Sending HTTP request GET https://www.ssp.sp.gov.br/v1/OcorrenciasMensais/RecuperaDadosMensaisAgrupados?*
info: System.Net.Http.HttpClient.SspSpCrimeService.LogicalHandler[100]
      Start processing HTTP request GET https://www.ssp.sp.gov.br/v1/OcorrenciasMensais/RecuperaDadosMensaisAgrupados?*
info: System.Net.Http.HttpClient.SspSpCrimeService.ClientHandler[100]
      Sending HTTP request GET https://www.ssp.sp.gov.br/v1/OcorrenciasMensais/RecuperaDadosMensaisAgrupados?*
info: System.Net.Http.HttpClient.SspSpCrimeService.LogicalHandler[100]
      Start processing HTTP request GET https://www.ssp.sp.gov.br/v1/OcorrenciasMensais/RecuperaDadosMensaisAgrupados?*
info: System.Net.Http.HttpClient.SspSpCrimeService.ClientHandler[100]
      Sending HTTP request GET https://www.ssp.sp.gov.br/v1/OcorrenciasMensais/RecuperaDadosMensaisAgrupados?*
info: System.Net.Http.HttpClient.SspSpCrimeService.LogicalHandler[100]
      Start processing HTTP request GET https://www.ssp.sp.gov.br/v1/OcorrenciasMensais/RecuperaDadosMensaisAgrupados?*
info: System.Net.Http.HttpClient.SspSpCrimeService.ClientHandler[100]
      Sending HTTP request GET https://www.ssp.sp.gov.br/v1/OcorrenciasMensais/RecuperaDadosMensaisAgrupados?*
info: System.Net.Http.HttpClient.SspSpCrimeService.LogicalHandler[100]
      Start processing HTTP request GET https://www.ssp.sp.gov.br/v1/OcorrenciasMensais/RecuperaDadosMensaisAgrupados?*
info: System.Net.Http.HttpClient.SspSpCrimeService.ClientHandler[100]
      Sending HTTP request GET https://www.ssp.sp.gov.br/v1/OcorrenciasMensais/RecuperaDadosMensaisAgrupados?*
info: System.Net.Http.HttpClient.SspSpCrimeService.LogicalHandler[100]
      Start processing HTTP request GET https://www.ssp.sp.gov.br/v1/OcorrenciasMensais/RecuperaDadosMensaisAgrupados?*
info: System.Net.Http.HttpClient.SspSpCrimeService.ClientHandler[100]
      Sending HTTP request GET https://www.ssp.sp.gov.br/v1/OcorrenciasMensais/RecuperaDadosMensaisAgrupados?*
info: System.Net.Http.HttpClient.SspSpCrimeService.LogicalHandler[100]
      Start processing HTTP request GET https://www.ssp.sp.gov.br/v1/OcorrenciasMensais/RecuperaDadosMensaisAgrupados?*
info: System.Net.Http.HttpClient.SspSpCrimeService.ClientHandler[100]
      Sending HTTP request GET https://www.ssp.sp.gov.br/v1/OcorrenciasMensais/RecuperaDadosMensaisAgrupados?*
info: System.Net.Http.HttpClient.SspSpCrimeService.LogicalHandler[100]
      Start processing HTTP request GET https://www.ssp.sp.gov.br/v1/OcorrenciasMensais/RecuperaDadosMensaisAgrupados?*
info: System.Net.Http.HttpClient.SspSpCrimeService.ClientHandler[100]
      Sending HTTP request GET https://www.ssp.sp.gov.br/v1/OcorrenciasMensais/RecuperaDadosMensaisAgrupados?*
info: System.Net.Http.HttpClient.SspSpCrimeService.LogicalHandler[100]
      Start processing HTTP request GET https://www.ssp.sp.gov.br/v1/OcorrenciasMensais/RecuperaDadosMensaisAgrupados?*
info: System.Net.Http.HttpClient.SspSpCrimeService.ClientHandler[100]
      Sending HTTP request GET https://www.ssp.sp.gov.br/v1/OcorrenciasMensais/RecuperaDadosMensaisAgrupados?*
info: System.Net.Http.HttpClient.SspSpCrimeService.LogicalHandler[100]
      Start processing HTTP request GET https://www.ssp.sp.gov.br/v1/OcorrenciasMensais/RecuperaDadosMensaisAgrupados?*
info: System.Net.Http.HttpClient.SspSpCrimeService.ClientHandler[100]
      Sending HTTP request GET https://www.ssp.sp.gov.br/v1/OcorrenciasMensais/RecuperaDadosMensaisAgrupados?*
info: System.Net.Http.HttpClient.SspSpCrimeService.LogicalHandler[100]
      Start processing HTTP request GET https://www.ssp.sp.gov.br/v1/OcorrenciasMensais/RecuperaDadosMensaisAgrupados?*
info: System.Net.Http.HttpClient.SspSpCrimeService.ClientHandler[100]
      Sending HTTP request GET https://www.ssp.sp.gov.br/v1/OcorrenciasMensais/RecuperaDadosMensaisAgrupados?*
info: System.Net.Http.HttpClient.SspSpCrimeService.LogicalHandler[100]
      Start processing HTTP request GET https://www.ssp.sp.gov.br/v1/OcorrenciasMensais/RecuperaDadosMensaisAgrupados?*
info: System.Net.Http.HttpClient.SspSpCrimeService.ClientHandler[100]
      Sending HTTP request GET https://www.ssp.sp.gov.br/v1/OcorrenciasMensais/RecuperaDadosMensaisAgrupados?*
info: System.Net.Http.HttpClient.SspSpCrimeService.LogicalHandler[100]
      Start processing HTTP request GET https://www.ssp.sp.gov.br/v1/OcorrenciasMensais/RecuperaDadosMensaisAgrupados?*
info: System.Net.Http.HttpClient.SspSpCrimeService.ClientHandler[100]
      Sending HTTP request GET https://www.ssp.sp.gov.br/v1/OcorrenciasMensais/RecuperaDadosMensaisAgrupados?*
info: System.Net.Http.HttpClient.SspSpCrimeService.LogicalHandler[100]
      Start processing HTTP request GET https://www.ssp.sp.gov.br/v1/OcorrenciasMensais/RecuperaDadosMensaisAgrupados?*
info: System.Net.Http.HttpClient.SspSpCrimeService.ClientHandler[100]
      Sending HTTP request GET https://www.ssp.sp.gov.br/v1/OcorrenciasMensais/RecuperaDadosMensaisAgrupados?*
info: System.Net.Http.HttpClient.SspSpCrimeService.LogicalHandler[100]
      Start processing HTTP request GET https://www.ssp.sp.gov.br/v1/OcorrenciasMensais/RecuperaDadosMensaisAgrupados?*
info: System.Net.Http.HttpClient.SspSpCrimeService.ClientHandler[100]
      Sending HTTP request GET https://www.ssp.sp.gov.br/v1/OcorrenciasMensais/RecuperaDadosMensaisAgrupados?*
info: System.Net.Http.HttpClient.SspSpCrimeService.LogicalHandler[100]
      Start processing HTTP request GET https://www.ssp.sp.gov.br/v1/OcorrenciasMensais/RecuperaDadosMensaisAgrupados?*
info: System.Net.Http.HttpClient.SspSpCrimeService.ClientHandler[100]
      Sending HTTP request GET https://www.ssp.sp.gov.br/v1/OcorrenciasMensais/RecuperaDadosMensaisAgrupados?*
info: System.Net.Http.HttpClient.SspSpCrimeService.LogicalHandler[100]
      Start processing HTTP request GET https://www.ssp.sp.gov.br/v1/OcorrenciasMensais/RecuperaDadosMensaisAgrupados?*
info: System.Net.Http.HttpClient.SspSpCrimeService.ClientHandler[100]
      Sending HTTP request GET https://www.ssp.sp.gov.br/v1/OcorrenciasMensais/RecuperaDadosMensaisAgrupados?*
info: System.Net.Http.HttpClient.SspSpCrimeService.LogicalHandler[100]
      Start processing HTTP request GET https://www.ssp.sp.gov.br/v1/OcorrenciasMensais/RecuperaDadosMensaisAgrupados?*
info: System.Net.Http.HttpClient.SspSpCrimeService.ClientHandler[100]
      Sending HTTP request GET https://www.ssp.sp.gov.br/v1/OcorrenciasMensais/RecuperaDadosMensaisAgrupados?*
info: System.Net.Http.HttpClient.SspSpCrimeService.LogicalHandler[100]
      Start processing HTTP request GET https://www.ssp.sp.gov.br/v1/OcorrenciasMensais/RecuperaDadosMensaisAgrupados?*
info: System.Net.Http.HttpClient.SspSpCrimeService.ClientHandler[100]
      Sending HTTP request GET https://www.ssp.sp.gov.br/v1/OcorrenciasMensais/RecuperaDadosMensaisAgrupados?*
info: System.Net.Http.HttpClient.SspSpCrimeService.LogicalHandler[100]
      Start processing HTTP request GET https://www.ssp.sp.gov.br/v1/OcorrenciasMensais/RecuperaDadosMensaisAgrupados?*
info: System.Net.Http.HttpClient.SspSpCrimeService.ClientHandler[100]
      Sending HTTP request GET https://www.ssp.sp.gov.br/v1/OcorrenciasMensais/RecuperaDadosMensaisAgrupados?*
info: System.Net.Http.HttpClient.SspSpCrimeService.LogicalHandler[100]
      Start processing HTTP request GET https://www.ssp.sp.gov.br/v1/OcorrenciasMensais/RecuperaDadosMensaisAgrupados?*
info: System.Net.Http.HttpClient.SspSpCrimeService.ClientHandler[100]
      Sending HTTP request GET https://www.ssp.sp.gov.br/v1/OcorrenciasMensais/RecuperaDadosMensaisAgrupados?*
info: System.Net.Http.HttpClient.SspSpCrimeService.LogicalHandler[100]
      Start processing HTTP request GET https://www.ssp.sp.gov.br/v1/OcorrenciasMensais/RecuperaDadosMensaisAgrupados?*
info: System.Net.Http.HttpClient.SspSpCrimeService.ClientHandler[100]
      Sending HTTP request GET https://www.ssp.sp.gov.br/v1/OcorrenciasMensais/RecuperaDadosMensaisAgrupados?*
info: System.Net.Http.HttpClient.SspSpCrimeService.LogicalHandler[100]
      Start processing HTTP request GET https://www.ssp.sp.gov.br/v1/OcorrenciasMensais/RecuperaDadosMensaisAgrupados?*
info: System.Net.Http.HttpClient.SspSpCrimeService.ClientHandler[100]
      Sending HTTP request GET https://www.ssp.sp.gov.br/v1/OcorrenciasMensais/RecuperaDadosMensaisAgrupados?*
info: System.Net.Http.HttpClient.SspSpCrimeService.LogicalHandler[100]
      Start processing HTTP request GET https://www.ssp.sp.gov.br/v1/OcorrenciasMensais/RecuperaDadosMensaisAgrupados?*
info: System.Net.Http.HttpClient.SspSpCrimeService.ClientHandler[100]
      Sending HTTP request GET https://www.ssp.sp.gov.br/v1/OcorrenciasMensais/RecuperaDadosMensaisAgrupados?*
info: System.Net.Http.HttpClient.SspSpCrimeService.LogicalHandler[100]
      Start processing HTTP request GET https://www.ssp.sp.gov.br/v1/OcorrenciasMensais/RecuperaDadosMensaisAgrupados?*
info: System.Net.Http.HttpClient.SspSpCrimeService.ClientHandler[100]
      Sending HTTP request GET https://www.ssp.sp.gov.br/v1/OcorrenciasMensais/RecuperaDadosMensaisAgrupados?*
info: System.Net.Http.HttpClient.SspSpCrimeService.LogicalHandler[100]
      Start processing HTTP request GET https://www.ssp.sp.gov.br/v1/OcorrenciasMensais/RecuperaDadosMensaisAgrupados?*
info: System.Net.Http.HttpClient.SspSpCrimeService.ClientHandler[100]
      Sending HTTP request GET https://www.ssp.sp.gov.br/v1/OcorrenciasMensais/RecuperaDadosMensaisAgrupados?*
info: System.Net.Http.HttpClient.SspSpCrimeService.LogicalHandler[100]
      Start processing HTTP request GET https://www.ssp.sp.gov.br/v1/OcorrenciasMensais/RecuperaDadosMensaisAgrupados?*
info: System.Net.Http.HttpClient.SspSpCrimeService.ClientHandler[100]
      Sending HTTP request GET https://www.ssp.sp.gov.br/v1/OcorrenciasMensais/RecuperaDadosMensaisAgrupados?*
info: System.Net.Http.HttpClient.SspSpCrimeService.LogicalHandler[100]
      Start processing HTTP request GET https://www.ssp.sp.gov.br/v1/OcorrenciasMensais/RecuperaDadosMensaisAgrupados?*
info: System.Net.Http.HttpClient.SspSpCrimeService.ClientHandler[100]
      Sending HTTP request GET https://www.ssp.sp.gov.br/v1/OcorrenciasMensais/RecuperaDadosMensaisAgrupados?*
info: System.Net.Http.HttpClient.SspSpCrimeService.LogicalHandler[100]
      Start processing HTTP request GET https://www.ssp.sp.gov.br/v1/OcorrenciasMensais/RecuperaDadosMensaisAgrupados?*
info: System.Net.Http.HttpClient.SspSpCrimeService.ClientHandler[100]
      Sending HTTP request GET https://www.ssp.sp.gov.br/v1/OcorrenciasMensais/RecuperaDadosMensaisAgrupados?*
info: System.Net.Http.HttpClient.SspSpCrimeService.ClientHandler[101]
      Received HTTP response headers after 570.1248ms - 200
info: System.Net.Http.HttpClient.SspSpCrimeService.LogicalHandler[101]
      End processing HTTP request after 570.2149ms - 200
info: System.Net.Http.HttpClient.SspSpCrimeService.ClientHandler[101]
      Received HTTP response headers after 644.8575ms - 200
info: System.Net.Http.HttpClient.SspSpCrimeService.LogicalHandler[101]
      End processing HTTP request after 644.9008ms - 200
info: System.Net.Http.HttpClient.SspSpCrimeService.ClientHandler[101]
      Received HTTP response headers after 648.8715ms - 200
info: System.Net.Http.HttpClient.SspSpCrimeService.LogicalHandler[101]
      End processing HTTP request after 648.9ms - 200
info: System.Net.Http.HttpClient.SspSpCrimeService.ClientHandler[101]
      Received HTTP response headers after 659.841ms - 200
info: System.Net.Http.HttpClient.SspSpCrimeService.LogicalHandler[101]
      End processing HTTP request after 659.8701ms - 200
info: System.Net.Http.HttpClient.SspSpCrimeService.ClientHandler[101]
      Received HTTP response headers after 682.2889ms - 200
info: System.Net.Http.HttpClient.SspSpCrimeService.LogicalHandler[101]
      End processing HTTP request after 682.3184ms - 200
info: System.Net.Http.HttpClient.SspSpCrimeService.ClientHandler[101]
      Received HTTP response headers after 703.0558ms - 200
info: System.Net.Http.HttpClient.SspSpCrimeService.LogicalHandler[101]
      End processing HTTP request after 703.0841ms - 200
info: System.Net.Http.HttpClient.SspSpCrimeService.ClientHandler[101]
      Received HTTP response headers after 718.0877ms - 200
info: System.Net.Http.HttpClient.SspSpCrimeService.LogicalHandler[101]
      End processing HTTP request after 718.1118ms - 200
info: System.Net.Http.HttpClient.SspSpCrimeService.ClientHandler[101]
      Received HTTP response headers after 731.2571ms - 200
info: System.Net.Http.HttpClient.SspSpCrimeService.LogicalHandler[101]
      End processing HTTP request after 731.308ms - 200
info: System.Net.Http.HttpClient.SspSpCrimeService.ClientHandler[101]
      Received HTTP response headers after 732.5501ms - 200
info: System.Net.Http.HttpClient.SspSpCrimeService.LogicalHandler[101]
      End processing HTTP request after 732.5888ms - 200
info: System.Net.Http.HttpClient.SspSpCrimeService.ClientHandler[101]
      Received HTTP response headers after 735.7528ms - 200
info: System.Net.Http.HttpClient.SspSpCrimeService.LogicalHandler[101]
      End processing HTTP request after 735.7705ms - 200
info: System.Net.Http.HttpClient.SspSpCrimeService.ClientHandler[101]
      Received HTTP response headers after 740.4334ms - 200
info: System.Net.Http.HttpClient.SspSpCrimeService.LogicalHandler[101]
      End processing HTTP request after 740.4831ms - 200
info: System.Net.Http.HttpClient.SspSpCrimeService.ClientHandler[101]
      Received HTTP response headers after 740.7351ms - 200
info: System.Net.Http.HttpClient.SspSpCrimeService.LogicalHandler[101]
      End processing HTTP request after 740.7772ms - 200
info: System.Net.Http.HttpClient.SspSpCrimeService.ClientHandler[101]
      Received HTTP response headers after 742.2067ms - 200
info: System.Net.Http.HttpClient.SspSpCrimeService.LogicalHandler[101]
      End processing HTTP request after 742.2468ms - 200
info: System.Net.Http.HttpClient.SspSpCrimeService.ClientHandler[101]
      Received HTTP response headers after 745.9065ms - 200
info: System.Net.Http.HttpClient.SspSpCrimeService.LogicalHandler[101]
      End processing HTTP request after 745.9402ms - 200
info: System.Net.Http.HttpClient.SspSpCrimeService.ClientHandler[101]
      Received HTTP response headers after 746.588ms - 200
info: System.Net.Http.HttpClient.SspSpCrimeService.LogicalHandler[101]
      End processing HTTP request after 746.6015ms - 200
info: System.Net.Http.HttpClient.SspSpCrimeService.ClientHandler[101]
      Received HTTP response headers after 794.2744ms - 200
info: System.Net.Http.HttpClient.SspSpCrimeService.LogicalHandler[101]
      End processing HTTP request after 794.2969ms - 200
info: System.Net.Http.HttpClient.SspSpCrimeService.ClientHandler[101]
      Received HTTP response headers after 993.4414ms - 200
info: System.Net.Http.HttpClient.SspSpCrimeService.LogicalHandler[101]
      End processing HTTP request after 993.4802ms - 200
info: System.Net.Http.HttpClient.SspSpCrimeService.ClientHandler[101]
      Received HTTP response headers after 1054.7085ms - 200
info: System.Net.Http.HttpClient.SspSpCrimeService.LogicalHandler[101]
      End processing HTTP request after 1054.752ms - 200
info: System.Net.Http.HttpClient.SspSpCrimeService.ClientHandler[101]
      Received HTTP response headers after 1071.3149ms - 200
info: System.Net.Http.HttpClient.SspSpCrimeService.LogicalHandler[101]
      End processing HTTP request after 1071.3592ms - 200
info: System.Net.Http.HttpClient.SspSpCrimeService.ClientHandler[101]
      Received HTTP response headers after 1095.1207ms - 200
info: System.Net.Http.HttpClient.SspSpCrimeService.LogicalHandler[101]
      End processing HTTP request after 1095.1665ms - 200
info: System.Net.Http.HttpClient.SspSpCrimeService.ClientHandler[101]
      Received HTTP response headers after 1095.7464ms - 200
info: System.Net.Http.HttpClient.SspSpCrimeService.LogicalHandler[101]
      End processing HTTP request after 1095.7896ms - 200
info: System.Net.Http.HttpClient.SspSpCrimeService.ClientHandler[101]
      Received HTTP response headers after 1095.9257ms - 200
info: System.Net.Http.HttpClient.SspSpCrimeService.LogicalHandler[101]
      End processing HTTP request after 1095.9504ms - 200
info: System.Net.Http.HttpClient.SspSpCrimeService.ClientHandler[101]
      Received HTTP response headers after 1131.27ms - 200
info: System.Net.Http.HttpClient.SspSpCrimeService.LogicalHandler[101]
      End processing HTTP request after 1131.2931ms - 200
info: System.Net.Http.HttpClient.SspSpCrimeService.ClientHandler[101]
      Received HTTP response headers after 1151.9527ms - 200
info: System.Net.Http.HttpClient.SspSpCrimeService.LogicalHandler[101]
      End processing HTTP request after 1151.9882ms - 200
info: System.Net.Http.HttpClient.SspSpCrimeService.ClientHandler[101]
      Received HTTP response headers after 1154.8617ms - 200
info: System.Net.Http.HttpClient.SspSpCrimeService.LogicalHandler[101]
      End processing HTTP request after 1154.8971ms - 200
info: System.Net.Http.HttpClient.SspSpCrimeService.ClientHandler[101]
      Received HTTP response headers after 1158.2484ms - 200
info: System.Net.Http.HttpClient.SspSpCrimeService.LogicalHandler[101]
      End processing HTTP request after 1158.2656ms - 200
info: System.Net.Http.HttpClient.SspSpCrimeService.ClientHandler[101]
      Received HTTP response headers after 1483.8988ms - 200
info: System.Net.Http.HttpClient.SspSpCrimeService.ClientHandler[101]
      Received HTTP response headers after 1484.0999ms - 200
info: System.Net.Http.HttpClient.SspSpCrimeService.LogicalHandler[101]
      End processing HTTP request after 1483.9269ms - 200
info: System.Net.Http.HttpClient.SspSpCrimeService.LogicalHandler[101]
      End processing HTTP request after 1484.129ms - 200
info: System.Net.Http.HttpClient.SspSpCrimeService.ClientHandler[101]
      Received HTTP response headers after 1489.0512ms - 200
info: System.Net.Http.HttpClient.SspSpCrimeService.LogicalHandler[101]
      End processing HTTP request after 1489.0721ms - 200
info: System.Net.Http.HttpClient.SspSpCrimeService.ClientHandler[101]
      Received HTTP response headers after 1492.2688ms - 200
info: System.Net.Http.HttpClient.SspSpCrimeService.LogicalHandler[101]
      End processing HTTP request after 1492.286ms - 200
info: System.Net.Http.HttpClient.SspSpCrimeService.ClientHandler[101]
      Received HTTP response headers after 1493.3105ms - 200
info: System.Net.Http.HttpClient.SspSpCrimeService.LogicalHandler[101]
      End processing HTTP request after 1493.3391ms - 200
info: System.Net.Http.HttpClient.SspSpCrimeService.ClientHandler[101]
      Received HTTP response headers after 1494.5048ms - 200
info: System.Net.Http.HttpClient.SspSpCrimeService.LogicalHandler[101]
      End processing HTTP request after 1494.5583ms - 200
info: Microsoft.AspNetCore.Http.Result.OkObjectResult[1]
      Setting HTTP status code 200.
info: Microsoft.AspNetCore.Http.Result.OkObjectResult[3]
      Writing value of type '<>f__AnonymousType17`5' as Json.
info: Microsoft.AspNetCore.Routing.EndpointMiddleware[1]
      Executed endpoint 'HTTP: GET /api/seguranca/distritos-proximos'
info: Microsoft.AspNetCore.Hosting.Diagnostics[2]
      Request finished HTTP/1.1 GET http://localhost:5209/api/seguranca/distritos-proximos?ano=2026&atualizar=true - 200 - application/json;+charset=utf-8 1599.5186ms
info: Microsoft.AspNetCore.Hosting.Diagnostics[1]
      Request starting HTTP/1.1 GET http://localhost:5209/api/seguranca/distritos-proximos?ano=2026&atualizar=true - - -
info: Microsoft.AspNetCore.Cors.Infrastructure.CorsService[4]
      CORS policy execution successful.
info: Microsoft.AspNetCore.Routing.EndpointMiddleware[0]
      Executing endpoint 'HTTP: GET /api/seguranca/distritos-proximos'
info: System.Net.Http.HttpClient.SspSpCrimeService.LogicalHandler[100]
      Start processing HTTP request GET https://www.ssp.sp.gov.br/v1/Distritos/RecuperaDistritos
info: System.Net.Http.HttpClient.SspSpCrimeService.ClientHandler[100]
      Sending HTTP request GET https://www.ssp.sp.gov.br/v1/Distritos/RecuperaDistritos
info: System.Net.Http.HttpClient.SspSpCrimeService.ClientHandler[101]
      Received HTTP response headers after 81.4079ms - 200
info: System.Net.Http.HttpClient.SspSpCrimeService.LogicalHandler[101]
      End processing HTTP request after 81.4907ms - 200
info: System.Net.Http.HttpClient.SspSpCrimeService.LogicalHandler[100]
      Start processing HTTP request GET https://www.ssp.sp.gov.br/v1/OcorrenciasMensais/RecuperaDadosMensaisAgrupados?*
info: System.Net.Http.HttpClient.SspSpCrimeService.ClientHandler[100]
      Sending HTTP request GET https://www.ssp.sp.gov.br/v1/OcorrenciasMensais/RecuperaDadosMensaisAgrupados?*
info: System.Net.Http.HttpClient.SspSpCrimeService.LogicalHandler[100]
      Start processing HTTP request GET https://www.ssp.sp.gov.br/v1/OcorrenciasMensais/RecuperaDadosMensaisAgrupados?*
info: System.Net.Http.HttpClient.SspSpCrimeService.ClientHandler[100]
      Sending HTTP request GET https://www.ssp.sp.gov.br/v1/OcorrenciasMensais/RecuperaDadosMensaisAgrupados?*
info: System.Net.Http.HttpClient.SspSpCrimeService.LogicalHandler[100]
      Start processing HTTP request GET https://www.ssp.sp.gov.br/v1/OcorrenciasMensais/RecuperaDadosMensaisAgrupados?*
info: System.Net.Http.HttpClient.SspSpCrimeService.ClientHandler[100]
      Sending HTTP request GET https://www.ssp.sp.gov.br/v1/OcorrenciasMensais/RecuperaDadosMensaisAgrupados?*
info: System.Net.Http.HttpClient.SspSpCrimeService.LogicalHandler[100]
      Start processing HTTP request GET https://www.ssp.sp.gov.br/v1/OcorrenciasMensais/RecuperaDadosMensaisAgrupados?*
info: System.Net.Http.HttpClient.SspSpCrimeService.ClientHandler[100]
      Sending HTTP request GET https://www.ssp.sp.gov.br/v1/OcorrenciasMensais/RecuperaDadosMensaisAgrupados?*
info: System.Net.Http.HttpClient.SspSpCrimeService.LogicalHandler[100]
      Start processing HTTP request GET https://www.ssp.sp.gov.br/v1/OcorrenciasMensais/RecuperaDadosMensaisAgrupados?*
info: System.Net.Http.HttpClient.SspSpCrimeService.ClientHandler[100]
      Sending HTTP request GET https://www.ssp.sp.gov.br/v1/OcorrenciasMensais/RecuperaDadosMensaisAgrupados?*
info: System.Net.Http.HttpClient.SspSpCrimeService.LogicalHandler[100]
      Start processing HTTP request GET https://www.ssp.sp.gov.br/v1/OcorrenciasMensais/RecuperaDadosMensaisAgrupados?*
info: System.Net.Http.HttpClient.SspSpCrimeService.ClientHandler[100]
      Sending HTTP request GET https://www.ssp.sp.gov.br/v1/OcorrenciasMensais/RecuperaDadosMensaisAgrupados?*
info: System.Net.Http.HttpClient.SspSpCrimeService.LogicalHandler[100]
      Start processing HTTP request GET https://www.ssp.sp.gov.br/v1/OcorrenciasMensais/RecuperaDadosMensaisAgrupados?*
info: System.Net.Http.HttpClient.SspSpCrimeService.ClientHandler[100]
      Sending HTTP request GET https://www.ssp.sp.gov.br/v1/OcorrenciasMensais/RecuperaDadosMensaisAgrupados?*
info: System.Net.Http.HttpClient.SspSpCrimeService.LogicalHandler[100]
      Start processing HTTP request GET https://www.ssp.sp.gov.br/v1/OcorrenciasMensais/RecuperaDadosMensaisAgrupados?*
info: System.Net.Http.HttpClient.SspSpCrimeService.ClientHandler[100]
      Sending HTTP request GET https://www.ssp.sp.gov.br/v1/OcorrenciasMensais/RecuperaDadosMensaisAgrupados?*
info: System.Net.Http.HttpClient.SspSpCrimeService.LogicalHandler[100]
      Start processing HTTP request GET https://www.ssp.sp.gov.br/v1/OcorrenciasMensais/RecuperaDadosMensaisAgrupados?*
info: System.Net.Http.HttpClient.SspSpCrimeService.ClientHandler[100]
      Sending HTTP request GET https://www.ssp.sp.gov.br/v1/OcorrenciasMensais/RecuperaDadosMensaisAgrupados?*
info: System.Net.Http.HttpClient.SspSpCrimeService.LogicalHandler[100]
      Start processing HTTP request GET https://www.ssp.sp.gov.br/v1/OcorrenciasMensais/RecuperaDadosMensaisAgrupados?*
info: System.Net.Http.HttpClient.SspSpCrimeService.ClientHandler[100]
      Sending HTTP request GET https://www.ssp.sp.gov.br/v1/OcorrenciasMensais/RecuperaDadosMensaisAgrupados?*
info: System.Net.Http.HttpClient.SspSpCrimeService.LogicalHandler[100]
      Start processing HTTP request GET https://www.ssp.sp.gov.br/v1/OcorrenciasMensais/RecuperaDadosMensaisAgrupados?*
info: System.Net.Http.HttpClient.SspSpCrimeService.ClientHandler[100]
      Sending HTTP request GET https://www.ssp.sp.gov.br/v1/OcorrenciasMensais/RecuperaDadosMensaisAgrupados?*
info: System.Net.Http.HttpClient.SspSpCrimeService.LogicalHandler[100]
      Start processing HTTP request GET https://www.ssp.sp.gov.br/v1/OcorrenciasMensais/RecuperaDadosMensaisAgrupados?*
info: System.Net.Http.HttpClient.SspSpCrimeService.ClientHandler[100]
      Sending HTTP request GET https://www.ssp.sp.gov.br/v1/OcorrenciasMensais/RecuperaDadosMensaisAgrupados?*
info: System.Net.Http.HttpClient.SspSpCrimeService.LogicalHandler[100]
      Start processing HTTP request GET https://www.ssp.sp.gov.br/v1/OcorrenciasMensais/RecuperaDadosMensaisAgrupados?*
info: System.Net.Http.HttpClient.SspSpCrimeService.ClientHandler[100]
      Sending HTTP request GET https://www.ssp.sp.gov.br/v1/OcorrenciasMensais/RecuperaDadosMensaisAgrupados?*
info: System.Net.Http.HttpClient.SspSpCrimeService.LogicalHandler[100]
      Start processing HTTP request GET https://www.ssp.sp.gov.br/v1/OcorrenciasMensais/RecuperaDadosMensaisAgrupados?*
info: System.Net.Http.HttpClient.SspSpCrimeService.ClientHandler[100]
      Sending HTTP request GET https://www.ssp.sp.gov.br/v1/OcorrenciasMensais/RecuperaDadosMensaisAgrupados?*
info: System.Net.Http.HttpClient.SspSpCrimeService.LogicalHandler[100]
      Start processing HTTP request GET https://www.ssp.sp.gov.br/v1/OcorrenciasMensais/RecuperaDadosMensaisAgrupados?*
info: System.Net.Http.HttpClient.SspSpCrimeService.ClientHandler[100]
      Sending HTTP request GET https://www.ssp.sp.gov.br/v1/OcorrenciasMensais/RecuperaDadosMensaisAgrupados?*
info: System.Net.Http.HttpClient.SspSpCrimeService.LogicalHandler[100]
      Start processing HTTP request GET https://www.ssp.sp.gov.br/v1/OcorrenciasMensais/RecuperaDadosMensaisAgrupados?*
info: System.Net.Http.HttpClient.SspSpCrimeService.ClientHandler[100]
      Sending HTTP request GET https://www.ssp.sp.gov.br/v1/OcorrenciasMensais/RecuperaDadosMensaisAgrupados?*
info: System.Net.Http.HttpClient.SspSpCrimeService.LogicalHandler[100]
      Start processing HTTP request GET https://www.ssp.sp.gov.br/v1/OcorrenciasMensais/RecuperaDadosMensaisAgrupados?*
info: System.Net.Http.HttpClient.SspSpCrimeService.ClientHandler[100]
      Sending HTTP request GET https://www.ssp.sp.gov.br/v1/OcorrenciasMensais/RecuperaDadosMensaisAgrupados?*
info: System.Net.Http.HttpClient.SspSpCrimeService.LogicalHandler[100]
      Start processing HTTP request GET https://www.ssp.sp.gov.br/v1/OcorrenciasMensais/RecuperaDadosMensaisAgrupados?*
info: System.Net.Http.HttpClient.SspSpCrimeService.ClientHandler[100]
      Sending HTTP request GET https://www.ssp.sp.gov.br/v1/OcorrenciasMensais/RecuperaDadosMensaisAgrupados?*
info: System.Net.Http.HttpClient.SspSpCrimeService.LogicalHandler[100]
      Start processing HTTP request GET https://www.ssp.sp.gov.br/v1/OcorrenciasMensais/RecuperaDadosMensaisAgrupados?*
info: System.Net.Http.HttpClient.SspSpCrimeService.ClientHandler[100]
      Sending HTTP request GET https://www.ssp.sp.gov.br/v1/OcorrenciasMensais/RecuperaDadosMensaisAgrupados?*
info: System.Net.Http.HttpClient.SspSpCrimeService.LogicalHandler[100]
      Start processing HTTP request GET https://www.ssp.sp.gov.br/v1/OcorrenciasMensais/RecuperaDadosMensaisAgrupados?*
info: System.Net.Http.HttpClient.SspSpCrimeService.ClientHandler[100]
      Sending HTTP request GET https://www.ssp.sp.gov.br/v1/OcorrenciasMensais/RecuperaDadosMensaisAgrupados?*
info: System.Net.Http.HttpClient.SspSpCrimeService.LogicalHandler[100]
      Start processing HTTP request GET https://www.ssp.sp.gov.br/v1/OcorrenciasMensais/RecuperaDadosMensaisAgrupados?*
info: System.Net.Http.HttpClient.SspSpCrimeService.ClientHandler[100]
      Sending HTTP request GET https://www.ssp.sp.gov.br/v1/OcorrenciasMensais/RecuperaDadosMensaisAgrupados?*
info: System.Net.Http.HttpClient.SspSpCrimeService.LogicalHandler[100]
      Start processing HTTP request GET https://www.ssp.sp.gov.br/v1/OcorrenciasMensais/RecuperaDadosMensaisAgrupados?*
info: System.Net.Http.HttpClient.SspSpCrimeService.ClientHandler[100]
      Sending HTTP request GET https://www.ssp.sp.gov.br/v1/OcorrenciasMensais/RecuperaDadosMensaisAgrupados?*
info: System.Net.Http.HttpClient.SspSpCrimeService.LogicalHandler[100]
      Start processing HTTP request GET https://www.ssp.sp.gov.br/v1/OcorrenciasMensais/RecuperaDadosMensaisAgrupados?*
info: System.Net.Http.HttpClient.SspSpCrimeService.ClientHandler[100]
      Sending HTTP request GET https://www.ssp.sp.gov.br/v1/OcorrenciasMensais/RecuperaDadosMensaisAgrupados?*
info: System.Net.Http.HttpClient.SspSpCrimeService.LogicalHandler[100]
      Start processing HTTP request GET https://www.ssp.sp.gov.br/v1/OcorrenciasMensais/RecuperaDadosMensaisAgrupados?*
info: System.Net.Http.HttpClient.SspSpCrimeService.ClientHandler[100]
      Sending HTTP request GET https://www.ssp.sp.gov.br/v1/OcorrenciasMensais/RecuperaDadosMensaisAgrupados?*
info: System.Net.Http.HttpClient.SspSpCrimeService.LogicalHandler[100]
      Start processing HTTP request GET https://www.ssp.sp.gov.br/v1/OcorrenciasMensais/RecuperaDadosMensaisAgrupados?*
info: System.Net.Http.HttpClient.SspSpCrimeService.ClientHandler[100]
      Sending HTTP request GET https://www.ssp.sp.gov.br/v1/OcorrenciasMensais/RecuperaDadosMensaisAgrupados?*
info: System.Net.Http.HttpClient.SspSpCrimeService.LogicalHandler[100]
      Start processing HTTP request GET https://www.ssp.sp.gov.br/v1/OcorrenciasMensais/RecuperaDadosMensaisAgrupados?*
info: System.Net.Http.HttpClient.SspSpCrimeService.ClientHandler[100]
      Sending HTTP request GET https://www.ssp.sp.gov.br/v1/OcorrenciasMensais/RecuperaDadosMensaisAgrupados?*
info: System.Net.Http.HttpClient.SspSpCrimeService.LogicalHandler[100]
      Start processing HTTP request GET https://www.ssp.sp.gov.br/v1/OcorrenciasMensais/RecuperaDadosMensaisAgrupados?*
info: System.Net.Http.HttpClient.SspSpCrimeService.ClientHandler[100]
      Sending HTTP request GET https://www.ssp.sp.gov.br/v1/OcorrenciasMensais/RecuperaDadosMensaisAgrupados?*
info: System.Net.Http.HttpClient.SspSpCrimeService.LogicalHandler[100]
      Start processing HTTP request GET https://www.ssp.sp.gov.br/v1/OcorrenciasMensais/RecuperaDadosMensaisAgrupados?*
info: System.Net.Http.HttpClient.SspSpCrimeService.ClientHandler[100]
      Sending HTTP request GET https://www.ssp.sp.gov.br/v1/OcorrenciasMensais/RecuperaDadosMensaisAgrupados?*
info: System.Net.Http.HttpClient.SspSpCrimeService.LogicalHandler[100]
      Start processing HTTP request GET https://www.ssp.sp.gov.br/v1/OcorrenciasMensais/RecuperaDadosMensaisAgrupados?*
info: System.Net.Http.HttpClient.SspSpCrimeService.ClientHandler[100]
      Sending HTTP request GET https://www.ssp.sp.gov.br/v1/OcorrenciasMensais/RecuperaDadosMensaisAgrupados?*
info: System.Net.Http.HttpClient.SspSpCrimeService.LogicalHandler[100]
      Start processing HTTP request GET https://www.ssp.sp.gov.br/v1/OcorrenciasMensais/RecuperaDadosMensaisAgrupados?*
info: System.Net.Http.HttpClient.SspSpCrimeService.ClientHandler[100]
      Sending HTTP request GET https://www.ssp.sp.gov.br/v1/OcorrenciasMensais/RecuperaDadosMensaisAgrupados?*
info: System.Net.Http.HttpClient.SspSpCrimeService.LogicalHandler[100]
      Start processing HTTP request GET https://www.ssp.sp.gov.br/v1/OcorrenciasMensais/RecuperaDadosMensaisAgrupados?*
info: System.Net.Http.HttpClient.SspSpCrimeService.ClientHandler[100]
      Sending HTTP request GET https://www.ssp.sp.gov.br/v1/OcorrenciasMensais/RecuperaDadosMensaisAgrupados?*
info: System.Net.Http.HttpClient.SspSpCrimeService.LogicalHandler[100]
      Start processing HTTP request GET https://www.ssp.sp.gov.br/v1/OcorrenciasMensais/RecuperaDadosMensaisAgrupados?*
info: System.Net.Http.HttpClient.SspSpCrimeService.ClientHandler[100]
      Sending HTTP request GET https://www.ssp.sp.gov.br/v1/OcorrenciasMensais/RecuperaDadosMensaisAgrupados?*
info: System.Net.Http.HttpClient.SspSpCrimeService.ClientHandler[101]
      Received HTTP response headers after 587.5451ms - 200
info: System.Net.Http.HttpClient.SspSpCrimeService.LogicalHandler[101]
      End processing HTTP request after 587.6648ms - 200
info: System.Net.Http.HttpClient.SspSpCrimeService.ClientHandler[101]
      Received HTTP response headers after 776.9632ms - 200
info: System.Net.Http.HttpClient.SspSpCrimeService.LogicalHandler[101]
      End processing HTTP request after 777.0347ms - 200
info: System.Net.Http.HttpClient.SspSpCrimeService.ClientHandler[101]
      Received HTTP response headers after 783.733ms - 200
info: System.Net.Http.HttpClient.SspSpCrimeService.LogicalHandler[101]
      End processing HTTP request after 783.7636ms - 200
info: System.Net.Http.HttpClient.SspSpCrimeService.ClientHandler[101]
      Received HTTP response headers after 791.2246ms - 200
info: System.Net.Http.HttpClient.SspSpCrimeService.LogicalHandler[101]
      End processing HTTP request after 791.2512ms - 200
info: System.Net.Http.HttpClient.SspSpCrimeService.ClientHandler[101]
      Received HTTP response headers after 808.6015ms - 200
info: System.Net.Http.HttpClient.SspSpCrimeService.LogicalHandler[101]
      End processing HTTP request after 808.6592ms - 200
info: System.Net.Http.HttpClient.SspSpCrimeService.ClientHandler[101]
      Received HTTP response headers after 877.4837ms - 200
info: System.Net.Http.HttpClient.SspSpCrimeService.LogicalHandler[101]
      End processing HTTP request after 877.5108ms - 200
info: System.Net.Http.HttpClient.SspSpCrimeService.ClientHandler[101]
      Received HTTP response headers after 893.7357ms - 200
info: System.Net.Http.HttpClient.SspSpCrimeService.LogicalHandler[101]
      End processing HTTP request after 893.7618ms - 200
info: System.Net.Http.HttpClient.SspSpCrimeService.ClientHandler[101]
      Received HTTP response headers after 900.1071ms - 200
info: System.Net.Http.HttpClient.SspSpCrimeService.LogicalHandler[101]
      End processing HTTP request after 900.1449ms - 200
info: System.Net.Http.HttpClient.SspSpCrimeService.ClientHandler[101]
      Received HTTP response headers after 902.3952ms - 200
info: System.Net.Http.HttpClient.SspSpCrimeService.LogicalHandler[101]
      End processing HTTP request after 902.4369ms - 200
info: System.Net.Http.HttpClient.SspSpCrimeService.ClientHandler[101]
      Received HTTP response headers after 906.3493ms - 200
info: System.Net.Http.HttpClient.SspSpCrimeService.LogicalHandler[101]
      End processing HTTP request after 906.3802ms - 200
info: System.Net.Http.HttpClient.SspSpCrimeService.ClientHandler[101]
      Received HTTP response headers after 912.4853ms - 200
info: System.Net.Http.HttpClient.SspSpCrimeService.LogicalHandler[101]
      End processing HTTP request after 912.5154ms - 200
info: System.Net.Http.HttpClient.SspSpCrimeService.ClientHandler[101]
      Received HTTP response headers after 917.922ms - 200
info: System.Net.Http.HttpClient.SspSpCrimeService.LogicalHandler[101]
      End processing HTTP request after 917.9416ms - 200
info: System.Net.Http.HttpClient.SspSpCrimeService.ClientHandler[101]
      Received HTTP response headers after 918.573ms - 200
info: System.Net.Http.HttpClient.SspSpCrimeService.LogicalHandler[101]
      End processing HTTP request after 918.5933ms - 200
info: System.Net.Http.HttpClient.SspSpCrimeService.ClientHandler[101]
      Received HTTP response headers after 924.3689ms - 200
info: System.Net.Http.HttpClient.SspSpCrimeService.LogicalHandler[101]
      End processing HTTP request after 924.3934ms - 200
info: System.Net.Http.HttpClient.SspSpCrimeService.ClientHandler[101]
      Received HTTP response headers after 929.3574ms - 200
info: System.Net.Http.HttpClient.SspSpCrimeService.LogicalHandler[101]
      End processing HTTP request after 929.3793ms - 200
info: System.Net.Http.HttpClient.SspSpCrimeService.ClientHandler[101]
      Received HTTP response headers after 934.6659ms - 200
info: System.Net.Http.HttpClient.SspSpCrimeService.LogicalHandler[101]
      End processing HTTP request after 934.709ms - 200
info: System.Net.Http.HttpClient.SspSpCrimeService.ClientHandler[101]
      Received HTTP response headers after 1040.8543ms - 200
info: System.Net.Http.HttpClient.SspSpCrimeService.LogicalHandler[101]
      End processing HTTP request after 1040.9287ms - 200
info: System.Net.Http.HttpClient.SspSpCrimeService.ClientHandler[101]
      Received HTTP response headers after 1046.8728ms - 200
info: System.Net.Http.HttpClient.SspSpCrimeService.LogicalHandler[101]
      End processing HTTP request after 1046.917ms - 200
info: System.Net.Http.HttpClient.SspSpCrimeService.ClientHandler[101]
      Received HTTP response headers after 1054.9235ms - 200
info: System.Net.Http.HttpClient.SspSpCrimeService.LogicalHandler[101]
      End processing HTTP request after 1054.9513ms - 200
info: System.Net.Http.HttpClient.SspSpCrimeService.ClientHandler[101]
      Received HTTP response headers after 1060.7082ms - 200
info: System.Net.Http.HttpClient.SspSpCrimeService.LogicalHandler[101]
      End processing HTTP request after 1060.7541ms - 200
info: System.Net.Http.HttpClient.SspSpCrimeService.ClientHandler[101]
      Received HTTP response headers after 1062.2663ms - 200
info: System.Net.Http.HttpClient.SspSpCrimeService.LogicalHandler[101]
      End processing HTTP request after 1062.3064ms - 200
info: System.Net.Http.HttpClient.SspSpCrimeService.ClientHandler[101]
      Received HTTP response headers after 1063.6416ms - 200
info: System.Net.Http.HttpClient.SspSpCrimeService.LogicalHandler[101]
      End processing HTTP request after 1063.6727ms - 200
info: System.Net.Http.HttpClient.SspSpCrimeService.ClientHandler[101]
      Received HTTP response headers after 1065.5937ms - 200
info: System.Net.Http.HttpClient.SspSpCrimeService.LogicalHandler[101]
      End processing HTTP request after 1065.6244ms - 200
info: System.Net.Http.HttpClient.SspSpCrimeService.ClientHandler[101]
      Received HTTP response headers after 1074.5077ms - 200
info: System.Net.Http.HttpClient.SspSpCrimeService.LogicalHandler[101]
      End processing HTTP request after 1074.5419ms - 200
info: System.Net.Http.HttpClient.SspSpCrimeService.ClientHandler[101]
      Received HTTP response headers after 1107.7106ms - 200
info: System.Net.Http.HttpClient.SspSpCrimeService.LogicalHandler[101]
      End processing HTTP request after 1107.7429ms - 200
info: System.Net.Http.HttpClient.SspSpCrimeService.ClientHandler[101]
      Received HTTP response headers after 1512.2857ms - 200
info: System.Net.Http.HttpClient.SspSpCrimeService.LogicalHandler[101]
      End processing HTTP request after 1512.3368ms - 200
info: System.Net.Http.HttpClient.SspSpCrimeService.ClientHandler[101]
      Received HTTP response headers after 1612.3443ms - 200
info: System.Net.Http.HttpClient.SspSpCrimeService.LogicalHandler[101]
      End processing HTTP request after 1612.3716ms - 200
info: System.Net.Http.HttpClient.SspSpCrimeService.ClientHandler[101]
      Received HTTP response headers after 1759.5185ms - 200
info: System.Net.Http.HttpClient.SspSpCrimeService.LogicalHandler[101]
      End processing HTTP request after 1759.5618ms - 200
info: System.Net.Http.HttpClient.SspSpCrimeService.ClientHandler[101]
      Received HTTP response headers after 1768.8339ms - 200
info: System.Net.Http.HttpClient.SspSpCrimeService.LogicalHandler[101]
      End processing HTTP request after 1768.8966ms - 200
info: System.Net.Http.HttpClient.SspSpCrimeService.ClientHandler[101]
      Received HTTP response headers after 1778.2115ms - 200
info: System.Net.Http.HttpClient.SspSpCrimeService.LogicalHandler[101]
      End processing HTTP request after 1778.2414ms - 200
info: System.Net.Http.HttpClient.SspSpCrimeService.ClientHandler[101]
      Received HTTP response headers after 1779.6334ms - 200
info: System.Net.Http.HttpClient.SspSpCrimeService.LogicalHandler[101]
      End processing HTTP request after 1779.6612ms - 200
info: System.Net.Http.HttpClient.SspSpCrimeService.ClientHandler[101]
      Received HTTP response headers after 1786.0543ms - 200
info: System.Net.Http.HttpClient.SspSpCrimeService.LogicalHandler[101]
      End processing HTTP request after 1786.083ms - 200
info: Microsoft.AspNetCore.Http.Result.OkObjectResult[1]
      Setting HTTP status code 200.
info: Microsoft.AspNetCore.Http.Result.OkObjectResult[3]
      Writing value of type '<>f__AnonymousType17`5' as Json.
info: Microsoft.AspNetCore.Routing.EndpointMiddleware[1]
      Executed endpoint 'HTTP: GET /api/seguranca/distritos-proximos'
info: Microsoft.AspNetCore.Hosting.Diagnostics[2]
      Request finished HTTP/1.1 GET http://localhost:5209/api/seguranca/distritos-proximos?ano=2026&atualizar=true - 200 - application/json;+charset=utf-8 1903.9962ms
info: Microsoft.AspNetCore.Hosting.Diagnostics[1]
      Request starting HTTP/1.1 GET http://localhost:5209/api/seguranca/distritos-proximos?ano=2026&atualizar=true - - -
info: Microsoft.AspNetCore.Cors.Infrastructure.CorsService[4]
      CORS policy execution successful.
info: Microsoft.AspNetCore.Routing.EndpointMiddleware[0]
      Executing endpoint 'HTTP: GET /api/seguranca/distritos-proximos'
info: System.Net.Http.HttpClient.SspSpCrimeService.LogicalHandler[100]
      Start processing HTTP request GET https://www.ssp.sp.gov.br/v1/Distritos/RecuperaDistritos
info: System.Net.Http.HttpClient.SspSpCrimeService.ClientHandler[100]
      Sending HTTP request GET https://www.ssp.sp.gov.br/v1/Distritos/RecuperaDistritos
info: System.Net.Http.HttpClient.SspSpCrimeService.ClientHandler[101]
      Received HTTP response headers after 75.0559ms - 200
info: System.Net.Http.HttpClient.SspSpCrimeService.LogicalHandler[101]
      End processing HTTP request after 75.1241ms - 200
info: System.Net.Http.HttpClient.SspSpCrimeService.LogicalHandler[100]
      Start processing HTTP request GET https://www.ssp.sp.gov.br/v1/OcorrenciasMensais/RecuperaDadosMensaisAgrupados?*
info: System.Net.Http.HttpClient.SspSpCrimeService.ClientHandler[100]
      Sending HTTP request GET https://www.ssp.sp.gov.br/v1/OcorrenciasMensais/RecuperaDadosMensaisAgrupados?*
info: System.Net.Http.HttpClient.SspSpCrimeService.LogicalHandler[100]
      Start processing HTTP request GET https://www.ssp.sp.gov.br/v1/OcorrenciasMensais/RecuperaDadosMensaisAgrupados?*
info: System.Net.Http.HttpClient.SspSpCrimeService.ClientHandler[100]
      Sending HTTP request GET https://www.ssp.sp.gov.br/v1/OcorrenciasMensais/RecuperaDadosMensaisAgrupados?*
info: System.Net.Http.HttpClient.SspSpCrimeService.LogicalHandler[100]
      Start processing HTTP request GET https://www.ssp.sp.gov.br/v1/OcorrenciasMensais/RecuperaDadosMensaisAgrupados?*
info: System.Net.Http.HttpClient.SspSpCrimeService.ClientHandler[100]
      Sending HTTP request GET https://www.ssp.sp.gov.br/v1/OcorrenciasMensais/RecuperaDadosMensaisAgrupados?*
info: System.Net.Http.HttpClient.SspSpCrimeService.LogicalHandler[100]
      Start processing HTTP request GET https://www.ssp.sp.gov.br/v1/OcorrenciasMensais/RecuperaDadosMensaisAgrupados?*
info: System.Net.Http.HttpClient.SspSpCrimeService.ClientHandler[100]
      Sending HTTP request GET https://www.ssp.sp.gov.br/v1/OcorrenciasMensais/RecuperaDadosMensaisAgrupados?*
info: System.Net.Http.HttpClient.SspSpCrimeService.LogicalHandler[100]
      Start processing HTTP request GET https://www.ssp.sp.gov.br/v1/OcorrenciasMensais/RecuperaDadosMensaisAgrupados?*
info: System.Net.Http.HttpClient.SspSpCrimeService.ClientHandler[100]
      Sending HTTP request GET https://www.ssp.sp.gov.br/v1/OcorrenciasMensais/RecuperaDadosMensaisAgrupados?*
info: System.Net.Http.HttpClient.SspSpCrimeService.LogicalHandler[100]
      Start processing HTTP request GET https://www.ssp.sp.gov.br/v1/OcorrenciasMensais/RecuperaDadosMensaisAgrupados?*
info: System.Net.Http.HttpClient.SspSpCrimeService.ClientHandler[100]
      Sending HTTP request GET https://www.ssp.sp.gov.br/v1/OcorrenciasMensais/RecuperaDadosMensaisAgrupados?*
info: System.Net.Http.HttpClient.SspSpCrimeService.LogicalHandler[100]
      Start processing HTTP request GET https://www.ssp.sp.gov.br/v1/OcorrenciasMensais/RecuperaDadosMensaisAgrupados?*
info: System.Net.Http.HttpClient.SspSpCrimeService.ClientHandler[100]
      Sending HTTP request GET https://www.ssp.sp.gov.br/v1/OcorrenciasMensais/RecuperaDadosMensaisAgrupados?*
info: System.Net.Http.HttpClient.SspSpCrimeService.LogicalHandler[100]
      Start processing HTTP request GET https://www.ssp.sp.gov.br/v1/OcorrenciasMensais/RecuperaDadosMensaisAgrupados?*
info: System.Net.Http.HttpClient.SspSpCrimeService.ClientHandler[100]
      Sending HTTP request GET https://www.ssp.sp.gov.br/v1/OcorrenciasMensais/RecuperaDadosMensaisAgrupados?*
info: System.Net.Http.HttpClient.SspSpCrimeService.LogicalHandler[100]
      Start processing HTTP request GET https://www.ssp.sp.gov.br/v1/OcorrenciasMensais/RecuperaDadosMensaisAgrupados?*
info: System.Net.Http.HttpClient.SspSpCrimeService.ClientHandler[100]
      Sending HTTP request GET https://www.ssp.sp.gov.br/v1/OcorrenciasMensais/RecuperaDadosMensaisAgrupados?*
info: System.Net.Http.HttpClient.SspSpCrimeService.LogicalHandler[100]
      Start processing HTTP request GET https://www.ssp.sp.gov.br/v1/OcorrenciasMensais/RecuperaDadosMensaisAgrupados?*
info: System.Net.Http.HttpClient.SspSpCrimeService.ClientHandler[100]
      Sending HTTP request GET https://www.ssp.sp.gov.br/v1/OcorrenciasMensais/RecuperaDadosMensaisAgrupados?*
info: System.Net.Http.HttpClient.SspSpCrimeService.LogicalHandler[100]
      Start processing HTTP request GET https://www.ssp.sp.gov.br/v1/OcorrenciasMensais/RecuperaDadosMensaisAgrupados?*
info: System.Net.Http.HttpClient.SspSpCrimeService.ClientHandler[100]
      Sending HTTP request GET https://www.ssp.sp.gov.br/v1/OcorrenciasMensais/RecuperaDadosMensaisAgrupados?*
info: System.Net.Http.HttpClient.SspSpCrimeService.LogicalHandler[100]
      Start processing HTTP request GET https://www.ssp.sp.gov.br/v1/OcorrenciasMensais/RecuperaDadosMensaisAgrupados?*
info: System.Net.Http.HttpClient.SspSpCrimeService.ClientHandler[100]
      Sending HTTP request GET https://www.ssp.sp.gov.br/v1/OcorrenciasMensais/RecuperaDadosMensaisAgrupados?*
info: System.Net.Http.HttpClient.SspSpCrimeService.LogicalHandler[100]
      Start processing HTTP request GET https://www.ssp.sp.gov.br/v1/OcorrenciasMensais/RecuperaDadosMensaisAgrupados?*
info: System.Net.Http.HttpClient.SspSpCrimeService.ClientHandler[100]
      Sending HTTP request GET https://www.ssp.sp.gov.br/v1/OcorrenciasMensais/RecuperaDadosMensaisAgrupados?*
info: System.Net.Http.HttpClient.SspSpCrimeService.LogicalHandler[100]
      Start processing HTTP request GET https://www.ssp.sp.gov.br/v1/OcorrenciasMensais/RecuperaDadosMensaisAgrupados?*
info: System.Net.Http.HttpClient.SspSpCrimeService.ClientHandler[100]
      Sending HTTP request GET https://www.ssp.sp.gov.br/v1/OcorrenciasMensais/RecuperaDadosMensaisAgrupados?*
info: System.Net.Http.HttpClient.SspSpCrimeService.LogicalHandler[100]
      Start processing HTTP request GET https://www.ssp.sp.gov.br/v1/OcorrenciasMensais/RecuperaDadosMensaisAgrupados?*
info: System.Net.Http.HttpClient.SspSpCrimeService.ClientHandler[100]
      Sending HTTP request GET https://www.ssp.sp.gov.br/v1/OcorrenciasMensais/RecuperaDadosMensaisAgrupados?*
info: System.Net.Http.HttpClient.SspSpCrimeService.LogicalHandler[100]
      Start processing HTTP request GET https://www.ssp.sp.gov.br/v1/OcorrenciasMensais/RecuperaDadosMensaisAgrupados?*
info: System.Net.Http.HttpClient.SspSpCrimeService.ClientHandler[100]
      Sending HTTP request GET https://www.ssp.sp.gov.br/v1/OcorrenciasMensais/RecuperaDadosMensaisAgrupados?*
info: System.Net.Http.HttpClient.SspSpCrimeService.LogicalHandler[100]
      Start processing HTTP request GET https://www.ssp.sp.gov.br/v1/OcorrenciasMensais/RecuperaDadosMensaisAgrupados?*
info: System.Net.Http.HttpClient.SspSpCrimeService.ClientHandler[100]
      Sending HTTP request GET https://www.ssp.sp.gov.br/v1/OcorrenciasMensais/RecuperaDadosMensaisAgrupados?*
info: System.Net.Http.HttpClient.SspSpCrimeService.LogicalHandler[100]
      Start processing HTTP request GET https://www.ssp.sp.gov.br/v1/OcorrenciasMensais/RecuperaDadosMensaisAgrupados?*
info: System.Net.Http.HttpClient.SspSpCrimeService.ClientHandler[100]
      Sending HTTP request GET https://www.ssp.sp.gov.br/v1/OcorrenciasMensais/RecuperaDadosMensaisAgrupados?*
info: System.Net.Http.HttpClient.SspSpCrimeService.LogicalHandler[100]
      Start processing HTTP request GET https://www.ssp.sp.gov.br/v1/OcorrenciasMensais/RecuperaDadosMensaisAgrupados?*
info: System.Net.Http.HttpClient.SspSpCrimeService.ClientHandler[100]
      Sending HTTP request GET https://www.ssp.sp.gov.br/v1/OcorrenciasMensais/RecuperaDadosMensaisAgrupados?*
info: System.Net.Http.HttpClient.SspSpCrimeService.LogicalHandler[100]
      Start processing HTTP request GET https://www.ssp.sp.gov.br/v1/OcorrenciasMensais/RecuperaDadosMensaisAgrupados?*
info: System.Net.Http.HttpClient.SspSpCrimeService.ClientHandler[100]
      Sending HTTP request GET https://www.ssp.sp.gov.br/v1/OcorrenciasMensais/RecuperaDadosMensaisAgrupados?*
info: System.Net.Http.HttpClient.SspSpCrimeService.LogicalHandler[100]
      Start processing HTTP request GET https://www.ssp.sp.gov.br/v1/OcorrenciasMensais/RecuperaDadosMensaisAgrupados?*
info: System.Net.Http.HttpClient.SspSpCrimeService.ClientHandler[100]
      Sending HTTP request GET https://www.ssp.sp.gov.br/v1/OcorrenciasMensais/RecuperaDadosMensaisAgrupados?*
info: System.Net.Http.HttpClient.SspSpCrimeService.LogicalHandler[100]
      Start processing HTTP request GET https://www.ssp.sp.gov.br/v1/OcorrenciasMensais/RecuperaDadosMensaisAgrupados?*
info: System.Net.Http.HttpClient.SspSpCrimeService.ClientHandler[100]
      Sending HTTP request GET https://www.ssp.sp.gov.br/v1/OcorrenciasMensais/RecuperaDadosMensaisAgrupados?*
info: System.Net.Http.HttpClient.SspSpCrimeService.LogicalHandler[100]
      Start processing HTTP request GET https://www.ssp.sp.gov.br/v1/OcorrenciasMensais/RecuperaDadosMensaisAgrupados?*
info: System.Net.Http.HttpClient.SspSpCrimeService.ClientHandler[100]
      Sending HTTP request GET https://www.ssp.sp.gov.br/v1/OcorrenciasMensais/RecuperaDadosMensaisAgrupados?*
info: System.Net.Http.HttpClient.SspSpCrimeService.LogicalHandler[100]
      Start processing HTTP request GET https://www.ssp.sp.gov.br/v1/OcorrenciasMensais/RecuperaDadosMensaisAgrupados?*
info: System.Net.Http.HttpClient.SspSpCrimeService.ClientHandler[100]
      Sending HTTP request GET https://www.ssp.sp.gov.br/v1/OcorrenciasMensais/RecuperaDadosMensaisAgrupados?*
info: System.Net.Http.HttpClient.SspSpCrimeService.LogicalHandler[100]
      Start processing HTTP request GET https://www.ssp.sp.gov.br/v1/OcorrenciasMensais/RecuperaDadosMensaisAgrupados?*
info: System.Net.Http.HttpClient.SspSpCrimeService.ClientHandler[100]
      Sending HTTP request GET https://www.ssp.sp.gov.br/v1/OcorrenciasMensais/RecuperaDadosMensaisAgrupados?*
info: System.Net.Http.HttpClient.SspSpCrimeService.LogicalHandler[100]
      Start processing HTTP request GET https://www.ssp.sp.gov.br/v1/OcorrenciasMensais/RecuperaDadosMensaisAgrupados?*
info: System.Net.Http.HttpClient.SspSpCrimeService.ClientHandler[100]
      Sending HTTP request GET https://www.ssp.sp.gov.br/v1/OcorrenciasMensais/RecuperaDadosMensaisAgrupados?*
info: System.Net.Http.HttpClient.SspSpCrimeService.LogicalHandler[100]
      Start processing HTTP request GET https://www.ssp.sp.gov.br/v1/OcorrenciasMensais/RecuperaDadosMensaisAgrupados?*
info: System.Net.Http.HttpClient.SspSpCrimeService.ClientHandler[100]
      Sending HTTP request GET https://www.ssp.sp.gov.br/v1/OcorrenciasMensais/RecuperaDadosMensaisAgrupados?*
info: System.Net.Http.HttpClient.SspSpCrimeService.LogicalHandler[100]
      Start processing HTTP request GET https://www.ssp.sp.gov.br/v1/OcorrenciasMensais/RecuperaDadosMensaisAgrupados?*
info: System.Net.Http.HttpClient.SspSpCrimeService.ClientHandler[100]
      Sending HTTP request GET https://www.ssp.sp.gov.br/v1/OcorrenciasMensais/RecuperaDadosMensaisAgrupados?*
info: System.Net.Http.HttpClient.SspSpCrimeService.LogicalHandler[100]
      Start processing HTTP request GET https://www.ssp.sp.gov.br/v1/OcorrenciasMensais/RecuperaDadosMensaisAgrupados?*
info: System.Net.Http.HttpClient.SspSpCrimeService.ClientHandler[100]
      Sending HTTP request GET https://www.ssp.sp.gov.br/v1/OcorrenciasMensais/RecuperaDadosMensaisAgrupados?*
info: System.Net.Http.HttpClient.SspSpCrimeService.LogicalHandler[100]
      Start processing HTTP request GET https://www.ssp.sp.gov.br/v1/OcorrenciasMensais/RecuperaDadosMensaisAgrupados?*
info: System.Net.Http.HttpClient.SspSpCrimeService.ClientHandler[100]
      Sending HTTP request GET https://www.ssp.sp.gov.br/v1/OcorrenciasMensais/RecuperaDadosMensaisAgrupados?*
info: System.Net.Http.HttpClient.SspSpCrimeService.LogicalHandler[100]
      Start processing HTTP request GET https://www.ssp.sp.gov.br/v1/OcorrenciasMensais/RecuperaDadosMensaisAgrupados?*
info: System.Net.Http.HttpClient.SspSpCrimeService.ClientHandler[100]
      Sending HTTP request GET https://www.ssp.sp.gov.br/v1/OcorrenciasMensais/RecuperaDadosMensaisAgrupados?*
info: System.Net.Http.HttpClient.SspSpCrimeService.LogicalHandler[100]
      Start processing HTTP request GET https://www.ssp.sp.gov.br/v1/OcorrenciasMensais/RecuperaDadosMensaisAgrupados?*
info: System.Net.Http.HttpClient.SspSpCrimeService.ClientHandler[100]
      Sending HTTP request GET https://www.ssp.sp.gov.br/v1/OcorrenciasMensais/RecuperaDadosMensaisAgrupados?*
info: System.Net.Http.HttpClient.SspSpCrimeService.ClientHandler[101]
      Received HTTP response headers after 146.7825ms - 200
info: System.Net.Http.HttpClient.SspSpCrimeService.LogicalHandler[101]
      End processing HTTP request after 146.8449ms - 200
info: System.Net.Http.HttpClient.SspSpCrimeService.ClientHandler[101]
      Received HTTP response headers after 213.6764ms - 200
info: System.Net.Http.HttpClient.SspSpCrimeService.LogicalHandler[101]
      End processing HTTP request after 213.7279ms - 200
info: System.Net.Http.HttpClient.SspSpCrimeService.ClientHandler[101]
      Received HTTP response headers after 287.4325ms - 200
info: System.Net.Http.HttpClient.SspSpCrimeService.LogicalHandler[101]
      End processing HTTP request after 287.4762ms - 200
info: System.Net.Http.HttpClient.SspSpCrimeService.ClientHandler[101]
      Received HTTP response headers after 295.0915ms - 200
info: System.Net.Http.HttpClient.SspSpCrimeService.LogicalHandler[101]
      End processing HTTP request after 295.125ms - 200
info: System.Net.Http.HttpClient.SspSpCrimeService.ClientHandler[101]
      Received HTTP response headers after 419.3881ms - 200
info: System.Net.Http.HttpClient.SspSpCrimeService.LogicalHandler[101]
      End processing HTTP request after 419.425ms - 200
info: System.Net.Http.HttpClient.SspSpCrimeService.ClientHandler[101]
      Received HTTP response headers after 434.9647ms - 200
info: System.Net.Http.HttpClient.SspSpCrimeService.LogicalHandler[101]
      End processing HTTP request after 434.9962ms - 200
info: System.Net.Http.HttpClient.SspSpCrimeService.ClientHandler[101]
      Received HTTP response headers after 463.8502ms - 200
info: System.Net.Http.HttpClient.SspSpCrimeService.LogicalHandler[101]
      End processing HTTP request after 463.8942ms - 200
info: System.Net.Http.HttpClient.SspSpCrimeService.ClientHandler[101]
      Received HTTP response headers after 513.3219ms - 200
info: System.Net.Http.HttpClient.SspSpCrimeService.LogicalHandler[101]
      End processing HTTP request after 513.3512ms - 200
info: System.Net.Http.HttpClient.SspSpCrimeService.ClientHandler[101]
      Received HTTP response headers after 516.7714ms - 200
info: System.Net.Http.HttpClient.SspSpCrimeService.LogicalHandler[101]
      End processing HTTP request after 516.7843ms - 200
info: System.Net.Http.HttpClient.SspSpCrimeService.ClientHandler[101]
      Received HTTP response headers after 519.0032ms - 200
info: System.Net.Http.HttpClient.SspSpCrimeService.LogicalHandler[101]
      End processing HTTP request after 519.0476ms - 200
info: System.Net.Http.HttpClient.SspSpCrimeService.ClientHandler[101]
      Received HTTP response headers after 644.4974ms - 200
info: System.Net.Http.HttpClient.SspSpCrimeService.LogicalHandler[101]
      End processing HTTP request after 644.5436ms - 200
info: System.Net.Http.HttpClient.SspSpCrimeService.ClientHandler[101]
      Received HTTP response headers after 646.4871ms - 200
info: System.Net.Http.HttpClient.SspSpCrimeService.LogicalHandler[101]
      End processing HTTP request after 646.5312ms - 200
info: System.Net.Http.HttpClient.SspSpCrimeService.ClientHandler[101]
      Received HTTP response headers after 668.0895ms - 200
info: System.Net.Http.HttpClient.SspSpCrimeService.LogicalHandler[101]
      End processing HTTP request after 668.1234ms - 200
info: System.Net.Http.HttpClient.SspSpCrimeService.ClientHandler[101]
      Received HTTP response headers after 820.6788ms - 200
info: System.Net.Http.HttpClient.SspSpCrimeService.LogicalHandler[101]
      End processing HTTP request after 820.7223ms - 200
info: System.Net.Http.HttpClient.SspSpCrimeService.ClientHandler[101]
      Received HTTP response headers after 820.7486ms - 200
info: System.Net.Http.HttpClient.SspSpCrimeService.LogicalHandler[101]
      End processing HTTP request after 820.7824ms - 200
info: System.Net.Http.HttpClient.SspSpCrimeService.ClientHandler[101]
      Received HTTP response headers after 836.4631ms - 200
info: System.Net.Http.HttpClient.SspSpCrimeService.LogicalHandler[101]
      End processing HTTP request after 836.4969ms - 200
info: System.Net.Http.HttpClient.SspSpCrimeService.ClientHandler[101]
      Received HTTP response headers after 856.2063ms - 200
info: System.Net.Http.HttpClient.SspSpCrimeService.LogicalHandler[101]
      End processing HTTP request after 856.2324ms - 200
info: System.Net.Http.HttpClient.SspSpCrimeService.ClientHandler[101]
      Received HTTP response headers after 868.7359ms - 200
info: System.Net.Http.HttpClient.SspSpCrimeService.LogicalHandler[101]
      End processing HTTP request after 868.7508ms - 200
info: System.Net.Http.HttpClient.SspSpCrimeService.ClientHandler[101]
      Received HTTP response headers after 946.243ms - 200
info: System.Net.Http.HttpClient.SspSpCrimeService.LogicalHandler[101]
      End processing HTTP request after 946.2975ms - 200
info: System.Net.Http.HttpClient.SspSpCrimeService.ClientHandler[101]
      Received HTTP response headers after 947.5228ms - 200
info: System.Net.Http.HttpClient.SspSpCrimeService.LogicalHandler[101]
      End processing HTTP request after 947.5887ms - 200
info: System.Net.Http.HttpClient.SspSpCrimeService.ClientHandler[101]
      Received HTTP response headers after 989.5925ms - 200
info: System.Net.Http.HttpClient.SspSpCrimeService.LogicalHandler[101]
      End processing HTTP request after 989.6251ms - 200
info: System.Net.Http.HttpClient.SspSpCrimeService.ClientHandler[101]
      Received HTTP response headers after 1054.6619ms - 200
info: System.Net.Http.HttpClient.SspSpCrimeService.LogicalHandler[101]
      End processing HTTP request after 1054.7042ms - 200
info: System.Net.Http.HttpClient.SspSpCrimeService.ClientHandler[101]
      Received HTTP response headers after 1067.9911ms - 200
info: System.Net.Http.HttpClient.SspSpCrimeService.LogicalHandler[101]
      End processing HTTP request after 1068.0345ms - 200
info: System.Net.Http.HttpClient.SspSpCrimeService.ClientHandler[101]
      Received HTTP response headers after 1119.3867ms - 200
info: System.Net.Http.HttpClient.SspSpCrimeService.LogicalHandler[101]
      End processing HTTP request after 1119.4031ms - 200
info: System.Net.Http.HttpClient.SspSpCrimeService.ClientHandler[101]
      Received HTTP response headers after 1158.3211ms - 200
info: System.Net.Http.HttpClient.SspSpCrimeService.LogicalHandler[101]
      End processing HTTP request after 1158.3581ms - 200
info: System.Net.Http.HttpClient.SspSpCrimeService.ClientHandler[101]
      Received HTTP response headers after 1168.224ms - 200
info: System.Net.Http.HttpClient.SspSpCrimeService.LogicalHandler[101]
      End processing HTTP request after 1168.2704ms - 200
info: System.Net.Http.HttpClient.SspSpCrimeService.ClientHandler[101]
      Received HTTP response headers after 1169.4398ms - 200
info: System.Net.Http.HttpClient.SspSpCrimeService.LogicalHandler[101]
      End processing HTTP request after 1169.4932ms - 200
info: System.Net.Http.HttpClient.SspSpCrimeService.ClientHandler[101]
      Received HTTP response headers after 1186.9843ms - 200
info: System.Net.Http.HttpClient.SspSpCrimeService.LogicalHandler[101]
      End processing HTTP request after 1187.0076ms - 200
info: System.Net.Http.HttpClient.SspSpCrimeService.ClientHandler[101]
      Received HTTP response headers after 1335.7601ms - 200
info: System.Net.Http.HttpClient.SspSpCrimeService.LogicalHandler[101]
      End processing HTTP request after 1335.8096ms - 200
info: System.Net.Http.HttpClient.SspSpCrimeService.ClientHandler[101]
      Received HTTP response headers after 1354.3973ms - 200
info: System.Net.Http.HttpClient.SspSpCrimeService.LogicalHandler[101]
      End processing HTTP request after 1354.4324ms - 200
info: System.Net.Http.HttpClient.SspSpCrimeService.ClientHandler[101]
      Received HTTP response headers after 1403.1311ms - 200
info: System.Net.Http.HttpClient.SspSpCrimeService.LogicalHandler[101]
      End processing HTTP request after 1403.1763ms - 200
info: System.Net.Http.HttpClient.SspSpCrimeService.ClientHandler[101]
      Received HTTP response headers after 1405.9664ms - 200
info: System.Net.Http.HttpClient.SspSpCrimeService.LogicalHandler[101]
      End processing HTTP request after 1405.9904ms - 200
info: Microsoft.AspNetCore.Http.Result.OkObjectResult[1]
      Setting HTTP status code 200.
info: Microsoft.AspNetCore.Http.Result.OkObjectResult[3]
      Writing value of type '<>f__AnonymousType17`5' as Json.
info: Microsoft.AspNetCore.Routing.EndpointMiddleware[1]
      Executed endpoint 'HTTP: GET /api/seguranca/distritos-proximos'
info: Microsoft.AspNetCore.Hosting.Diagnostics[2]
      Request finished HTTP/1.1 GET http://localhost:5209/api/seguranca/distritos-proximos?ano=2026&atualizar=true - 200 - application/json;+charset=utf-8 1506.4397ms
